<?xml version="1.0" encoding="UTF-8"?><questestinterop xmlns="http://www.wiley.com/namespaces/wiley/qti" xmlns:ext="http://www.wiley.com/namespaces/wiley/qti/ext" xmlns:mml="http://www.w3.org/1998/Math/MathML" xmlns:wiley="http://www.wiley.com/namespaces/wiley/wiley" xmlns:wileyml="http://www.wiley.com/namespaces/wiley" ext:guid="7f12a743-ffdf-47d6-b3c9-42ecd7717c22" xml:id="fc205806.CCSTSGNetEx.020">
<wileyml:revisionGroup>
<wileyml:revision agent="Lumina" date="2023-10-04" severity="major" type="created"/>
</wileyml:revisionGroup>
<item ext:type="14" ident="item-0001">
<itemmetadata>
<qmd_computerscored>Yes</qmd_computerscored>
<qmd_feedbackpermitted>Yes</qmd_feedbackpermitted>
<qmd_scoringpermitted>Yes</qmd_scoringpermitted>
<qmd_toolvendor>John Wiley and Sons Inc.</qmd_toolvendor>
<qmd_solutionspermitted>Yes</qmd_solutionspermitted>
</itemmetadata>
<presentation>
<wileyml:p>A transmitting host MAC address is not in the MAC table of a switch. What will the switch will do when it receives the frame from the host?</wileyml:p>
<response_lid ident="fc205806.CCSTSGNetEx.020">
<render_choice>
<response_label ident="fc205806.CCSTSGNetEx.020_01">
<wileyml:p>The switch will add the source address and port to the MAC address table and forward the frame to the destination host if known; if not, it will flood the frame.</wileyml:p>
</response_label>
</render_choice>
</response_lid>
</presentation>
<resprocessing>
<outcomes>
<decvar varname="REALSCORE"/>
</outcomes>
<respcondition>
<qticomment>Correct answer</qticomment>
<conditionvar>
<varequal respident="fc205806.CCSTSGNetEx.020">fc205806.CCSTSGNetEx.020_01</varequal>
</conditionvar>
<setvar action="Add" varname="REALSCORE">1</setvar>
</respcondition>
</resprocessing>
</item>
</questestinterop>