<?xml version="1.0" encoding="UTF-8"?>
<assessmentItem xmlns="http://www.imsglobal.org/xsd/imsqti_v2p1" xmlns:xsi="http://www.w3.org/2001/XMLSchema-instance" xsi:schemaLocation="http://www.imsglobal.org/xsd/imsqti_v2p1 http://www.imsglobal.org/xsd/qti/qtiv2p1/imsqti_v2p1p2.xsd" identifier="QUE_187425" title="724896 PHRSPHRFD2E_FC_522" adaptive="false" timeDependent="false">
  <responseDeclaration identifier="RESPONSE" cardinality="single" baseType="identifier">
    <correctResponse>
      <value>ANS1</value>
    </correctResponse>
    <mapping lowerBound="0">
      <mapEntry mapKey="ANS1" mappedValue="1"/>
    </mapping>
  </responseDeclaration>
  <outcomeDeclaration identifier="FEEDBACK" cardinality="single" baseType="identifier"/>
  <outcomeDeclaration identifier="GENERAL_FEEDBACK" baseType="identifier" cardinality="single"/>
  <outcomeDeclaration identifier="SCORE" cardinality="single" baseType="float">
    <defaultValue>
      <value>1</value>
    </defaultValue>
  </outcomeDeclaration>
  <itemBody>
    <choiceInteraction responseIdentifier="RESPONSE" maxChoices="1" shuffle="false">
      <prompt><![CDATA[tax equalization]]></prompt>
      <prompt/>
      <simpleChoice identifier="ANS1"><![CDATA[a policy that makes sure that expatriates’ combined home and host taxes are no more than they would have been paid if they had remained in their home country. The expatriate’s company pays for any additional taxes (also know as tax protection).]]>||</simpleChoice>
      <simpleAssociableChoice matchMax="1" identifier="HINT1"/>
    </choiceInteraction>
  </itemBody>
  <responseProcessing>
    <responseCondition>
      <responseIf>
        <isNull>
          <variable identifier="RESPONSE"/>
        </isNull>
        <setOutcomeValue identifier="SCORE">
          <baseValue baseType="float">1</baseValue>
        </setOutcomeValue>
      </responseIf>
      <responseElse>
        <setOutcomeValue identifier="SCORE">
          <mapResponse identifier="RESPONSE"/>
        </setOutcomeValue>
        <responseCondition>
          <responseIf>
            <match>
              <correct identifier="RESPONSE"/>
              <variable identifier="RESPONSE"/>
            </match>
            <setOutcomeValue identifier="GENERAL_FEEDBACK">
              <baseValue baseType="identifier">CORRECT_FEEDBACK</baseValue>
            </setOutcomeValue>
          </responseIf>
          <responseElse>
            <setOutcomeValue identifier="GENERAL_FEEDBACK">
              <baseValue baseType="identifier">INCORRECT_FEEDBACK</baseValue>
            </setOutcomeValue>
          </responseElse>
        </responseCondition>
      </responseElse>
    </responseCondition>
  </responseProcessing>
  <modalFeedback outcomeIdentifier="GENERAL_FEEDBACK" showHide="show" identifier="CORRECT_FEEDBACK"/>
  <modalFeedback outcomeIdentifier="GENERAL_FEEDBACK" showHide="show" identifier="INCORRECT_FEEDBACK"/>
</assessmentItem>
