<?xml version="1.0" encoding="UTF-8"?><questestinterop xmlns="http://www.wiley.com/namespaces/wiley/qti" xmlns:ext="http://www.wiley.com/namespaces/wiley/qti/ext" xmlns:mml="http://www.w3.org/1998/Math/MathML" xmlns:wiley="http://www.wiley.com/namespaces/wiley/wiley" xmlns:wileyml="http://www.wiley.com/namespaces/wiley" ext:guid="0b02f88c-9c94-4806-97f2-7fdb045bc030" xml:id="fc214694.vSph67SG.61">
<wileyml:revisionGroup>
<wileyml:revision agent="Wiley" date="2020-07-21" severity="major" type="created"/>
</wileyml:revisionGroup>
<item ext:type="14" ident="item-0001">
<itemmetadata>
<qmd_computerscored>Yes</qmd_computerscored>
<qmd_feedbackpermitted>Yes</qmd_feedbackpermitted>
<qmd_scoringpermitted>Yes</qmd_scoringpermitted>
<qmd_toolvendor>John Wiley and Sons Inc.</qmd_toolvendor>
<qmd_solutionspermitted>Yes</qmd_solutionspermitted>
</itemmetadata>
<presentation>
<wileyml:p>What command will adjust the LUN queue depth?</wileyml:p>
<response_lid ident="fc214694.vSph67SG.61">
<render_choice>
<response_label ident="fc214694.vSph67SG.61_01">
<wileyml:p>
<wileyml:span semantics="computerUserInput">esxcli system module parameters set -p parameter=value -m <wileyml:i>module</wileyml:i></wileyml:span>, where <wileyml:span semantics="computerUserInput"><wileyml:i>module</wileyml:i></wileyml:span> is the name of the SCSI driver</wileyml:p>
</response_label>
</render_choice>
</response_lid>
</presentation>
<resprocessing>
<outcomes>
<decvar varname="REALSCORE"/>
</outcomes>
<respcondition>
<qticomment>Correct answer</qticomment>
<conditionvar>
<varequal respident="fc214694.vSph67SG.61">fc214694.vSph67SG.61_01</varequal>
</conditionvar>
<setvar action="Add" varname="REALSCORE">1</setvar>
</respcondition>
</resprocessing>
</item>
</questestinterop>