<?xml version="1.0" encoding="UTF-8"?><questestinterop xmlns="http://www.wiley.com/namespaces/wiley/qti" xmlns:ext="http://www.wiley.com/namespaces/wiley/qti/ext" xmlns:mml="http://www.w3.org/1998/Math/MathML" xmlns:wiley="http://www.wiley.com/namespaces/wiley/wiley" xmlns:wileyml="http://www.wiley.com/namespaces/wiley" ext:guid="4d8b0e20-b702-4aa0-b512-8c250dd3fcff" xml:id="fc810865.CloudPlSG3E.028">
<wileyml:revisionGroup>
<wileyml:revision agent="Lumina" date="2021-07-26" severity="major" type="created"/>
</wileyml:revisionGroup>
<item ext:type="14" ident="item-0001">
<itemmetadata>
<qmd_computerscored>Yes</qmd_computerscored>
<qmd_feedbackpermitted>Yes</qmd_feedbackpermitted>
<qmd_scoringpermitted>Yes</qmd_scoringpermitted>
<qmd_toolvendor>John Wiley and Sons Inc.</qmd_toolvendor>
<qmd_solutionspermitted>Yes</qmd_solutionspermitted>
</itemmetadata>
<presentation>
<wileyml:p>Zander is a database administrator for your private cloud operations. He is planning on attending a user conference in Austin, Texas, but wants to be able to connect to the database from his hotel in case an emergency arises. As a security consultant, which security system would you set up for his VPN?</wileyml:p>
<response_lid ident="fc810865.CloudPlSG3E.028">
<render_choice>
<response_label ident="fc810865.CloudPlSG3E.028_01">
<wileyml:p>IPsec</wileyml:p>
</response_label>
</render_choice>
</response_lid>
</presentation>
<resprocessing>
<outcomes>
<decvar varname="REALSCORE"/>
</outcomes>
<respcondition>
<qticomment>Correct answer</qticomment>
<conditionvar>
<varequal respident="fc810865.CloudPlSG3E.028">fc810865.CloudPlSG3E.028_01</varequal>
</conditionvar>
<setvar action="Add" varname="REALSCORE">1</setvar>
</respcondition>
</resprocessing>
</item>
</questestinterop>