<?xml version="1.0" encoding="UTF-8"?><questestinterop xmlns="http://www.wiley.com/namespaces/wiley/qti" xmlns:ext="http://www.wiley.com/namespaces/wiley/qti/ext" xmlns:mml="http://www.w3.org/1998/Math/MathML" xmlns:wiley="http://www.wiley.com/namespaces/wiley/wiley" xmlns:wileyml="http://www.wiley.com/namespaces/wiley" ext:guid="3ac384d5-0cab-41da-98c3-1de7b0b04f48" xml:id="fc810865.CloudPlSG3E.066">
<wileyml:revisionGroup>
<wileyml:revision agent="Lumina" date="2021-07-26" severity="major" type="created"/>
</wileyml:revisionGroup>
<item ext:type="14" ident="item-0001">
<itemmetadata>
<qmd_computerscored>Yes</qmd_computerscored>
<qmd_feedbackpermitted>Yes</qmd_feedbackpermitted>
<qmd_scoringpermitted>Yes</qmd_scoringpermitted>
<qmd_toolvendor>John Wiley and Sons Inc.</qmd_toolvendor>
<qmd_solutionspermitted>Yes</qmd_solutionspermitted>
</itemmetadata>
<presentation>
<wileyml:p>Tom’s SQL database backend runs on a multi‐CPU instance that often reaches 100 percent utilization. The database can operate on only a single server. What scalability model can he implement?</wileyml:p>
<response_lid ident="fc810865.CloudPlSG3E.066">
<render_choice>
<response_label ident="fc810865.CloudPlSG3E.066_01">
<wileyml:p>Vertical</wileyml:p>
</response_label>
</render_choice>
</response_lid>
</presentation>
<resprocessing>
<outcomes>
<decvar varname="REALSCORE"/>
</outcomes>
<respcondition>
<qticomment>Correct answer</qticomment>
<conditionvar>
<varequal respident="fc810865.CloudPlSG3E.066">fc810865.CloudPlSG3E.066_01</varequal>
</conditionvar>
<setvar action="Add" varname="REALSCORE">1</setvar>
</respcondition>
</resprocessing>
</item>
</questestinterop>