<?xml version="1.0" encoding="UTF-8"?><questestinterop xmlns="http://www.wiley.com/namespaces/wiley/qti" xmlns:ext="http://www.wiley.com/namespaces/wiley/qti/ext" xmlns:mml="http://www.w3.org/1998/Math/MathML" xmlns:wiley="http://www.wiley.com/namespaces/wiley/wiley" xmlns:wileyml="http://www.wiley.com/namespaces/wiley" ext:guid="b233bb3f-a39a-4fe6-8847-4c80ce6a46d4" xml:id="fc810865.CloudPlSG3E.099">
<wileyml:revisionGroup>
<wileyml:revision agent="Lumina" date="2021-07-26" severity="major" type="created"/>
</wileyml:revisionGroup>
<item ext:type="14" ident="item-0001">
<itemmetadata>
<qmd_computerscored>Yes</qmd_computerscored>
<qmd_feedbackpermitted>Yes</qmd_feedbackpermitted>
<qmd_scoringpermitted>Yes</qmd_scoringpermitted>
<qmd_toolvendor>John Wiley and Sons Inc.</qmd_toolvendor>
<qmd_solutionspermitted>Yes</qmd_solutionspermitted>
</itemmetadata>
<presentation>
<wileyml:p>After deploying a new public website, your validation steps ask you to check the domain name to IP address mappings. What Linux and Windows commands can be used for validation?</wileyml:p>
<response_lid ident="fc810865.CloudPlSG3E.099">
<render_choice>
<response_label ident="fc810865.CloudPlSG3E.099_01">
<wileyml:p><wileyml:span semantics="computerUserInput">dig</wileyml:span> and <wileyml:span semantics="computerUserInput">nslookup</wileyml:span></wileyml:p>
</response_label>
</render_choice>
</response_lid>
</presentation>
<resprocessing>
<outcomes>
<decvar varname="REALSCORE"/>
</outcomes>
<respcondition>
<qticomment>Correct answer</qticomment>
<conditionvar>
<varequal respident="fc810865.CloudPlSG3E.099">fc810865.CloudPlSG3E.099_01</varequal>
</conditionvar>
<setvar action="Add" varname="REALSCORE">1</setvar>
</respcondition>
</resprocessing>
</item>
</questestinterop>