<?xml version="1.0" encoding="UTF-8"?><questestinterop xmlns="http://www.wiley.com/namespaces/wiley/qti" xmlns:ext="http://www.wiley.com/namespaces/wiley/qti/ext" xmlns:mml="http://www.w3.org/1998/Math/MathML" xmlns:wiley="http://www.wiley.com/namespaces/wiley/wiley" xmlns:wileyml="http://www.wiley.com/namespaces/wiley" ext:guid="0033b9c9-a4b2-458c-9430-b30dff4ef118" xml:id="fc810865.CloudPlSG3E.029">
<wileyml:revisionGroup>
<wileyml:revision agent="Lumina" date="2021-07-26" severity="major" type="created"/>
</wileyml:revisionGroup>
<item ext:type="14" ident="item-0001">
<itemmetadata>
<qmd_computerscored>Yes</qmd_computerscored>
<qmd_feedbackpermitted>Yes</qmd_feedbackpermitted>
<qmd_scoringpermitted>Yes</qmd_scoringpermitted>
<qmd_toolvendor>John Wiley and Sons Inc.</qmd_toolvendor>
<qmd_solutionspermitted>Yes</qmd_solutionspermitted>
</itemmetadata>
<presentation>
<wileyml:p>BigCo has issued key fobs that have a small display that presents a numerical code that changes every two minutes. After you enter your username and password, you are then required to enter the currently displayed number. What type of authentication is this?</wileyml:p>
<response_lid ident="fc810865.CloudPlSG3E.029">
<render_choice>
<response_label ident="fc810865.CloudPlSG3E.029_01">
<wileyml:p>Two‐factor (or multifactor) authentication</wileyml:p>
</response_label>
</render_choice>
</response_lid>
</presentation>
<resprocessing>
<outcomes>
<decvar varname="REALSCORE"/>
</outcomes>
<respcondition>
<qticomment>Correct answer</qticomment>
<conditionvar>
<varequal respident="fc810865.CloudPlSG3E.029">fc810865.CloudPlSG3E.029_01</varequal>
</conditionvar>
<setvar action="Add" varname="REALSCORE">1</setvar>
</respcondition>
</resprocessing>
</item>
</questestinterop>