<?xml version="1.0" encoding="UTF-8"?><questestinterop xmlns="http://www.wiley.com/namespaces/wiley/qti" xmlns:ext="http://www.wiley.com/namespaces/wiley/qti/ext" xmlns:mml="http://www.w3.org/1998/Math/MathML" xmlns:wiley="http://www.wiley.com/namespaces/wiley/wiley" xmlns:wileyml="http://www.wiley.com/namespaces/wiley" ext:guid="ca785406-85fc-4419-99dd-4ba022636c05" xml:id="fc810865.CloudPlSG3E.062">
<wileyml:revisionGroup>
<wileyml:revision agent="Lumina" date="2021-07-26" severity="major" type="created"/>
</wileyml:revisionGroup>
<item ext:type="14" ident="item-0001">
<itemmetadata>
<qmd_computerscored>Yes</qmd_computerscored>
<qmd_feedbackpermitted>Yes</qmd_feedbackpermitted>
<qmd_scoringpermitted>Yes</qmd_scoringpermitted>
<qmd_toolvendor>John Wiley and Sons Inc.</qmd_toolvendor>
<qmd_solutionspermitted>Yes</qmd_solutionspermitted>
</itemmetadata>
<presentation>
<wileyml:p>Lynn is documenting the maintenance responsibilities between her company and its public cloud provider. She notices that the cloud provider takes responsibility for all operating system updates and patches, and she needs to assume responsibility for the applications and services running on the operating system. Under what type of service delivery model is she operating?</wileyml:p>
<response_lid ident="fc810865.CloudPlSG3E.062">
<render_choice>
<response_label ident="fc810865.CloudPlSG3E.062_01">
<wileyml:p>PaaS</wileyml:p>
</response_label>
</render_choice>
</response_lid>
</presentation>
<resprocessing>
<outcomes>
<decvar varname="REALSCORE"/>
</outcomes>
<respcondition>
<qticomment>Correct answer</qticomment>
<conditionvar>
<varequal respident="fc810865.CloudPlSG3E.062">fc810865.CloudPlSG3E.062_01</varequal>
</conditionvar>
<setvar action="Add" varname="REALSCORE">1</setvar>
</respcondition>
</resprocessing>
</item>
</questestinterop>