<?xml version="1.0" encoding="UTF-8"?><questestinterop xmlns="http://www.wiley.com/namespaces/wiley/qti" xmlns:ext="http://www.wiley.com/namespaces/wiley/qti/ext" xmlns:mml="http://www.w3.org/1998/Math/MathML" xmlns:wiley="http://www.wiley.com/namespaces/wiley/wiley" xmlns:wileyml="http://www.wiley.com/namespaces/wiley" ext:guid="184fa2ab-c1bf-457d-a281-55c3262973d7" xml:id="fc584704.JaSE11PrgISG.f1.065">
<wileyml:revisionGroup>
<wileyml:revision agent="Wiley" date="2020-05-14" severity="major" type="created"/>
</wileyml:revisionGroup>
<item ext:type="14" ident="item-0001">
<itemmetadata>
<qmd_computerscored>Yes</qmd_computerscored>
<qmd_feedbackpermitted>Yes</qmd_feedbackpermitted>
<qmd_scoringpermitted>Yes</qmd_scoringpermitted>
<qmd_toolvendor>John Wiley and Sons Inc.</qmd_toolvendor>
<qmd_solutionspermitted>Yes</qmd_solutionspermitted>
</itemmetadata>
<presentation>
<wileyml:p>Which characters in this statement are optional? <wileyml:span semantics="computerUserInput">(a) -&gt; { return true; }</wileyml:span></wileyml:p>
<response_lid ident="fc584704.JaSE11PrgISG.f1.065">
<render_choice>
<response_label ident="fc584704.JaSE11PrgISG.f1.065_01">
<wileyml:p>The parentheses, braces, <wileyml:span semantics="computerUserInput">return</wileyml:span> statement, and semicolon. It could have been <wileyml:span semantics="computerUserInput">a-&gt;true</wileyml:span>.</wileyml:p>
</response_label>
</render_choice>
</response_lid>
</presentation>
<resprocessing>
<outcomes>
<decvar varname="REALSCORE"/>
</outcomes>
<respcondition>
<qticomment>Correct answer</qticomment>
<conditionvar>
<varequal respident="fc584704.JaSE11PrgISG.f1.065">fc584704.JaSE11PrgISG.f1.065_01</varequal>
</conditionvar>
<setvar action="Add" varname="REALSCORE">1</setvar>
</respcondition>
</resprocessing>
</item>
</questestinterop>