<?xml version="1.0" encoding="UTF-8"?><questestinterop xmlns="http://www.wiley.com/namespaces/wiley/qti" xmlns:ext="http://www.wiley.com/namespaces/wiley/qti/ext" xmlns:mml="http://www.w3.org/1998/Math/MathML" xmlns:wiley="http://www.wiley.com/namespaces/wiley/wiley" xmlns:wileyml="http://www.wiley.com/namespaces/wiley" ext:guid="0bcd94c5-a5b6-4528-b0e4-dcfb4ec050e3" xml:id="fc584704.JaSE11PrgISG.f1.003">
<wileyml:revisionGroup>
<wileyml:revision agent="Wiley" date="2020-05-14" severity="major" type="created"/>
</wileyml:revisionGroup>
<item ext:type="14" ident="item-0001">
<itemmetadata>
<qmd_computerscored>Yes</qmd_computerscored>
<qmd_feedbackpermitted>Yes</qmd_feedbackpermitted>
<qmd_scoringpermitted>Yes</qmd_scoringpermitted>
<qmd_toolvendor>John Wiley and Sons Inc.</qmd_toolvendor>
<qmd_solutionspermitted>Yes</qmd_solutionspermitted>
</itemmetadata>
<presentation>
<wileyml:p>True or false? The first line of every constructor is a call to the parent constructor via the <wileyml:span semantics="computerUserInput">super()</wileyml:span> command.</wileyml:p>
<response_lid ident="fc584704.JaSE11PrgISG.f1.003">
<render_choice>
<response_label ident="fc584704.JaSE11PrgISG.f1.003_01">
<wileyml:p>False. A method may instead call <wileyml:span semantics="computerUserInput">this()</wileyml:span> as the first line of the constructor instead of <wileyml:span semantics="computerUserInput">super()</wileyml:span>, although it will eventually resolve to a constructor that calls <wileyml:span semantics="computerUserInput">super()</wileyml:span> as its first line.</wileyml:p>
</response_label>
</render_choice>
</response_lid>
</presentation>
<resprocessing>
<outcomes>
<decvar varname="REALSCORE"/>
</outcomes>
<respcondition>
<qticomment>Correct answer</qticomment>
<conditionvar>
<varequal respident="fc584704.JaSE11PrgISG.f1.003">fc584704.JaSE11PrgISG.f1.003_01</varequal>
</conditionvar>
<setvar action="Add" varname="REALSCORE">1</setvar>
</respcondition>
</resprocessing>
</item>
</questestinterop>