<?xml version="1.0" encoding="UTF-8"?><questestinterop xmlns="http://www.wiley.com/namespaces/wiley/qti" xmlns:ext="http://www.wiley.com/namespaces/wiley/qti/ext" xmlns:mml="http://www.w3.org/1998/Math/MathML" xmlns:wiley="http://www.wiley.com/namespaces/wiley/wiley" xmlns:wileyml="http://www.wiley.com/namespaces/wiley" ext:guid="afa75847-b5ad-48df-8068-edad6d326137" xml:id="fc584704.JaSE11PrgISG.f1.056">
<wileyml:revisionGroup>
<wileyml:revision agent="Wiley" date="2020-05-14" severity="major" type="created"/>
</wileyml:revisionGroup>
<item ext:type="14" ident="item-0001">
<itemmetadata>
<qmd_computerscored>Yes</qmd_computerscored>
<qmd_feedbackpermitted>Yes</qmd_feedbackpermitted>
<qmd_scoringpermitted>Yes</qmd_scoringpermitted>
<qmd_toolvendor>John Wiley and Sons Inc.</qmd_toolvendor>
<qmd_solutionspermitted>Yes</qmd_solutionspermitted>
</itemmetadata>
<presentation>
<wileyml:p>Which of the following <wileyml:span semantics="computerUserInput">StringBuilder</wileyml:span> methods can be chained? <wileyml:span semantics="computerUserInput">append()</wileyml:span>, <wileyml:span semantics="computerUserInput">delete()</wileyml:span>, <wileyml:span semantics="computerUserInput">insert()</wileyml:span>, <wileyml:span semantics="computerUserInput">reverse()</wileyml:span>, <wileyml:span semantics="computerUserInput">substring()</wileyml:span>, <wileyml:span semantics="computerUserInput">toString()</wileyml:span></wileyml:p>
<response_lid ident="fc584704.JaSE11PrgISG.f1.056">
<render_choice>
<response_label ident="fc584704.JaSE11PrgISG.f1.056_01">
<wileyml:p><wileyml:span semantics="computerUserInput">append()</wileyml:span>, <wileyml:span semantics="computerUserInput">delete()</wileyml:span>, <wileyml:span semantics="computerUserInput">insert()</wileyml:span> and <wileyml:span semantics="computerUserInput">reverse()</wileyml:span> can be chained because they return a <wileyml:span semantics="computerUserInput">StringBuilder</wileyml:span>. The other two return a String.</wileyml:p>
</response_label>
</render_choice>
</response_lid>
</presentation>
<resprocessing>
<outcomes>
<decvar varname="REALSCORE"/>
</outcomes>
<respcondition>
<qticomment>Correct answer</qticomment>
<conditionvar>
<varequal respident="fc584704.JaSE11PrgISG.f1.056">fc584704.JaSE11PrgISG.f1.056_01</varequal>
</conditionvar>
<setvar action="Add" varname="REALSCORE">1</setvar>
</respcondition>
</resprocessing>
</item>
</questestinterop>