<?xml version="1.0" encoding="UTF-8"?><questestinterop xmlns="http://www.wiley.com/namespaces/wiley/qti" xmlns:ext="http://www.wiley.com/namespaces/wiley/qti/ext" xmlns:mml="http://www.w3.org/1998/Math/MathML" xmlns:wiley="http://www.wiley.com/namespaces/wiley/wiley" xmlns:wileyml="http://www.wiley.com/namespaces/wiley" ext:guid="3aef9e76-23f6-4774-aab1-2c21db96c144" xml:id="fc584704.JaSE11PrgISG.f1.010">
<wileyml:revisionGroup>
<wileyml:revision agent="Wiley" date="2020-05-14" severity="major" type="created"/>
</wileyml:revisionGroup>
<item ext:type="14" ident="item-0001">
<itemmetadata>
<qmd_computerscored>Yes</qmd_computerscored>
<qmd_feedbackpermitted>Yes</qmd_feedbackpermitted>
<qmd_scoringpermitted>Yes</qmd_scoringpermitted>
<qmd_toolvendor>John Wiley and Sons Inc.</qmd_toolvendor>
<qmd_solutionspermitted>Yes</qmd_solutionspermitted>
</itemmetadata>
<presentation>
<wileyml:p>Which of the following variables can <wileyml:span semantics="computerUserInput">null</wileyml:span> be assigned to? <wileyml:span semantics="computerUserInput">String s</wileyml:span>; <wileyml:span semantics="computerUserInput">Object o</wileyml:span>; <wileyml:span semantics="computerUserInput">int num</wileyml:span>; <wileyml:span semantics="computerUserInput">boolean b</wileyml:span></wileyml:p>
<response_lid ident="fc584704.JaSE11PrgISG.f1.010">
<render_choice>
<response_label ident="fc584704.JaSE11PrgISG.f1.010_01">
<wileyml:p><wileyml:span semantics="computerUserInput">String s</wileyml:span> and <wileyml:span semantics="computerUserInput">Object o</wileyml:span> can be assigned <wileyml:span semantics="computerUserInput">null</wileyml:span> because they are objects. <wileyml:span semantics="computerUserInput">int</wileyml:span> and <wileyml:span semantics="computerUserInput">boolean</wileyml:span> are primitives and so cannot be assigned <wileyml:span semantics="computerUserInput">null</wileyml:span>.</wileyml:p>
</response_label>
</render_choice>
</response_lid>
</presentation>
<resprocessing>
<outcomes>
<decvar varname="REALSCORE"/>
</outcomes>
<respcondition>
<qticomment>Correct answer</qticomment>
<conditionvar>
<varequal respident="fc584704.JaSE11PrgISG.f1.010">fc584704.JaSE11PrgISG.f1.010_01</varequal>
</conditionvar>
<setvar action="Add" varname="REALSCORE">1</setvar>
</respcondition>
</resprocessing>
</item>
</questestinterop>