<?xml version="1.0" encoding="UTF-8"?><questestinterop xmlns="http://www.wiley.com/namespaces/wiley/qti" xmlns:ext="http://www.wiley.com/namespaces/wiley/qti/ext" xmlns:mml="http://www.w3.org/1998/Math/MathML" xmlns:wiley="http://www.wiley.com/namespaces/wiley/wiley" xmlns:wileyml="http://www.wiley.com/namespaces/wiley" ext:guid="63d52d3b-1302-4ba5-864d-4a809f293c99" xml:id="fc584704.JaSE11PrgISG.f1.032">
<wileyml:revisionGroup>
<wileyml:revision agent="Wiley" date="2020-05-14" severity="major" type="created"/>
</wileyml:revisionGroup>
<item ext:type="14" ident="item-0001">
<itemmetadata>
<qmd_computerscored>Yes</qmd_computerscored>
<qmd_feedbackpermitted>Yes</qmd_feedbackpermitted>
<qmd_scoringpermitted>Yes</qmd_scoringpermitted>
<qmd_toolvendor>John Wiley and Sons Inc.</qmd_toolvendor>
<qmd_solutionspermitted>Yes</qmd_solutionspermitted>
</itemmetadata>
<presentation>
<wileyml:p>Name the eight Java primitive types and indicate which are integer types, which are floating‐point types, and which are neither, in increasing order of size.</wileyml:p>
<response_lid ident="fc584704.JaSE11PrgISG.f1.032">
<render_choice>
<response_label ident="fc584704.JaSE11PrgISG.f1.032_01">
<wileyml:p>In increasing order of size for each group: <wileyml:span semantics="computerUserInput">byte</wileyml:span>, <wileyml:span semantics="computerUserInput">short</wileyml:span>, <wileyml:span semantics="computerUserInput">char</wileyml:span>, <wileyml:span semantics="computerUserInput">int</wileyml:span>, and <wileyml:span semantics="computerUserInput">long</wileyml:span> are integer types; <wileyml:span semantics="computerUserInput">float</wileyml:span> and <wileyml:span semantics="computerUserInput">double</wileyml:span> are floating‐point types; and <wileyml:span semantics="computerUserInput">boolean</wileyml:span> is neither.</wileyml:p>
</response_label>
</render_choice>
</response_lid>
</presentation>
<resprocessing>
<outcomes>
<decvar varname="REALSCORE"/>
</outcomes>
<respcondition>
<qticomment>Correct answer</qticomment>
<conditionvar>
<varequal respident="fc584704.JaSE11PrgISG.f1.032">fc584704.JaSE11PrgISG.f1.032_01</varequal>
</conditionvar>
<setvar action="Add" varname="REALSCORE">1</setvar>
</respcondition>
</resprocessing>
</item>
</questestinterop>