<?xml version="1.0" encoding="UTF-8"?><questestinterop xmlns="http://www.wiley.com/namespaces/wiley/qti" xmlns:ext="http://www.wiley.com/namespaces/wiley/qti/ext" xmlns:mml="http://www.w3.org/1998/Math/MathML" xmlns:wiley="http://www.wiley.com/namespaces/wiley/wiley" xmlns:wileyml="http://www.wiley.com/namespaces/wiley" ext:guid="45f6365e-c46d-4e3d-9f99-30f91fb3be7b" xml:id="fc584704.JaSE11PrgISG.f1.043">
<wileyml:revisionGroup>
<wileyml:revision agent="Wiley" date="2020-05-14" severity="major" type="created"/>
</wileyml:revisionGroup>
<item ext:type="14" ident="item-0001">
<itemmetadata>
<qmd_computerscored>Yes</qmd_computerscored>
<qmd_feedbackpermitted>Yes</qmd_feedbackpermitted>
<qmd_scoringpermitted>Yes</qmd_scoringpermitted>
<qmd_toolvendor>John Wiley and Sons Inc.</qmd_toolvendor>
<qmd_solutionspermitted>Yes</qmd_solutionspermitted>
</itemmetadata>
<presentation>
<wileyml:p>Which of the following requires an explicit cast to be assigned to a <wileyml:span semantics="computerUserInput">short</wileyml:span> value? <wileyml:span semantics="computerUserInput">int</wileyml:span>, <wileyml:span semantics="computerUserInput">byte</wileyml:span>, <wileyml:span semantics="computerUserInput">float</wileyml:span>, <wileyml:span semantics="computerUserInput">bit</wileyml:span></wileyml:p>
<response_lid ident="fc584704.JaSE11PrgISG.f1.043">
<render_choice>
<response_label ident="fc584704.JaSE11PrgISG.f1.043_01">
<wileyml:p><wileyml:span semantics="computerUserInput">int</wileyml:span> and <wileyml:span semantics="computerUserInput">float</wileyml:span> require an explicit cast, while <wileyml:span semantics="computerUserInput">byte</wileyml:span> does not. Note <wileyml:span semantics="computerUserInput">bit</wileyml:span> is not a primitive type in Java.</wileyml:p>
</response_label>
</render_choice>
</response_lid>
</presentation>
<resprocessing>
<outcomes>
<decvar varname="REALSCORE"/>
</outcomes>
<respcondition>
<qticomment>Correct answer</qticomment>
<conditionvar>
<varequal respident="fc584704.JaSE11PrgISG.f1.043">fc584704.JaSE11PrgISG.f1.043_01</varequal>
</conditionvar>
<setvar action="Add" varname="REALSCORE">1</setvar>
</respcondition>
</resprocessing>
</item>
</questestinterop>