<?xml version="1.0" encoding="UTF-8"?><questestinterop xmlns="http://www.wiley.com/namespaces/wiley/qti" xmlns:ext="http://www.wiley.com/namespaces/wiley/qti/ext" xmlns:mml="http://www.w3.org/1998/Math/MathML" xmlns:wiley="http://www.wiley.com/namespaces/wiley/wiley" xmlns:wileyml="http://www.wiley.com/namespaces/wiley" ext:guid="5f4a6956-2c4b-4520-b84c-8e80e4a2a9b8" xml:id="fc584704.JaSE11PrgISG.f1.057">
<wileyml:revisionGroup>
<wileyml:revision agent="Wiley" date="2020-05-14" severity="major" type="created"/>
</wileyml:revisionGroup>
<item ext:type="14" ident="item-0001">
<itemmetadata>
<qmd_computerscored>Yes</qmd_computerscored>
<qmd_feedbackpermitted>Yes</qmd_feedbackpermitted>
<qmd_scoringpermitted>Yes</qmd_scoringpermitted>
<qmd_toolvendor>John Wiley and Sons Inc.</qmd_toolvendor>
<qmd_solutionspermitted>Yes</qmd_solutionspermitted>
</itemmetadata>
<presentation>
<wileyml:p>What is in the StringBuilder created by <wileyml:span semantics="computerUserInput">System.out.println(new StringBuilder("surprise").insert(3, "!!").replace(1, 3, "-"));</wileyml:span>?</wileyml:p>
<response_lid ident="fc584704.JaSE11PrgISG.f1.057">
<render_choice>
<response_label ident="fc584704.JaSE11PrgISG.f1.057_01">
<wileyml:p><wileyml:span semantics="computerUserInput">s-!!prise</wileyml:span></wileyml:p>
</response_label>
</render_choice>
</response_lid>
</presentation>
<resprocessing>
<outcomes>
<decvar varname="REALSCORE"/>
</outcomes>
<respcondition>
<qticomment>Correct answer</qticomment>
<conditionvar>
<varequal respident="fc584704.JaSE11PrgISG.f1.057">fc584704.JaSE11PrgISG.f1.057_01</varequal>
</conditionvar>
<setvar action="Add" varname="REALSCORE">1</setvar>
</respcondition>
</resprocessing>
</item>
</questestinterop>