<?xml version="1.0" encoding="UTF-8"?><questestinterop xmlns="http://www.wiley.com/namespaces/wiley/qti" xmlns:ext="http://www.wiley.com/namespaces/wiley/qti/ext" xmlns:mml="http://www.w3.org/1998/Math/MathML" xmlns:wiley="http://www.wiley.com/namespaces/wiley/wiley" xmlns:wileyml="http://www.wiley.com/namespaces/wiley" ext:guid="c715b8c9-18ce-445c-93f1-7a6b5e68e078" xml:id="fc584704.JaSE11PrgISG.f1.004">
<wileyml:revisionGroup>
<wileyml:revision agent="Wiley" date="2020-05-14" severity="major" type="created"/>
</wileyml:revisionGroup>
<item ext:type="14" ident="item-0001">
<itemmetadata>
<qmd_computerscored>Yes</qmd_computerscored>
<qmd_feedbackpermitted>Yes</qmd_feedbackpermitted>
<qmd_scoringpermitted>Yes</qmd_scoringpermitted>
<qmd_toolvendor>John Wiley and Sons Inc.</qmd_toolvendor>
<qmd_solutionspermitted>Yes</qmd_solutionspermitted>
</itemmetadata>
<presentation>
<wileyml:p>What is the difference between <wileyml:span semantics="computerUserInput">super()</wileyml:span> and <wileyml:span semantics="computerUserInput">super</wileyml:span>?</wileyml:p>
<response_lid ident="fc584704.JaSE11PrgISG.f1.004">
<render_choice>
<response_label ident="fc584704.JaSE11PrgISG.f1.004_01">
<wileyml:p>The <wileyml:span semantics="computerUserInput">super()</wileyml:span> command calls the constructor of the parent class and is used in the first line of every child constructor, whereas <wileyml:span semantics="computerUserInput">super</wileyml:span> is a keyword used to reference a member of the parent class.</wileyml:p>
</response_label>
</render_choice>
</response_lid>
</presentation>
<resprocessing>
<outcomes>
<decvar varname="REALSCORE"/>
</outcomes>
<respcondition>
<qticomment>Correct answer</qticomment>
<conditionvar>
<varequal respident="fc584704.JaSE11PrgISG.f1.004">fc584704.JaSE11PrgISG.f1.004_01</varequal>
</conditionvar>
<setvar action="Add" varname="REALSCORE">1</setvar>
</respcondition>
</resprocessing>
</item>
</questestinterop>