<?xml version="1.0" encoding="UTF-8"?><questestinterop xmlns="http://www.wiley.com/namespaces/wiley/qti" xmlns:ext="http://www.wiley.com/namespaces/wiley/qti/ext" xmlns:mml="http://www.w3.org/1998/Math/MathML" xmlns:wiley="http://www.wiley.com/namespaces/wiley/wiley" xmlns:wileyml="http://www.wiley.com/namespaces/wiley" ext:guid="555d73fb-98dd-4171-874e-7ae970fd9618" xml:id="fc584704.JaSE11PrgISG.f1.061">
<wileyml:revisionGroup>
<wileyml:revision agent="Wiley" date="2020-05-14" severity="major" type="created"/>
</wileyml:revisionGroup>
<item ext:type="14" ident="item-0001">
<itemmetadata>
<qmd_computerscored>Yes</qmd_computerscored>
<qmd_feedbackpermitted>Yes</qmd_feedbackpermitted>
<qmd_scoringpermitted>Yes</qmd_scoringpermitted>
<qmd_toolvendor>John Wiley and Sons Inc.</qmd_toolvendor>
<qmd_solutionspermitted>Yes</qmd_solutionspermitted>
</itemmetadata>
<presentation>
<wileyml:p>Write a line of code to print both the first and last index of this array: <wileyml:span semantics="computerUserInput">boolean[] b = {true, false};</wileyml:span></wileyml:p>
<response_lid ident="fc584704.JaSE11PrgISG.f1.061">
<render_choice>
<response_label ident="fc584704.JaSE11PrgISG.f1.061_01">
<wileyml:p><wileyml:span semantics="computerUserInput">System.out.println(b[0] + " " + b[b.length - 1]);</wileyml:span> or <wileyml:span semantics="computerUserInput">System.out.println(b[0] + " " + b[1]);</wileyml:span></wileyml:p>
</response_label>
</render_choice>
</response_lid>
</presentation>
<resprocessing>
<outcomes>
<decvar varname="REALSCORE"/>
</outcomes>
<respcondition>
<qticomment>Correct answer</qticomment>
<conditionvar>
<varequal respident="fc584704.JaSE11PrgISG.f1.061">fc584704.JaSE11PrgISG.f1.061_01</varequal>
</conditionvar>
<setvar action="Add" varname="REALSCORE">1</setvar>
</respcondition>
</resprocessing>
</item>
</questestinterop>