<?xml version="1.0" encoding="UTF-8"?><questestinterop xmlns="http://www.wiley.com/namespaces/wiley/qti" xmlns:ext="http://www.wiley.com/namespaces/wiley/qti/ext" xmlns:mml="http://www.w3.org/1998/Math/MathML" xmlns:wiley="http://www.wiley.com/namespaces/wiley/wiley" xmlns:wileyml="http://www.wiley.com/namespaces/wiley" ext:guid="85147451-ec8e-4ffd-9c3f-5c435f90e293" xml:id="fc584704.JaSE11PrgISG.f1.001">
<wileyml:revisionGroup>
<wileyml:revision agent="Wiley" date="2020-05-14" severity="major" type="created"/>
</wileyml:revisionGroup>
<item ext:type="14" ident="item-0001">
<itemmetadata>
<qmd_computerscored>Yes</qmd_computerscored>
<qmd_feedbackpermitted>Yes</qmd_feedbackpermitted>
<qmd_scoringpermitted>Yes</qmd_scoringpermitted>
<qmd_toolvendor>John Wiley and Sons Inc.</qmd_toolvendor>
<qmd_solutionspermitted>Yes</qmd_solutionspermitted>
</itemmetadata>
<presentation>
<wileyml:p>How do you negate a <wileyml:span semantics="computerUserInput">boolean</wileyml:span> value?</wileyml:p>
<response_lid ident="fc584704.JaSE11PrgISG.f1.001">
<render_choice>
<response_label ident="fc584704.JaSE11PrgISG.f1.001_01">
<wileyml:p>You cannot negate a <wileyml:span semantics="computerUserInput">boolean</wileyml:span> value, at least not numerically using the minus operator, <wileyml:span semantics="computerUserInput">-</wileyml:span>. You can invert the <wileyml:span semantics="computerUserInput">boolean</wileyml:span> value using the logical complement operator.</wileyml:p>
</response_label>
</render_choice>
</response_lid>
</presentation>
<resprocessing>
<outcomes>
<decvar varname="REALSCORE"/>
</outcomes>
<respcondition>
<qticomment>Correct answer</qticomment>
<conditionvar>
<varequal respident="fc584704.JaSE11PrgISG.f1.001">fc584704.JaSE11PrgISG.f1.001_01</varequal>
</conditionvar>
<setvar action="Add" varname="REALSCORE">1</setvar>
</respcondition>
</resprocessing>
</item>
</questestinterop>