<?xml version="1.0" encoding="UTF-8"?><questestinterop xmlns="http://www.wiley.com/namespaces/wiley/qti" xmlns:ext="http://www.wiley.com/namespaces/wiley/qti/ext" xmlns:mml="http://www.w3.org/1998/Math/MathML" xmlns:wiley="http://www.wiley.com/namespaces/wiley/wiley" xmlns:wileyml="http://www.wiley.com/namespaces/wiley" ext:guid="f04f30b1-5b2a-4d82-8f41-05f7c0d4b33f" xml:id="fc584704.JaSE11PrgISG.f1.042">
<wileyml:revisionGroup>
<wileyml:revision agent="Wiley" date="2020-05-14" severity="major" type="created"/>
</wileyml:revisionGroup>
<item ext:type="14" ident="item-0001">
<itemmetadata>
<qmd_computerscored>Yes</qmd_computerscored>
<qmd_feedbackpermitted>Yes</qmd_feedbackpermitted>
<qmd_scoringpermitted>Yes</qmd_scoringpermitted>
<qmd_toolvendor>John Wiley and Sons Inc.</qmd_toolvendor>
<qmd_solutionspermitted>Yes</qmd_solutionspermitted>
</itemmetadata>
<presentation>
<wileyml:p>Describe the ternary operator, its syntax, and how it can be used for an assignment.</wileyml:p>
<response_lid ident="fc584704.JaSE11PrgISG.f1.042">
<render_choice>
<response_label ident="fc584704.JaSE11PrgISG.f1.042_01">
<wileyml:p>The ternary operator tests a Boolean condition and returns one of two results. It is of the form <wileyml:span semantics="computerUserInput">booleanExpression ? expression<wileyml:sub>1</wileyml:sub> : expression<wileyml:sub>2</wileyml:sub></wileyml:span>. It can be used as a shorthand version of an if‐then‐else statement to assign a value to a variable in a single line.</wileyml:p>
</response_label>
</render_choice>
</response_lid>
</presentation>
<resprocessing>
<outcomes>
<decvar varname="REALSCORE"/>
</outcomes>
<respcondition>
<qticomment>Correct answer</qticomment>
<conditionvar>
<varequal respident="fc584704.JaSE11PrgISG.f1.042">fc584704.JaSE11PrgISG.f1.042_01</varequal>
</conditionvar>
<setvar action="Add" varname="REALSCORE">1</setvar>
</respcondition>
</resprocessing>
</item>
</questestinterop>