<?xml version="1.0" encoding="UTF-8"?><questestinterop xmlns="http://www.wiley.com/namespaces/wiley/qti" xmlns:ext="http://www.wiley.com/namespaces/wiley/qti/ext" xmlns:mml="http://www.w3.org/1998/Math/MathML" xmlns:wiley="http://www.wiley.com/namespaces/wiley/wiley" xmlns:wileyml="http://www.wiley.com/namespaces/wiley" ext:guid="d4ef21b7-4b26-4cfa-9959-f641952de026" xml:id="fc584704.JaSE11PrgISG.f1.037">
<wileyml:revisionGroup>
<wileyml:revision agent="Wiley" date="2020-05-14" severity="major" type="created"/>
</wileyml:revisionGroup>
<item ext:type="14" ident="item-0001">
<itemmetadata>
<qmd_computerscored>Yes</qmd_computerscored>
<qmd_feedbackpermitted>Yes</qmd_feedbackpermitted>
<qmd_scoringpermitted>Yes</qmd_scoringpermitted>
<qmd_toolvendor>John Wiley and Sons Inc.</qmd_toolvendor>
<qmd_solutionspermitted>Yes</qmd_solutionspermitted>
</itemmetadata>
<presentation>
<wileyml:p>What is the data type of <wileyml:span semantics="computerUserInput">z</wileyml:span>? <wileyml:span semantics="computerUserInput">short x = 20; short y = 30; var x = x + y;</wileyml:span></wileyml:p>
<response_lid ident="fc584704.JaSE11PrgISG.f1.037">
<render_choice>
<response_label ident="fc584704.JaSE11PrgISG.f1.037_01">
<wileyml:p><wileyml:span semantics="computerUserInput">int</wileyml:span>, as all addition operations involving integer values are automatically promoted to <wileyml:span semantics="computerUserInput">int</wileyml:span></wileyml:p>
</response_label>
</render_choice>
</response_lid>
</presentation>
<resprocessing>
<outcomes>
<decvar varname="REALSCORE"/>
</outcomes>
<respcondition>
<qticomment>Correct answer</qticomment>
<conditionvar>
<varequal respident="fc584704.JaSE11PrgISG.f1.037">fc584704.JaSE11PrgISG.f1.037_01</varequal>
</conditionvar>
<setvar action="Add" varname="REALSCORE">1</setvar>
</respcondition>
</resprocessing>
</item>
</questestinterop>