<?xml version="1.0" encoding="UTF-8"?><questestinterop xmlns="http://www.wiley.com/namespaces/wiley/qti" xmlns:ext="http://www.wiley.com/namespaces/wiley/qti/ext" xmlns:mml="http://www.w3.org/1998/Math/MathML" xmlns:wiley="http://www.wiley.com/namespaces/wiley/wiley" xmlns:wileyml="http://www.wiley.com/namespaces/wiley" ext:guid="535dacbf-a15b-402d-a4d5-919baafad6e0" xml:id="fc584704.JaSE11PrgISG.f1.024">
<wileyml:revisionGroup>
<wileyml:revision agent="Wiley" date="2020-05-14" severity="major" type="created"/>
</wileyml:revisionGroup>
<item ext:type="14" ident="item-0001">
<itemmetadata>
<qmd_computerscored>Yes</qmd_computerscored>
<qmd_feedbackpermitted>Yes</qmd_feedbackpermitted>
<qmd_scoringpermitted>Yes</qmd_scoringpermitted>
<qmd_toolvendor>John Wiley and Sons Inc.</qmd_toolvendor>
<qmd_solutionspermitted>Yes</qmd_solutionspermitted>
</itemmetadata>
<presentation>
<wileyml:p><wileyml:span semantics="computerUserInput">var</wileyml:span> can be used as the type for which of the following: instance variable, <wileyml:span semantics="computerUserInput">static</wileyml:span> variable, local variable, constructor parameter, method parameter?</wileyml:p>
<response_lid ident="fc584704.JaSE11PrgISG.f1.024">
<render_choice>
<response_label ident="fc584704.JaSE11PrgISG.f1.024_01">
<wileyml:p><wileyml:span semantics="computerUserInput">var</wileyml:span> can be used only as a local variable. It can also be used as an identifier in variable and package names.</wileyml:p>
</response_label>
</render_choice>
</response_lid>
</presentation>
<resprocessing>
<outcomes>
<decvar varname="REALSCORE"/>
</outcomes>
<respcondition>
<qticomment>Correct answer</qticomment>
<conditionvar>
<varequal respident="fc584704.JaSE11PrgISG.f1.024">fc584704.JaSE11PrgISG.f1.024_01</varequal>
</conditionvar>
<setvar action="Add" varname="REALSCORE">1</setvar>
</respcondition>
</resprocessing>
</item>
</questestinterop>