<?xml version="1.0" encoding="UTF-8"?><questestinterop xmlns="http://www.wiley.com/namespaces/wiley/qti" xmlns:ext="http://www.wiley.com/namespaces/wiley/qti/ext" xmlns:mml="http://www.w3.org/1998/Math/MathML" xmlns:wiley="http://www.wiley.com/namespaces/wiley/wiley" xmlns:wileyml="http://www.wiley.com/namespaces/wiley" ext:guid="45b99b04-7183-4b4a-9dcd-a5f48e72fcd6" xml:id="fc584704.JaSE11PrgISG.f1.071">
<wileyml:revisionGroup>
<wileyml:revision agent="Wiley" date="2020-05-14" severity="major" type="created"/>
</wileyml:revisionGroup>
<item ext:type="14" ident="item-0001">
<itemmetadata>
<qmd_computerscored>Yes</qmd_computerscored>
<qmd_feedbackpermitted>Yes</qmd_feedbackpermitted>
<qmd_scoringpermitted>Yes</qmd_scoringpermitted>
<qmd_toolvendor>John Wiley and Sons Inc.</qmd_toolvendor>
<qmd_solutionspermitted>Yes</qmd_solutionspermitted>
</itemmetadata>
<presentation>
<wileyml:p>Which of the following can <wileyml:span semantics="computerUserInput">sort()</wileyml:span> be called on? <wileyml:span semantics="computerUserInput">List</wileyml:span>/<wileyml:span semantics="computerUserInput">Map</wileyml:span>/<wileyml:span semantics="computerUserInput">Set</wileyml:span></wileyml:p>
<response_lid ident="fc584704.JaSE11PrgISG.f1.071">
<render_choice>
<response_label ident="fc584704.JaSE11PrgISG.f1.071_01">
<wileyml:p><wileyml:span semantics="computerUserInput">List</wileyml:span></wileyml:p>
</response_label>
</render_choice>
</response_lid>
</presentation>
<resprocessing>
<outcomes>
<decvar varname="REALSCORE"/>
</outcomes>
<respcondition>
<qticomment>Correct answer</qticomment>
<conditionvar>
<varequal respident="fc584704.JaSE11PrgISG.f1.071">fc584704.JaSE11PrgISG.f1.071_01</varequal>
</conditionvar>
<setvar action="Add" varname="REALSCORE">1</setvar>
</respcondition>
</resprocessing>
</item>
</questestinterop>