<?xml version="1.0" encoding="UTF-8"?><questestinterop xmlns="http://www.wiley.com/namespaces/wiley/qti" xmlns:ext="http://www.wiley.com/namespaces/wiley/qti/ext" xmlns:mml="http://www.w3.org/1998/Math/MathML" xmlns:wiley="http://www.wiley.com/namespaces/wiley/wiley" xmlns:wileyml="http://www.wiley.com/namespaces/wiley" ext:guid="660f9f52-7496-4918-a50a-c585de9f2283" xml:id="fc584704.JaSE11PrgISG.f1.055">
<wileyml:revisionGroup>
<wileyml:revision agent="Wiley" date="2020-05-14" severity="major" type="created"/>
</wileyml:revisionGroup>
<item ext:type="14" ident="item-0001">
<itemmetadata>
<qmd_computerscored>Yes</qmd_computerscored>
<qmd_feedbackpermitted>Yes</qmd_feedbackpermitted>
<qmd_scoringpermitted>Yes</qmd_scoringpermitted>
<qmd_toolvendor>John Wiley and Sons Inc.</qmd_toolvendor>
<qmd_solutionspermitted>Yes</qmd_solutionspermitted>
</itemmetadata>
<presentation>
<wileyml:p>What does this code print? <wileyml:span semantics="computerUserInput">String s = "hmm"; s.substring(1); System.out.println(s);</wileyml:span></wileyml:p>
<response_lid ident="fc584704.JaSE11PrgISG.f1.055">
<render_choice>
<response_label ident="fc584704.JaSE11PrgISG.f1.055_01">
<wileyml:p><wileyml:span semantics="computerUserInput">hmm</wileyml:span> The result of <wileyml:span semantics="computerUserInput">substring()</wileyml:span> is not stored anywhere, and strings are immutable, so <wileyml:span semantics="computerUserInput">s</wileyml:span> itself is not saved.</wileyml:p>
</response_label>
</render_choice>
</response_lid>
</presentation>
<resprocessing>
<outcomes>
<decvar varname="REALSCORE"/>
</outcomes>
<respcondition>
<qticomment>Correct answer</qticomment>
<conditionvar>
<varequal respident="fc584704.JaSE11PrgISG.f1.055">fc584704.JaSE11PrgISG.f1.055_01</varequal>
</conditionvar>
<setvar action="Add" varname="REALSCORE">1</setvar>
</respcondition>
</resprocessing>
</item>
</questestinterop>