<?xml version="1.0" encoding="UTF-8"?><questestinterop xmlns="http://www.wiley.com/namespaces/wiley/qti" xmlns:ext="http://www.wiley.com/namespaces/wiley/qti/ext" xmlns:mml="http://www.w3.org/1998/Math/MathML" xmlns:wiley="http://www.wiley.com/namespaces/wiley/wiley" xmlns:wileyml="http://www.wiley.com/namespaces/wiley" ext:guid="4aaf52ab-7293-4c38-be25-3ceae88351e4" xml:id="fc584704.JaSE11PrgISG.f1.009">
<wileyml:revisionGroup>
<wileyml:revision agent="Wiley" date="2020-05-14" severity="major" type="created"/>
</wileyml:revisionGroup>
<item ext:type="14" ident="item-0001">
<itemmetadata>
<qmd_computerscored>Yes</qmd_computerscored>
<qmd_feedbackpermitted>Yes</qmd_feedbackpermitted>
<qmd_scoringpermitted>Yes</qmd_scoringpermitted>
<qmd_toolvendor>John Wiley and Sons Inc.</qmd_toolvendor>
<qmd_solutionspermitted>Yes</qmd_solutionspermitted>
</itemmetadata>
<presentation>
<wileyml:p>What are the default values for these instance variables: <wileyml:span semantics="computerUserInput">String s</wileyml:span>; <wileyml:span semantics="computerUserInput">int num</wileyml:span>; <wileyml:span semantics="computerUserInput">boolean b</wileyml:span>; <wileyml:span semantics="computerUserInput">double d</wileyml:span>?</wileyml:p>
<response_lid ident="fc584704.JaSE11PrgISG.f1.009">
<render_choice>
<response_label ident="fc584704.JaSE11PrgISG.f1.009_01">
<wileyml:p><wileyml:span semantics="computerUserInput">s = null</wileyml:span>; <wileyml:span semantics="computerUserInput">num = 0</wileyml:span>; <wileyml:span semantics="computerUserInput">b = false</wileyml:span>; <wileyml:span semantics="computerUserInput">d = 0.0</wileyml:span></wileyml:p>
</response_label>
</render_choice>
</response_lid>
</presentation>
<resprocessing>
<outcomes>
<decvar varname="REALSCORE"/>
</outcomes>
<respcondition>
<qticomment>Correct answer</qticomment>
<conditionvar>
<varequal respident="fc584704.JaSE11PrgISG.f1.009">fc584704.JaSE11PrgISG.f1.009_01</varequal>
</conditionvar>
<setvar action="Add" varname="REALSCORE">1</setvar>
</respcondition>
</resprocessing>
</item>
</questestinterop>