<?xml version="1.0" encoding="UTF-8"?><questestinterop xmlns="http://www.wiley.com/namespaces/wiley/qti" xmlns:ext="http://www.wiley.com/namespaces/wiley/qti/ext" xmlns:mml="http://www.w3.org/1998/Math/MathML" xmlns:wiley="http://www.wiley.com/namespaces/wiley/wiley" xmlns:wileyml="http://www.wiley.com/namespaces/wiley" ext:guid="061d4000-21c6-4534-8099-85fef7291663" xml:id="fc584704.JaSE11PrgISG.f1.014">
<wileyml:revisionGroup>
<wileyml:revision agent="Wiley" date="2020-05-14" severity="major" type="created"/>
</wileyml:revisionGroup>
<item ext:type="14" ident="item-0001">
<itemmetadata>
<qmd_computerscored>Yes</qmd_computerscored>
<qmd_feedbackpermitted>Yes</qmd_feedbackpermitted>
<qmd_scoringpermitted>Yes</qmd_scoringpermitted>
<qmd_toolvendor>John Wiley and Sons Inc.</qmd_toolvendor>
<qmd_solutionspermitted>Yes</qmd_solutionspermitted>
</itemmetadata>
<presentation>
<wileyml:p>The bytecode for a class named <wileyml:span semantics="computerUserInput">Hello</wileyml:span> in the <wileyml:span semantics="computerUserInput">a.b.c</wileyml:span> package must appear in what directory structure?</wileyml:p>
<response_lid ident="fc584704.JaSE11PrgISG.f1.014">
<render_choice>
<response_label ident="fc584704.JaSE11PrgISG.f1.014_01">
<wileyml:p>The file <wileyml:span semantics="computerUserInput">Hello.class</wileyml:span> must be in the subdirectory <wileyml:span semantics="computerUserInput">a/b/c</wileyml:span>.</wileyml:p>
</response_label>
</render_choice>
</response_lid>
</presentation>
<resprocessing>
<outcomes>
<decvar varname="REALSCORE"/>
</outcomes>
<respcondition>
<qticomment>Correct answer</qticomment>
<conditionvar>
<varequal respident="fc584704.JaSE11PrgISG.f1.014">fc584704.JaSE11PrgISG.f1.014_01</varequal>
</conditionvar>
<setvar action="Add" varname="REALSCORE">1</setvar>
</respcondition>
</resprocessing>
</item>
</questestinterop>