<?xml version="1.0" encoding="UTF-8"?><questestinterop xmlns="http://www.wiley.com/namespaces/wiley/qti" xmlns:ext="http://www.wiley.com/namespaces/wiley/qti/ext" xmlns:mml="http://www.w3.org/1998/Math/MathML" xmlns:wiley="http://www.wiley.com/namespaces/wiley/wiley" xmlns:wileyml="http://www.wiley.com/namespaces/wiley" ext:guid="77c67b34-e724-457a-b9b2-10b3c63a756e" xml:id="fc855835.AzDaFuSG.038">
<wileyml:revisionGroup>
<wileyml:revision agent="Lumina" date="2022-03-26" severity="major" type="created"/>
</wileyml:revisionGroup>
<item ext:type="14" ident="item-0001">
<itemmetadata>
<qmd_computerscored>Yes</qmd_computerscored>
<qmd_feedbackpermitted>Yes</qmd_feedbackpermitted>
<qmd_scoringpermitted>Yes</qmd_scoringpermitted>
<qmd_toolvendor>John Wiley and Sons Inc.</qmd_toolvendor>
<qmd_solutionspermitted>Yes</qmd_solutionspermitted>
</itemmetadata>
<presentation>
<wileyml:p>How often does Azure create full, differential, and transaction log backups for Azure SQL Databases?</wileyml:p>
<response_lid ident="fc855835.AzDaFuSG.038">
<render_choice>
<response_label ident="fc855835.AzDaFuSG.038_01">
<wileyml:p>Full backups are taken once a week, differential backups are taken every 12–24 hours, and transaction log backups are taken every 5–10 minutes.</wileyml:p>
</response_label>
</render_choice>
</response_lid>
</presentation>
<resprocessing>
<outcomes>
<decvar varname="REALSCORE"/>
</outcomes>
<respcondition>
<qticomment>Correct answer</qticomment>
<conditionvar>
<varequal respident="fc855835.AzDaFuSG.038">fc855835.AzDaFuSG.038_01</varequal>
</conditionvar>
<setvar action="Add" varname="REALSCORE">1</setvar>
</respcondition>
</resprocessing>
</item>
</questestinterop>