<?xml version="1.0" encoding="UTF-8"?><questestinterop xmlns="http://www.wiley.com/namespaces/wiley/qti" xmlns:ext="http://www.wiley.com/namespaces/wiley/qti/ext" xmlns:mml="http://www.w3.org/1998/Math/MathML" xmlns:wiley="http://www.wiley.com/namespaces/wiley/wiley" xmlns:wileyml="http://www.wiley.com/namespaces/wiley" ext:guid="04602b60-3895-4f00-8b57-16224821b81d" xml:id="fc855835.AzDaFuSG.100">
<wileyml:revisionGroup>
<wileyml:revision agent="Lumina" date="2022-03-26" severity="major" type="created"/>
</wileyml:revisionGroup>
<item ext:type="14" ident="item-0001">
<itemmetadata>
<qmd_computerscored>Yes</qmd_computerscored>
<qmd_feedbackpermitted>Yes</qmd_feedbackpermitted>
<qmd_scoringpermitted>Yes</qmd_scoringpermitted>
<qmd_toolvendor>John Wiley and Sons Inc.</qmd_toolvendor>
<qmd_solutionspermitted>Yes</qmd_solutionspermitted>
</itemmetadata>
<presentation>
<wileyml:p>What outside elements can be added (pinned) to a Power BI dashboard?</wileyml:p>
<response_lid ident="fc855835.AzDaFuSG.100">
<render_choice>
<response_label ident="fc855835.AzDaFuSG.100_01">
<wileyml:p>Report visuals, entire interactive reports, Power BI Q&amp;A visuals, Power BI Quick Insights visuals, Excel workbook objects, tiles from another dashboard, and on‐premises paginated reports from Power BI Report Server or SSRS.</wileyml:p>
</response_label>
</render_choice>
</response_lid>
</presentation>
<resprocessing>
<outcomes>
<decvar varname="REALSCORE"/>
</outcomes>
<respcondition>
<qticomment>Correct answer</qticomment>
<conditionvar>
<varequal respident="fc855835.AzDaFuSG.100">fc855835.AzDaFuSG.100_01</varequal>
</conditionvar>
<setvar action="Add" varname="REALSCORE">1</setvar>
</respcondition>
</resprocessing>
</item>
</questestinterop>