<?xml version="1.0" encoding="UTF-8"?><questestinterop xmlns="http://www.wiley.com/namespaces/wiley/qti" xmlns:ext="http://www.wiley.com/namespaces/wiley/qti/ext" xmlns:mml="http://www.w3.org/1998/Math/MathML" xmlns:wiley="http://www.wiley.com/namespaces/wiley/wiley" xmlns:wileyml="http://www.wiley.com/namespaces/wiley" ext:guid="e96fd7b0-436e-445a-a14b-05bc328f6877" xml:id="fc944461.GoCCPMLESG.115">
<wileyml:revisionGroup>
<wileyml:revision agent="Lumina" date="2023-05-19" severity="major" type="created"/>
</wileyml:revisionGroup>
<item ext:type="14" ident="item-0001">
<itemmetadata>
<qmd_computerscored>Yes</qmd_computerscored>
<qmd_feedbackpermitted>Yes</qmd_feedbackpermitted>
<qmd_scoringpermitted>Yes</qmd_scoringpermitted>
<qmd_toolvendor>John Wiley and Sons Inc.</qmd_toolvendor>
<qmd_solutionspermitted>Yes</qmd_solutionspermitted>
</itemmetadata>
<presentation>
<wileyml:p>One approach to improve online prediction latency is to___________________ predictions in an offline batch scoring job and store them in a low read‐latency data store like Memorystore or Datastore for online serving.</wileyml:p>
<response_lid ident="fc944461.GoCCPMLESG.115">
<render_choice>
<response_label ident="fc944461.GoCCPMLESG.115_01">
<wileyml:p>Precomupute</wileyml:p>
</response_label>
</render_choice>
</response_lid>
</presentation>
<resprocessing>
<outcomes>
<decvar varname="REALSCORE"/>
</outcomes>
<respcondition>
<qticomment>Correct answer</qticomment>
<conditionvar>
<varequal respident="fc944461.GoCCPMLESG.115">fc944461.GoCCPMLESG.115_01</varequal>
</conditionvar>
<setvar action="Add" varname="REALSCORE">1</setvar>
</respcondition>
</resprocessing>
</item>
</questestinterop>