<?xml version="1.0" encoding="UTF-8"?><questestinterop xmlns="http://www.wiley.com/namespaces/wiley/qti" xmlns:ext="http://www.wiley.com/namespaces/wiley/qti/ext" xmlns:mml="http://www.w3.org/1998/Math/MathML" xmlns:wiley="http://www.wiley.com/namespaces/wiley/wiley" xmlns:wileyml="http://www.wiley.com/namespaces/wiley" ext:guid="2cf4ec0d-067f-4654-9218-9b0b873e87d5" xml:id="fc944461.GoCCPMLESG.146">
<wileyml:revisionGroup>
<wileyml:revision agent="Lumina" date="2023-05-19" severity="major" type="created"/>
</wileyml:revisionGroup>
<item ext:type="14" ident="item-0001">
<itemmetadata>
<qmd_computerscored>Yes</qmd_computerscored>
<qmd_feedbackpermitted>Yes</qmd_feedbackpermitted>
<qmd_scoringpermitted>Yes</qmd_scoringpermitted>
<qmd_toolvendor>John Wiley and Sons Inc.</qmd_toolvendor>
<qmd_solutionspermitted>Yes</qmd_solutionspermitted>
</itemmetadata>
<presentation>
<wileyml:p>What is the formula for precision?</wileyml:p>
<response_lid ident="fc944461.GoCCPMLESG.146">
<render_choice>
<response_label ident="fc944461.GoCCPMLESG.146_01">
<wileyml:p><wileyml:displayedItem numbered="no" type="mathematics" xml:id="disp-0001"><math xmlns="http://www.w3.org/1998/Math/MathML" xmlns:xlink="http://www.w3.org/1999/xlink" display="block" overflow="scroll"><mrow><mtext>Precision</mtext><mo>=</mo><mfrac><mrow><mi>T</mi><mi>r</mi><mi>u</mi><mi>e</mi><mo> </mo><mi>P</mi><mi>o</mi><mi>s</mi><mi>i</mi><mi>t</mi><mi>i</mi><mi>v</mi><mi>e</mi></mrow><mrow><mi>T</mi><mi>r</mi><mi>u</mi><mi>e</mi><mo> </mo><mi>p</mi><mi>o</mi><mi>s</mi><mi>i</mi><mi>t</mi><mi>i</mi><mi>v</mi><mi>e</mi><mo> </mo><mo>+</mo><mo> </mo><mi>F</mi><mi>a</mi><mi>l</mi><mi>s</mi><mi>e</mi><mo> </mo><mi>P</mi><mi>o</mi><mi>s</mi><mi>i</mi><mi>t</mi><mi>i</mi><mi>v</mi><mi>e</mi></mrow></mfrac></mrow></math></wileyml:displayedItem></wileyml:p>
</response_label>
</render_choice>
</response_lid>
</presentation>
<resprocessing>
<outcomes>
<decvar varname="REALSCORE"/>
</outcomes>
<respcondition>
<qticomment>Correct answer</qticomment>
<conditionvar>
<varequal respident="fc944461.GoCCPMLESG.146">fc944461.GoCCPMLESG.146_01</varequal>
</conditionvar>
<setvar action="Add" varname="REALSCORE">1</setvar>
</respcondition>
</resprocessing>
</item>
</questestinterop>