<?xml version="1.0" encoding="UTF-8"?><questestinterop xmlns="http://www.wiley.com/namespaces/wiley/qti" xmlns:ext="http://www.wiley.com/namespaces/wiley/qti/ext" xmlns:mml="http://www.w3.org/1998/Math/MathML" xmlns:wiley="http://www.wiley.com/namespaces/wiley/wiley" xmlns:wileyml="http://www.wiley.com/namespaces/wiley" ext:guid="fa8529a7-019c-48fd-80b8-740ee9cefde5" xml:id="fc944461.GoCCPMLESG.082">
<wileyml:revisionGroup>
<wileyml:revision agent="Lumina" date="2023-05-19" severity="major" type="created"/>
</wileyml:revisionGroup>
<item ext:type="14" ident="item-0001">
<itemmetadata>
<qmd_computerscored>Yes</qmd_computerscored>
<qmd_feedbackpermitted>Yes</qmd_feedbackpermitted>
<qmd_scoringpermitted>Yes</qmd_scoringpermitted>
<qmd_toolvendor>John Wiley and Sons Inc.</qmd_toolvendor>
<qmd_solutionspermitted>Yes</qmd_solutionspermitted>
</itemmetadata>
<presentation>
<wileyml:p>Which GCP service is built on Apache Airflow with pipelines that are configured as directed acyclic graphs (DAGs) using Python? It supports both hybrid and multi&#x2010;cloud to manage your workflow pipelines whether its on&#x2010;premises, in multiple clouds, or fully within Google Cloud. It also provides end&#x2010;to&#x2010;end integration with Google Cloud products and the Vertex AI platform, which gives users the freedom to fully orchestrate their pipeline.</wileyml:p>
<response_lid ident="fc944461.GoCCPMLESG.082">
<render_choice>
<response_label ident="fc944461.GoCCPMLESG.082_01">
<wileyml:p>Cloud Composer</wileyml:p>
</response_label>
</render_choice>
</response_lid>
</presentation>
<resprocessing>
<outcomes>
<decvar varname="REALSCORE"/>
</outcomes>
<respcondition>
<qticomment>Correct answer</qticomment>
<conditionvar>
<varequal respident="fc944461.GoCCPMLESG.082">fc944461.GoCCPMLESG.082_01</varequal>
</conditionvar>
<setvar action="Add" varname="REALSCORE">1</setvar>
</respcondition>
</resprocessing>
</item>
</questestinterop>