<?xml version="1.0" encoding="UTF-8"?><questestinterop xmlns="http://www.wiley.com/namespaces/wiley/qti" xmlns:ext="http://www.wiley.com/namespaces/wiley/qti/ext" xmlns:mml="http://www.w3.org/1998/Math/MathML" xmlns:wiley="http://www.wiley.com/namespaces/wiley/wiley" xmlns:wileyml="http://www.wiley.com/namespaces/wiley" ext:guid="ebd1f0a1-f61a-4a46-b515-493ed822e34d" xml:id="fc944461.GoCCPMLESG.016">
<wileyml:revisionGroup>
<wileyml:revision agent="Lumina" date="2023-05-19" severity="major" type="created"/>
</wileyml:revisionGroup>
<item ext:type="14" ident="item-0001">
<itemmetadata>
<qmd_computerscored>Yes</qmd_computerscored>
<qmd_feedbackpermitted>Yes</qmd_feedbackpermitted>
<qmd_scoringpermitted>Yes</qmd_scoringpermitted>
<qmd_toolvendor>John Wiley and Sons Inc.</qmd_toolvendor>
<qmd_solutionspermitted>Yes</qmd_solutionspermitted>
</itemmetadata>
<presentation>
<wileyml:p>_________________ happens when, while training your machine learning model, you expose it to the test data. As a result, your model performs great during training and testing, but when you expose the model to unseen data, it underperforms. It can also lead to model overfitting.</wileyml:p>
<response_lid ident="fc944461.GoCCPMLESG.016">
<render_choice>
<response_label ident="fc944461.GoCCPMLESG.016_01">
<wileyml:p>Data leakage</wileyml:p>
</response_label>
</render_choice>
</response_lid>
</presentation>
<resprocessing>
<outcomes>
<decvar varname="REALSCORE"/>
</outcomes>
<respcondition>
<qticomment>Correct answer</qticomment>
<conditionvar>
<varequal respident="fc944461.GoCCPMLESG.016">fc944461.GoCCPMLESG.016_01</varequal>
</conditionvar>
<setvar action="Add" varname="REALSCORE">1</setvar>
</respcondition>
</resprocessing>
</item>
</questestinterop>