<?xml version="1.0" encoding="UTF-8"?><questestinterop xmlns="http://www.wiley.com/namespaces/wiley/qti" xmlns:ext="http://www.wiley.com/namespaces/wiley/qti/ext" xmlns:mml="http://www.w3.org/1998/Math/MathML" xmlns:wiley="http://www.wiley.com/namespaces/wiley/wiley" xmlns:wileyml="http://www.wiley.com/namespaces/wiley" ext:guid="4202d6de-f4e5-47dc-9f22-3d7a5ae15e7a" xml:id="fc718260.WordAssSG.099">
<wileyml:revisionGroup>
<wileyml:revision agent="Wiley" date="2020-11-11" severity="major" type="created"/>
</wileyml:revisionGroup>
<item ext:type="14" ident="item-0001">
<itemmetadata>
<qmd_computerscored>Yes</qmd_computerscored>
<qmd_feedbackpermitted>Yes</qmd_feedbackpermitted>
<qmd_scoringpermitted>Yes</qmd_scoringpermitted>
<qmd_toolvendor>John Wiley and Sons Inc.</qmd_toolvendor>
<qmd_solutionspermitted>Yes</qmd_solutionspermitted>
</itemmetadata>
<presentation>
<wileyml:p>How do you accept all tracked changes and turn off Track Changes?</wileyml:p>
<response_lid ident="fc718260.WordAssSG.099">
<render_choice>
<response_label ident="fc718260.WordAssSG.099_01">
<wileyml:p>Click the Review menu option. In the Review ribbon, click the Accept text underneath the Accept icon. Finally, click Accept All Changes And Stop Tracking from the drop‐down menu.</wileyml:p>
</response_label>
</render_choice>
</response_lid>
</presentation>
<resprocessing>
<outcomes>
<decvar varname="REALSCORE"/>
</outcomes>
<respcondition>
<qticomment>Correct answer</qticomment>
<conditionvar>
<varequal respident="fc718260.WordAssSG.099">fc718260.WordAssSG.099_01</varequal>
</conditionvar>
<setvar action="Add" varname="REALSCORE">1</setvar>
</respcondition>
</resprocessing>
</item>
</questestinterop>