<?xml version="1.0" encoding="UTF-8"?><questestinterop xmlns="http://www.wiley.com/namespaces/wiley/qti" xmlns:ext="http://www.wiley.com/namespaces/wiley/qti/ext" xmlns:mml="http://www.w3.org/1998/Math/MathML" xmlns:wiley="http://www.wiley.com/namespaces/wiley/wiley" xmlns:wileyml="http://www.wiley.com/namespaces/wiley" ext:guid="07d61d08-b4aa-4f2c-a906-94368bb38922" xml:id="fc359340.WiSe2016SG740.032">
<wileyml:revisionGroup>
<wileyml:revision agent="Wiley" date="2020-12-29" severity="major" type="created"/>
</wileyml:revisionGroup>
<item ext:type="14" ident="item-0001">
<itemmetadata>
<qmd_computerscored>Yes</qmd_computerscored>
<qmd_feedbackpermitted>Yes</qmd_feedbackpermitted>
<qmd_scoringpermitted>Yes</qmd_scoringpermitted>
<qmd_toolvendor>John Wiley and Sons Inc.</qmd_toolvendor>
<qmd_solutionspermitted>Yes</qmd_solutionspermitted>
</itemmetadata>
<presentation>
<wileyml:p>This tool prepares a source reference computer that will be used in conjunction with a distribution share or with disk duplication through the Image Capture Wizard, third‐party software, or hardware disk‐duplication devices.</wileyml:p>
<response_lid ident="fc359340.WiSe2016SG740.032">
<render_choice>
<response_label ident="fc359340.WiSe2016SG740.032_01">
<wileyml:p><wileyml:span semantics="computerUserInput">Sysprep.exe</wileyml:span></wileyml:p>
</response_label>
</render_choice>
</response_lid>
</presentation>
<resprocessing>
<outcomes>
<decvar varname="REALSCORE"/>
</outcomes>
<respcondition>
<qticomment>Correct answer</qticomment>
<conditionvar>
<varequal respident="fc359340.WiSe2016SG740.032">fc359340.WiSe2016SG740.032_01</varequal>
</conditionvar>
<setvar action="Add" varname="REALSCORE">1</setvar>
</respcondition>
</resprocessing>
</item>
</questestinterop>