<?xml version="1.0" encoding="UTF-8"?><questestinterop xmlns="http://www.wiley.com/namespaces/wiley/qti" xmlns:ext="http://www.wiley.com/namespaces/wiley/qti/ext" xmlns:mml="http://www.w3.org/1998/Math/MathML" xmlns:wiley="http://www.wiley.com/namespaces/wiley/wiley" xmlns:wileyml="http://www.wiley.com/namespaces/wiley" ext:guid="4a1f3965-dd48-4f17-8c25-a71f89027ea7" xml:id="fc180219.MCECyArSG.034">
<wileyml:revisionGroup>
<wileyml:revision agent="Lumina" date="2023-03-21" severity="major" type="created"/>
</wileyml:revisionGroup>
<item ext:type="14" ident="item-0001">
<itemmetadata>
<qmd_computerscored>Yes</qmd_computerscored>
<qmd_feedbackpermitted>Yes</qmd_feedbackpermitted>
<qmd_scoringpermitted>Yes</qmd_scoringpermitted>
<qmd_toolvendor>John Wiley and Sons Inc.</qmd_toolvendor>
<qmd_solutionspermitted>Yes</qmd_solutionspermitted>
</itemmetadata>
<presentation>
<wileyml:p>True or False: End‐to‐end session security establishes explicit Zero Trust validation for privileged sessions, user sessions, and authorized elevation paths.</wileyml:p>
<response_lid ident="fc180219.MCECyArSG.034">
<render_choice>
<response_label ident="fc180219.MCECyArSG.034_01">
<wileyml:p>True: End‐to‐end session security verifies the user sessions, privilege sessions, and elevation paths are protected against attacks. Each session will validate that user accounts and devices are sufficiently trusted before access is granted.</wileyml:p>
</response_label>
</render_choice>
</response_lid>
</presentation>
<resprocessing>
<outcomes>
<decvar varname="REALSCORE"/>
</outcomes>
<respcondition>
<qticomment>Correct answer</qticomment>
<conditionvar>
<varequal respident="fc180219.MCECyArSG.034">fc180219.MCECyArSG.034_01</varequal>
</conditionvar>
<setvar action="Add" varname="REALSCORE">1</setvar>
</respcondition>
</resprocessing>
</item>
</questestinterop>