<?xml version="1.0" encoding="UTF-8"?><questestinterop xmlns="http://www.wiley.com/namespaces/wiley/qti" xmlns:ext="http://www.wiley.com/namespaces/wiley/qti/ext" xmlns:mml="http://www.w3.org/1998/Math/MathML" xmlns:wiley="http://www.wiley.com/namespaces/wiley/wiley" xmlns:wileyml="http://www.wiley.com/namespaces/wiley" ext:guid="c1207a06-0de5-4fe8-9614-462ecdac66c9" xml:id="fc180219.MCECyArSG.054">
<wileyml:revisionGroup>
<wileyml:revision agent="Lumina" date="2023-03-21" severity="major" type="created"/>
</wileyml:revisionGroup>
<item ext:type="14" ident="item-0001">
<itemmetadata>
<qmd_computerscored>Yes</qmd_computerscored>
<qmd_feedbackpermitted>Yes</qmd_feedbackpermitted>
<qmd_scoringpermitted>Yes</qmd_scoringpermitted>
<qmd_toolvendor>John Wiley and Sons Inc.</qmd_toolvendor>
<qmd_solutionspermitted>Yes</qmd_solutionspermitted>
</itemmetadata>
<presentation>
<wileyml:p>Which solution in azure provides a dedicated operating system that protects sensitive tasks from Internet attacks?</wileyml:p>
<response_lid ident="fc180219.MCECyArSG.054">
<render_choice>
<response_label ident="fc180219.MCECyArSG.054_01">
<wileyml:p>PAWs (Privileged Access Workstations) provide a dedicated operating system that protects sensitive tasks from Internet attacks. By separating sensitive workstations and devices from daily use workstations and devices, phishing attacks, application and operating system vulnerabilities, impersonation attacks, and credential theft attacks like keystroke logging, Pass‐the‐Hash attacks, and Pass‐the‐Ticket attacks can be avoided.</wileyml:p>
</response_label>
</render_choice>
</response_lid>
</presentation>
<resprocessing>
<outcomes>
<decvar varname="REALSCORE"/>
</outcomes>
<respcondition>
<qticomment>Correct answer</qticomment>
<conditionvar>
<varequal respident="fc180219.MCECyArSG.054">fc180219.MCECyArSG.054_01</varequal>
</conditionvar>
<setvar action="Add" varname="REALSCORE">1</setvar>
</respcondition>
</resprocessing>
</item>
</questestinterop>