<?xml version="1.0" encoding="UTF-8"?><questestinterop xmlns="http://www.wiley.com/namespaces/wiley/qti" xmlns:ext="http://www.wiley.com/namespaces/wiley/qti/ext" xmlns:mml="http://www.w3.org/1998/Math/MathML" xmlns:wiley="http://www.wiley.com/namespaces/wiley/wiley" xmlns:wileyml="http://www.wiley.com/namespaces/wiley" ext:guid="5722ff77-24ea-4c5d-b05e-3338947bd9f4" xml:id="fc180219.MCECyArSG.081">
<wileyml:revisionGroup>
<wileyml:revision agent="Lumina" date="2023-03-21" severity="major" type="created"/>
</wileyml:revisionGroup>
<item ext:type="14" ident="item-0001">
<itemmetadata>
<qmd_computerscored>Yes</qmd_computerscored>
<qmd_feedbackpermitted>Yes</qmd_feedbackpermitted>
<qmd_scoringpermitted>Yes</qmd_scoringpermitted>
<qmd_toolvendor>John Wiley and Sons Inc.</qmd_toolvendor>
<qmd_solutionspermitted>Yes</qmd_solutionspermitted>
</itemmetadata>
<presentation>
<wileyml:p>True or False: Application secrets, such as database credentials, API tokens, and private keys, can be stored in your code or configuration files.</wileyml:p>
<response_lid ident="fc180219.MCECyArSG.081">
<render_choice>
<response_label ident="fc180219.MCECyArSG.081_01">
<wileyml:p>False: Don’t store application secrets, such as database credentials, API tokens, and private keys, in your code or configuration files. The commonly accepted approach is to access them as environment variables using the standard pattern in your language of choice.</wileyml:p>
</response_label>
</render_choice>
</response_lid>
</presentation>
<resprocessing>
<outcomes>
<decvar varname="REALSCORE"/>
</outcomes>
<respcondition>
<qticomment>Correct answer</qticomment>
<conditionvar>
<varequal respident="fc180219.MCECyArSG.081">fc180219.MCECyArSG.081_01</varequal>
</conditionvar>
<setvar action="Add" varname="REALSCORE">1</setvar>
</respcondition>
</resprocessing>
</item>
</questestinterop>