<?xml version="1.0" encoding="UTF-8"?><questestinterop xmlns="http://www.wiley.com/namespaces/wiley/qti" xmlns:ext="http://www.wiley.com/namespaces/wiley/qti/ext" xmlns:mml="http://www.w3.org/1998/Math/MathML" xmlns:wiley="http://www.wiley.com/namespaces/wiley/wiley" xmlns:wileyml="http://www.wiley.com/namespaces/wiley" ext:guid="1d5d9ba1-2c35-4284-9a78-71b513f3c345" xml:id="fc705154.AzAdSG.027">
<wileyml:revisionGroup>
<wileyml:revision agent="Lumina" date="2022-03-24" severity="major" type="created"/>
</wileyml:revisionGroup>
<item ext:type="14" ident="item-0001">
<itemmetadata>
<qmd_computerscored>Yes</qmd_computerscored>
<qmd_feedbackpermitted>Yes</qmd_feedbackpermitted>
<qmd_scoringpermitted>Yes</qmd_scoringpermitted>
<qmd_toolvendor>John Wiley and Sons Inc.</qmd_toolvendor>
<qmd_solutionspermitted>Yes</qmd_solutionspermitted>
</itemmetadata>
<presentation>
<wileyml:p>Which properties of parameters can be used to specify the minimum and maximum length of a string?</wileyml:p>
<response_lid ident="fc705154.AzAdSG.027">
<render_choice>
<response_label ident="fc705154.AzAdSG.027_01">
<wileyml:p><wileyml:span semantics="computerUserInput">minLength</wileyml:span></wileyml:p>
<wileyml:p><wileyml:span semantics="computerUserInput">maxLength</wileyml:span></wileyml:p>
</response_label>
</render_choice>
</response_lid>
</presentation>
<resprocessing>
<outcomes>
<decvar varname="REALSCORE"/>
</outcomes>
<respcondition>
<qticomment>Correct answer</qticomment>
<conditionvar>
<varequal respident="fc705154.AzAdSG.027">fc705154.AzAdSG.027_01</varequal>
</conditionvar>
<setvar action="Add" varname="REALSCORE">1</setvar>
</respcondition>
</resprocessing>
</item>
</questestinterop>