<?xml version="1.0" encoding="UTF-8"?><questestinterop xmlns="http://www.wiley.com/namespaces/wiley/qti" xmlns:ext="http://www.wiley.com/namespaces/wiley/qti/ext" xmlns:mml="http://www.w3.org/1998/Math/MathML" xmlns:wiley="http://www.wiley.com/namespaces/wiley/wiley" xmlns:wileyml="http://www.wiley.com/namespaces/wiley" ext:guid="350e5c70-5c94-4c6c-be84-f70e85178f5f" xml:id="fc213832.CeCySeSG.016">
<wileyml:revisionGroup>
<wileyml:revision agent="Lumina" date="2023-12-12" severity="major" type="created"/>
</wileyml:revisionGroup>
<item ext:type="14" ident="item-0001">
<itemmetadata>
<qmd_computerscored>Yes</qmd_computerscored>
<qmd_feedbackpermitted>Yes</qmd_feedbackpermitted>
<qmd_scoringpermitted>Yes</qmd_scoringpermitted>
<qmd_toolvendor>John Wiley and Sons Inc.</qmd_toolvendor>
<qmd_solutionspermitted>Yes</qmd_solutionspermitted>
</itemmetadata>
<presentation>
<wileyml:p>What are the four canons of the ISC2 Code of Ethics?</wileyml:p>
<response_lid ident="fc213832.CeCySeSG.016">
<render_choice>
<response_label ident="fc213832.CeCySeSG.016_01">
<wileyml:p><wileyml:list style="1">
<wileyml:listItem>Protect society, the common good, necessary public trust and confidence, and the infrastructure</wileyml:listItem>
<wileyml:listItem>Act honorably, honestly, justly, responsibly, and legally</wileyml:listItem>
<wileyml:listItem>Provide diligent and competent service to principals</wileyml:listItem>
<wileyml:listItem>Advance and protect the profession</wileyml:listItem></wileyml:list></wileyml:p>
</response_label>
</render_choice>
</response_lid>
</presentation>
<resprocessing>
<outcomes>
<decvar varname="REALSCORE"/>
</outcomes>
<respcondition>
<qticomment>Correct answer</qticomment>
<conditionvar>
<varequal respident="fc213832.CeCySeSG.016">fc213832.CeCySeSG.016_01</varequal>
</conditionvar>
<setvar action="Add" varname="REALSCORE">1</setvar>
</respcondition>
</resprocessing>
</item>
</questestinterop>