<?xml version="1.0" encoding="UTF-8"?><questestinterop xmlns="http://www.wiley.com/namespaces/wiley/qti" xmlns:ext="http://www.wiley.com/namespaces/wiley/qti/ext" xmlns:mml="http://www.w3.org/1998/Math/MathML" xmlns:wiley="http://www.wiley.com/namespaces/wiley/wiley" xmlns:wileyml="http://www.wiley.com/namespaces/wiley" ext:guid="ddcb8f23-190c-4006-acda-c45e0bd90129" xml:id="fc213832.CeCySeSG.079">
<wileyml:revisionGroup>
<wileyml:revision agent="Lumina" date="2023-12-12" severity="major" type="created"/>
</wileyml:revisionGroup>
<item ext:type="14" ident="item-0001">
<itemmetadata>
<qmd_computerscored>Yes</qmd_computerscored>
<qmd_feedbackpermitted>Yes</qmd_feedbackpermitted>
<qmd_scoringpermitted>Yes</qmd_scoringpermitted>
<qmd_toolvendor>John Wiley and Sons Inc.</qmd_toolvendor>
<qmd_solutionspermitted>Yes</qmd_solutionspermitted>
</itemmetadata>
<presentation>
<wileyml:p>What are the stages of the data lifecycle?</wileyml:p>
<response_lid ident="fc213832.CeCySeSG.079">
<render_choice>
<response_label ident="fc213832.CeCySeSG.079_01">
<wileyml:p><wileyml:list style="1">
<wileyml:listItem>Create</wileyml:listItem>
<wileyml:listItem>Store</wileyml:listItem>
<wileyml:listItem>Use</wileyml:listItem>
<wileyml:listItem>Share</wileyml:listItem>
<wileyml:listItem>Archive</wileyml:listItem>
<wileyml:listItem>Destroy</wileyml:listItem></wileyml:list></wileyml:p>
</response_label>
</render_choice>
</response_lid>
</presentation>
<resprocessing>
<outcomes>
<decvar varname="REALSCORE"/>
</outcomes>
<respcondition>
<qticomment>Correct answer</qticomment>
<conditionvar>
<varequal respident="fc213832.CeCySeSG.079">fc213832.CeCySeSG.079_01</varequal>
</conditionvar>
<setvar action="Add" varname="REALSCORE">1</setvar>
</respcondition>
</resprocessing>
</item>
</questestinterop>