<?xml version="1.0" encoding="UTF-8"?><questestinterop xmlns="http://www.wiley.com/namespaces/wiley/qti" xmlns:ext="http://www.wiley.com/namespaces/wiley/qti/ext" xmlns:mml="http://www.w3.org/1998/Math/MathML" xmlns:wiley="http://www.wiley.com/namespaces/wiley/wiley" xmlns:wileyml="http://www.wiley.com/namespaces/wiley" ext:guid="e0879292-8f50-4488-b77e-7fe88aa0df36" xml:id="fc718246.MSOSExcelSG.032">
<wileyml:revisionGroup>
<wileyml:revision agent="Wiley" date="2021-02-16" severity="major" type="created"/>
</wileyml:revisionGroup>
<item ext:type="14" ident="item-0001">
<itemmetadata>
<qmd_computerscored>Yes</qmd_computerscored>
<qmd_feedbackpermitted>Yes</qmd_feedbackpermitted>
<qmd_scoringpermitted>Yes</qmd_scoringpermitted>
<qmd_toolvendor>John Wiley and Sons Inc.</qmd_toolvendor>
<qmd_solutionspermitted>Yes</qmd_solutionspermitted>
</itemmetadata>
<presentation>
<wileyml:p>How do you add a table into a <wileyml:span semantics="computerUserInput">SUM()</wileyml:span> formula quickly?</wileyml:p>
<response_lid ident="fc718246.MSOSExcelSG.032">
<render_choice>
<response_label ident="fc718246.MSOSExcelSG.032_01">
<wileyml:p>With the parentheses in the formula, start typing the name of the table and then choose the table name from the drop‐down list.</wileyml:p>
</response_label>
</render_choice>
</response_lid>
</presentation>
<resprocessing>
<outcomes>
<decvar varname="REALSCORE"/>
</outcomes>
<respcondition>
<qticomment>Correct answer</qticomment>
<conditionvar>
<varequal respident="fc718246.MSOSExcelSG.032">fc718246.MSOSExcelSG.032_01</varequal>
</conditionvar>
<setvar action="Add" varname="REALSCORE">1</setvar>
</respcondition>
</resprocessing>
</item>
</questestinterop>