<?xml version="1.0" encoding="UTF-8"?><questestinterop xmlns="http://www.wiley.com/namespaces/wiley/qti" xmlns:ext="http://www.wiley.com/namespaces/wiley/qti/ext" xmlns:mml="http://www.w3.org/1998/Math/MathML" xmlns:wiley="http://www.wiley.com/namespaces/wiley/wiley" xmlns:wileyml="http://www.wiley.com/namespaces/wiley" ext:guid="dbb58bc0-110c-4f6b-a73e-371331eff2d7" xml:id="fc718246.MSOSExcelSG.096">
<wileyml:revisionGroup>
<wileyml:revision agent="Wiley" date="2021-02-16" severity="major" type="created"/>
</wileyml:revisionGroup>
<item ext:type="14" ident="item-0001">
<itemmetadata>
<qmd_computerscored>Yes</qmd_computerscored>
<qmd_feedbackpermitted>Yes</qmd_feedbackpermitted>
<qmd_scoringpermitted>Yes</qmd_scoringpermitted>
<qmd_toolvendor>John Wiley and Sons Inc.</qmd_toolvendor>
<qmd_solutionspermitted>Yes</qmd_solutionspermitted>
</itemmetadata>
<presentation>
<wileyml:p>What is the difference between the <wileyml:span semantics="computerUserInput">CONCAT()</wileyml:span> and <wileyml:span semantics="computerUserInput">TEXTJOIN()</wileyml:span> functions?</wileyml:p>
<response_lid ident="fc718246.MSOSExcelSG.096">
<render_choice>
<response_label ident="fc718246.MSOSExcelSG.096_01">
<wileyml:p>You can add a delimiter between text in two or more cells using the <wileyml:span semantics="computerUserInput">TEXTJOIN()</wileyml:span> function. With <wileyml:span semantics="computerUserInput">CONCAT()</wileyml:span>, you can’t use a delimiter.</wileyml:p>
</response_label>
</render_choice>
</response_lid>
</presentation>
<resprocessing>
<outcomes>
<decvar varname="REALSCORE"/>
</outcomes>
<respcondition>
<qticomment>Correct answer</qticomment>
<conditionvar>
<varequal respident="fc718246.MSOSExcelSG.096">fc718246.MSOSExcelSG.096_01</varequal>
</conditionvar>
<setvar action="Add" varname="REALSCORE">1</setvar>
</respcondition>
</resprocessing>
</item>
</questestinterop>