<?xml version="1.0" encoding="UTF-8"?><questestinterop xmlns="http://www.wiley.com/namespaces/wiley/qti" xmlns:ext="http://www.wiley.com/namespaces/wiley/qti/ext" xmlns:mml="http://www.w3.org/1998/Math/MathML" xmlns:wiley="http://www.wiley.com/namespaces/wiley/wiley" xmlns:wileyml="http://www.wiley.com/namespaces/wiley" ext:guid="eecaeaf2-62a3-4243-8242-63fe648272e5" xml:id="fc821007.AWSCMLSG.031">
<wileyml:revisionGroup>
<wileyml:revision agent="Lumina" date="2021-11-11" severity="major" type="created"/>
</wileyml:revisionGroup>
<item ext:type="14" ident="item-0001">
<itemmetadata>
<qmd_computerscored>Yes</qmd_computerscored>
<qmd_feedbackpermitted>Yes</qmd_feedbackpermitted>
<qmd_scoringpermitted>Yes</qmd_scoringpermitted>
<qmd_toolvendor>John Wiley and Sons Inc.</qmd_toolvendor>
<qmd_solutionspermitted>Yes</qmd_solutionspermitted>
</itemmetadata>
<presentation>
<wileyml:p>As a security admin, you are required to enforce that SageMaker notebooks don’t have access to the public Internet when they are launched. You are creating an IAM policy to enforce that scientists do not create internet accessible notebooks. How can you enforce this policy using IAM condition keys?</wileyml:p>
<response_lid ident="fc821007.AWSCMLSG.031">
<render_choice>
<response_label ident="fc821007.AWSCMLSG.031_01">
<wileyml:p>Set the <wileyml:span semantics="computerUserInput">sagemaker:DirectInternetAccess</wileyml:span> condition to <wileyml:span semantics="computerUserInput">Disabled</wileyml:span>.</wileyml:p>
</response_label>
</render_choice>
</response_lid>
</presentation>
<resprocessing>
<outcomes>
<decvar varname="REALSCORE"/>
</outcomes>
<respcondition>
<qticomment>Correct answer</qticomment>
<conditionvar>
<varequal respident="fc821007.AWSCMLSG.031">fc821007.AWSCMLSG.031_01</varequal>
</conditionvar>
<setvar action="Add" varname="REALSCORE">1</setvar>
</respcondition>
</resprocessing>
</item>
</questestinterop>