<?xml version="1.0" encoding="UTF-8"?><questestinterop xmlns="http://www.wiley.com/namespaces/wiley/qti" xmlns:ext="http://www.wiley.com/namespaces/wiley/qti/ext" xmlns:mml="http://www.w3.org/1998/Math/MathML" xmlns:wiley="http://www.wiley.com/namespaces/wiley/wiley" xmlns:wileyml="http://www.wiley.com/namespaces/wiley" ext:guid="830cf90f-68bb-45a0-9350-1b2e695795a9" xml:id="fc821007.AWSCMLSG.006">
<wileyml:revisionGroup>
<wileyml:revision agent="Lumina" date="2021-11-11" severity="major" type="created"/>
</wileyml:revisionGroup>
<item ext:type="14" ident="item-0001">
<itemmetadata>
<qmd_computerscored>Yes</qmd_computerscored>
<qmd_feedbackpermitted>Yes</qmd_feedbackpermitted>
<qmd_scoringpermitted>Yes</qmd_scoringpermitted>
<qmd_toolvendor>John Wiley and Sons Inc.</qmd_toolvendor>
<qmd_solutionspermitted>Yes</qmd_solutionspermitted>
</itemmetadata>
<presentation>
<wileyml:p>What is “high bias” in your model normally indicative of?</wileyml:p>
<response_lid ident="fc821007.AWSCMLSG.006">
<render_choice>
<response_label ident="fc821007.AWSCMLSG.006_01">
<wileyml:p>A high bias indicates that your model is making assumptions about the data that are causing it to generally underfit the data. Ways to mitigate high bias are increasing the complexity of your model.</wileyml:p>
</response_label>
</render_choice>
</response_lid>
</presentation>
<resprocessing>
<outcomes>
<decvar varname="REALSCORE"/>
</outcomes>
<respcondition>
<qticomment>Correct answer</qticomment>
<conditionvar>
<varequal respident="fc821007.AWSCMLSG.006">fc821007.AWSCMLSG.006_01</varequal>
</conditionvar>
<setvar action="Add" varname="REALSCORE">1</setvar>
</respcondition>
</resprocessing>
</item>
</questestinterop>