<?xml version="1.0" encoding="UTF-8"?><questestinterop xmlns="http://www.wiley.com/namespaces/wiley/qti" xmlns:ext="http://www.wiley.com/namespaces/wiley/qti/ext" xmlns:mml="http://www.w3.org/1998/Math/MathML" xmlns:wiley="http://www.wiley.com/namespaces/wiley/wiley" xmlns:wileyml="http://www.wiley.com/namespaces/wiley" ext:guid="c9941765-174d-4855-bebc-297523b19ad8" xml:id="fc821007.AWSCMLSG.054">
<wileyml:revisionGroup>
<wileyml:revision agent="Lumina" date="2021-11-11" severity="major" type="created"/>
</wileyml:revisionGroup>
<item ext:type="14" ident="item-0001">
<itemmetadata>
<qmd_computerscored>Yes</qmd_computerscored>
<qmd_feedbackpermitted>Yes</qmd_feedbackpermitted>
<qmd_scoringpermitted>Yes</qmd_scoringpermitted>
<qmd_toolvendor>John Wiley and Sons Inc.</qmd_toolvendor>
<qmd_solutionspermitted>Yes</qmd_solutionspermitted>
</itemmetadata>
<presentation>
<wileyml:p>What built‐in algorithm on SageMaker can be used for translation and summarization tasks?</wileyml:p>
<response_lid ident="fc821007.AWSCMLSG.054">
<render_choice>
<response_label ident="fc821007.AWSCMLSG.054_01">
<wileyml:p>Seq2seq is a built‐in algorithm in SageMaker where the input is a sequence of tokens and the output is another sequence of tokens. This can be used for translation and summarization tasks.</wileyml:p>
</response_label>
</render_choice>
</response_lid>
</presentation>
<resprocessing>
<outcomes>
<decvar varname="REALSCORE"/>
</outcomes>
<respcondition>
<qticomment>Correct answer</qticomment>
<conditionvar>
<varequal respident="fc821007.AWSCMLSG.054">fc821007.AWSCMLSG.054_01</varequal>
</conditionvar>
<setvar action="Add" varname="REALSCORE">1</setvar>
</respcondition>
</resprocessing>
</item>
</questestinterop>