<?xml version="1.0" encoding="UTF-8"?><questestinterop xmlns="http://www.wiley.com/namespaces/wiley/qti" xmlns:ext="http://www.wiley.com/namespaces/wiley/qti/ext" xmlns:mml="http://www.w3.org/1998/Math/MathML" xmlns:wiley="http://www.wiley.com/namespaces/wiley/wiley" xmlns:wileyml="http://www.wiley.com/namespaces/wiley" ext:guid="1d86fb15-9872-4b8c-9348-2cc53c910c52" xml:id="fc821007.AWSCMLSG.059">
<wileyml:revisionGroup>
<wileyml:revision agent="Lumina" date="2021-11-11" severity="major" type="created"/>
</wileyml:revisionGroup>
<item ext:type="14" ident="item-0001">
<itemmetadata>
<qmd_computerscored>Yes</qmd_computerscored>
<qmd_feedbackpermitted>Yes</qmd_feedbackpermitted>
<qmd_scoringpermitted>Yes</qmd_scoringpermitted>
<qmd_toolvendor>John Wiley and Sons Inc.</qmd_toolvendor>
<qmd_solutionspermitted>Yes</qmd_solutionspermitted>
</itemmetadata>
<presentation>
<wileyml:p>You are using SageMaker’s Automated Model Tuning with the XGBoost built‐in algorithm. For a classification problem, you set the metric to be tracked as “validation:f1.” Do you maximize or minimize this metric?</wileyml:p>
<response_lid ident="fc821007.AWSCMLSG.059">
<render_choice>
<response_label ident="fc821007.AWSCMLSG.059_01">
<wileyml:p>Better models will have a higher F1 score, so you want to maximize this metric.</wileyml:p>
</response_label>
</render_choice>
</response_lid>
</presentation>
<resprocessing>
<outcomes>
<decvar varname="REALSCORE"/>
</outcomes>
<respcondition>
<qticomment>Correct answer</qticomment>
<conditionvar>
<varequal respident="fc821007.AWSCMLSG.059">fc821007.AWSCMLSG.059_01</varequal>
</conditionvar>
<setvar action="Add" varname="REALSCORE">1</setvar>
</respcondition>
</resprocessing>
</item>
</questestinterop>