<?xml version="1.0" encoding="UTF-8"?><questestinterop xmlns="http://www.wiley.com/namespaces/wiley/qti" xmlns:ext="http://www.wiley.com/namespaces/wiley/qti/ext" xmlns:mml="http://www.w3.org/1998/Math/MathML" xmlns:wiley="http://www.wiley.com/namespaces/wiley/wiley" xmlns:wileyml="http://www.wiley.com/namespaces/wiley" ext:guid="20232ab3-836b-4a39-8ddd-e48572a556af" xml:id="fc821007.AWSCMLSG.011">
<wileyml:revisionGroup>
<wileyml:revision agent="Lumina" date="2021-11-11" severity="major" type="created"/>
</wileyml:revisionGroup>
<item ext:type="14" ident="item-0001">
<itemmetadata>
<qmd_computerscored>Yes</qmd_computerscored>
<qmd_feedbackpermitted>Yes</qmd_feedbackpermitted>
<qmd_scoringpermitted>Yes</qmd_scoringpermitted>
<qmd_toolvendor>John Wiley and Sons Inc.</qmd_toolvendor>
<qmd_solutionspermitted>Yes</qmd_solutionspermitted>
</itemmetadata>
<presentation>
<wileyml:p>What is lasso, ridge, and elastic‐net regularization?</wileyml:p>
<response_lid ident="fc821007.AWSCMLSG.011">
<render_choice>
<response_label ident="fc821007.AWSCMLSG.011_01">
<wileyml:p>They are all regularization terms that penalize the weight values in different ways. Lasso adds an <wileyml:span semantics="computerUserInput">l1‐</wileyml:span>penalty (absolute value) of the weights, whereas Ridge adds the <wileyml:span semantics="computerUserInput">l2‐</wileyml:span>penalty to the weights. Elastic‐net combines the two by a weighted mix of lasso and ridge regularization penalties. You can control the weight of either by a parameter <wileyml:span semantics="computerUserInput">r</wileyml:span>, which ranges from 0 (all ridge) to 1 (all lasso).</wileyml:p>
</response_label>
</render_choice>
</response_lid>
</presentation>
<resprocessing>
<outcomes>
<decvar varname="REALSCORE"/>
</outcomes>
<respcondition>
<qticomment>Correct answer</qticomment>
<conditionvar>
<varequal respident="fc821007.AWSCMLSG.011">fc821007.AWSCMLSG.011_01</varequal>
</conditionvar>
<setvar action="Add" varname="REALSCORE">1</setvar>
</respcondition>
</resprocessing>
</item>
</questestinterop>