<?xml version="1.0" encoding="UTF-8"?><questestinterop xmlns="http://www.wiley.com/namespaces/wiley/qti" xmlns:ext="http://www.wiley.com/namespaces/wiley/qti/ext" xmlns:mml="http://www.w3.org/1998/Math/MathML" xmlns:wiley="http://www.wiley.com/namespaces/wiley/wiley" xmlns:wileyml="http://www.wiley.com/namespaces/wiley" ext:guid="b0089a74-4cfb-4ebe-8afe-f566d69db7ca" xml:id="fc821007.AWSCMLSG.033">
<wileyml:revisionGroup>
<wileyml:revision agent="Lumina" date="2021-11-11" severity="major" type="created"/>
</wileyml:revisionGroup>
<item ext:type="14" ident="item-0001">
<itemmetadata>
<qmd_computerscored>Yes</qmd_computerscored>
<qmd_feedbackpermitted>Yes</qmd_feedbackpermitted>
<qmd_scoringpermitted>Yes</qmd_scoringpermitted>
<qmd_toolvendor>John Wiley and Sons Inc.</qmd_toolvendor>
<qmd_solutionspermitted>Yes</qmd_solutionspermitted>
</itemmetadata>
<presentation>
<wileyml:p>If you want to restrict that your inference containers do not communicate with S3 via the public Internet, you need to create ENIs in your VPC in order for SageMaker to pull model artifacts from S3 into your inference container. What API call should you pass VPC parameters to in order to achieve this?</wileyml:p>
<response_lid ident="fc821007.AWSCMLSG.033">
<render_choice>
<response_label ident="fc821007.AWSCMLSG.033_01">
<wileyml:p><wileyml:span semantics="computerUserInput">CreateModel</wileyml:span>. You cannot pass in VPC configurations when calling the <wileyml:span semantics="computerUserInput">CreateEndpointConfig</wileyml:span> API.</wileyml:p>
</response_label>
</render_choice>
</response_lid>
</presentation>
<resprocessing>
<outcomes>
<decvar varname="REALSCORE"/>
</outcomes>
<respcondition>
<qticomment>Correct answer</qticomment>
<conditionvar>
<varequal respident="fc821007.AWSCMLSG.033">fc821007.AWSCMLSG.033_01</varequal>
</conditionvar>
<setvar action="Add" varname="REALSCORE">1</setvar>
</respcondition>
</resprocessing>
</item>
</questestinterop>