<?xml version="1.0" encoding="UTF-8"?><questestinterop xmlns="http://www.wiley.com/namespaces/wiley/qti" xmlns:ext="http://www.wiley.com/namespaces/wiley/qti/ext" xmlns:mml="http://www.w3.org/1998/Math/MathML" xmlns:wiley="http://www.wiley.com/namespaces/wiley/wiley" xmlns:wileyml="http://www.wiley.com/namespaces/wiley" ext:guid="c6d47e7f-9172-4024-8593-deb059e96986" xml:id="fc821007.AWSCMLSG.008">
<wileyml:revisionGroup>
<wileyml:revision agent="Lumina" date="2021-11-11" severity="major" type="created"/>
</wileyml:revisionGroup>
<item ext:type="14" ident="item-0001">
<itemmetadata>
<qmd_computerscored>Yes</qmd_computerscored>
<qmd_feedbackpermitted>Yes</qmd_feedbackpermitted>
<qmd_scoringpermitted>Yes</qmd_scoringpermitted>
<qmd_toolvendor>John Wiley and Sons Inc.</qmd_toolvendor>
<qmd_solutionspermitted>Yes</qmd_solutionspermitted>
</itemmetadata>
<presentation>
<wileyml:p>Define precision, recall, and F1 score in terms of true/false positives (TP/FP) and true/false negatives (TN/FN).</wileyml:p>
<response_lid ident="fc821007.AWSCMLSG.008">
<render_choice>
<response_label ident="fc821007.AWSCMLSG.008_01">
<wileyml:p><wileyml:displayedItem numbered="no" type="mathematics" xml:id="disp-0001"><math xmlns="http://www.w3.org/1998/Math/MathML" xmlns:xlink="http://www.w3.org/1999/xlink" display="block" overflow="scroll"><mtable columnalign="left center left"><mtr><mtd><mi>Precision</mi></mtd><mtd><mo>=</mo></mtd><mtd><mstyle displaystyle="true"><mfrac><mrow><mi>T</mi><mi>P</mi></mrow><mrow><mi>T</mi><mi>P</mi><mo>+</mo><mi>F</mi><mi>P</mi></mrow></mfrac></mstyle></mtd></mtr><mtr><mtd><mi>Recall</mi></mtd><mtd><mo>=</mo></mtd><mtd><mstyle displaystyle="true"><mfrac><mrow><mi>T</mi><mi>P</mi></mrow><mrow><mi>T</mi><mi>P</mi><mo>+</mo><mi>F</mi><mi>N</mi></mrow></mfrac></mstyle></mtd></mtr><mtr><mtd><mi mathvariant="normal">F</mi><mn>1</mn><mo> </mo><mi>score</mi></mtd><mtd><mo>=</mo></mtd><mtd><mn>2</mn><mo> </mo><mi>Precision</mi><mo> </mo><mo>*</mo><mo> </mo><mi>Recall</mi><mo>/</mo><mfenced><mrow><mi>Precision</mi><mo>+</mo><mi>Recall</mi></mrow></mfenced></mtd></mtr><mtr><mtd/><mtd><mo>=</mo></mtd><mtd><mstyle displaystyle="true"><mfrac><mrow><mi>T</mi><mi>P</mi></mrow><mrow><mi>T</mi><mi>P</mi><mo>+</mo><mfenced><mrow><mi>F</mi><mi>P</mi><mo>+</mo><mi>F</mi><mi>N</mi></mrow></mfenced><mo>/</mo><mn>2</mn></mrow></mfrac></mstyle></mtd></mtr></mtable></math></wileyml:displayedItem></wileyml:p>
</response_label>
</render_choice>
</response_lid>
</presentation>
<resprocessing>
<outcomes>
<decvar varname="REALSCORE"/>
</outcomes>
<respcondition>
<qticomment>Correct answer</qticomment>
<conditionvar>
<varequal respident="fc821007.AWSCMLSG.008">fc821007.AWSCMLSG.008_01</varequal>
</conditionvar>
<setvar action="Add" varname="REALSCORE">1</setvar>
</respcondition>
</resprocessing>
</item>
</questestinterop>