<?xml version="1.0" encoding="UTF-8"?><questestinterop xmlns="http://www.wiley.com/namespaces/wiley/qti" xmlns:ext="http://www.wiley.com/namespaces/wiley/qti/ext" xmlns:mml="http://www.w3.org/1998/Math/MathML" xmlns:wiley="http://www.wiley.com/namespaces/wiley/wiley" xmlns:wileyml="http://www.wiley.com/namespaces/wiley" ext:guid="b5abf666-cdd2-4e21-b1db-68ff6af8b4f9" xml:id="fc821007.AWSCMLSG.012">
<wileyml:revisionGroup>
<wileyml:revision agent="Lumina" date="2021-11-11" severity="major" type="created"/>
</wileyml:revisionGroup>
<item ext:type="14" ident="item-0001">
<itemmetadata>
<qmd_computerscored>Yes</qmd_computerscored>
<qmd_feedbackpermitted>Yes</qmd_feedbackpermitted>
<qmd_scoringpermitted>Yes</qmd_scoringpermitted>
<qmd_toolvendor>John Wiley and Sons Inc.</qmd_toolvendor>
<qmd_solutionspermitted>Yes</qmd_solutionspermitted>
</itemmetadata>
<presentation>
<wileyml:p>Name and describe the algorithm used by decision trees.</wileyml:p>
<response_lid ident="fc821007.AWSCMLSG.012">
<render_choice>
<response_label ident="fc821007.AWSCMLSG.012_01">
<wileyml:p>Classification and regression tree (CART). The algorithm splits a node based on a single feature by minimizing the Gini coefficient (or entropy) and then repeats the process for each of the child nodes. It stops when <wileyml:span semantics="computerUserInput">max_depth</wileyml:span> is reached. Gini impurity is defined as the ratio of class k instance in the training instances at the ith node:</wileyml:p>
<wileyml:p><wileyml:displayedItem numbered="no" type="mathematics" xml:id="disp-0001"><math xmlns="http://www.w3.org/1998/Math/MathML" xmlns:xlink="http://www.w3.org/1999/xlink" display="block" overflow="scroll"><msub><mi>G</mi><mi>i</mi></msub><mo>=</mo><mn>1</mn><mo>−</mo><mstyle displaystyle="true"><munderover><mo>∑</mo><mrow><mi>k</mi><mo> </mo><mo>=</mo><mo> </mo><mn>1</mn></mrow><mi>n</mi></munderover><msubsup><mi>p</mi><mrow><mi>i</mi><mo>,</mo><mi>k</mi></mrow><mn>2</mn></msubsup></mstyle></math></wileyml:displayedItem></wileyml:p>
</response_label>
</render_choice>
</response_lid>
</presentation>
<resprocessing>
<outcomes>
<decvar varname="REALSCORE"/>
</outcomes>
<respcondition>
<qticomment>Correct answer</qticomment>
<conditionvar>
<varequal respident="fc821007.AWSCMLSG.012">fc821007.AWSCMLSG.012_01</varequal>
</conditionvar>
<setvar action="Add" varname="REALSCORE">1</setvar>
</respcondition>
</resprocessing>
</item>
</questestinterop>