<?xml version="1.0" encoding="UTF-8"?><questestinterop xmlns="http://www.wiley.com/namespaces/wiley/qti" xmlns:ext="http://www.wiley.com/namespaces/wiley/qti/ext" xmlns:mml="http://www.w3.org/1998/Math/MathML" xmlns:wiley="http://www.wiley.com/namespaces/wiley/wiley" xmlns:wileyml="http://www.wiley.com/namespaces/wiley" ext:guid="a6a7e496-9c6c-404d-a630-7b0109890b4c" xml:id="fc821007.AWSCMLSG.010">
<wileyml:revisionGroup>
<wileyml:revision agent="Lumina" date="2021-11-11" severity="major" type="created"/>
</wileyml:revisionGroup>
<item ext:type="14" ident="item-0001">
<itemmetadata>
<qmd_computerscored>Yes</qmd_computerscored>
<qmd_feedbackpermitted>Yes</qmd_feedbackpermitted>
<qmd_scoringpermitted>Yes</qmd_scoringpermitted>
<qmd_toolvendor>John Wiley and Sons Inc.</qmd_toolvendor>
<qmd_solutionspermitted>Yes</qmd_solutionspermitted>
</itemmetadata>
<presentation>
<wileyml:p>Name 3 ways to regularize a decision tree and improve generalization performance.</wileyml:p>
<response_lid ident="fc821007.AWSCMLSG.010">
<render_choice>
<response_label ident="fc821007.AWSCMLSG.010_01">
<wileyml:p>Reducing <wileyml:span semantics="computerUserInput">max_depth</wileyml:span> of the tree or increasing <wileyml:span semantics="computerUserInput">min_samples_leaf</wileyml:span> or <wileyml:span semantics="computerUserInput">min_samples_node</wileyml:span> parameters. Generally decreasing the <wileyml:span semantics="computerUserInput">max‐*</wileyml:span> and increasing the <wileyml:span semantics="computerUserInput">min‐*</wileyml:span> parameters are ways to regularize decision trees.</wileyml:p>
</response_label>
</render_choice>
</response_lid>
</presentation>
<resprocessing>
<outcomes>
<decvar varname="REALSCORE"/>
</outcomes>
<respcondition>
<qticomment>Correct answer</qticomment>
<conditionvar>
<varequal respident="fc821007.AWSCMLSG.010">fc821007.AWSCMLSG.010_01</varequal>
</conditionvar>
<setvar action="Add" varname="REALSCORE">1</setvar>
</respcondition>
</resprocessing>
</item>
</questestinterop>