<?xml version="1.0" encoding="UTF-8"?><questestinterop xmlns="http://www.wiley.com/namespaces/wiley/qti" xmlns:ext="http://www.wiley.com/namespaces/wiley/qti/ext" xmlns:mml="http://www.w3.org/1998/Math/MathML" xmlns:wiley="http://www.wiley.com/namespaces/wiley/wiley" xmlns:wileyml="http://www.wiley.com/namespaces/wiley" ext:guid="0ef5a952-3929-4a1d-8ad1-cb471776c7eb" xml:id="fc067900.JaSE8PrgIISG.1.54">
<wileyml:revisionGroup>
<wileyml:revision agent="Wiley" date="2021-02-11" severity="major" type="created"/>
</wileyml:revisionGroup>
<item ext:type="14" ident="item-0001">
<itemmetadata>
<qmd_computerscored>Yes</qmd_computerscored>
<qmd_feedbackpermitted>Yes</qmd_feedbackpermitted>
<qmd_scoringpermitted>Yes</qmd_scoringpermitted>
<qmd_toolvendor>John Wiley and Sons Inc.</qmd_toolvendor>
<qmd_solutionspermitted>Yes</qmd_solutionspermitted>
</itemmetadata>
<presentation>
<wileyml:p>If the <wileyml:span semantics="computerUserInput">try</wileyml:span> block, <wileyml:span semantics="computerUserInput">catch</wileyml:span> block, and <wileyml:span semantics="computerUserInput">finally</wileyml:span> block all throw an exception, which gets thrown to the caller?</wileyml:p>
<response_lid ident="fc067900.JaSE8PrgIISG.1.54">
<render_choice>
<response_label ident="fc067900.JaSE8PrgIISG.1.54_01">
<wileyml:p>The one from the <wileyml:span semantics="computerUserInput">finally</wileyml:span> block</wileyml:p>
</response_label>
</render_choice>
</response_lid>
</presentation>
<resprocessing>
<outcomes>
<decvar varname="REALSCORE"/>
</outcomes>
<respcondition>
<qticomment>Correct answer</qticomment>
<conditionvar>
<varequal respident="fc067900.JaSE8PrgIISG.1.54">fc067900.JaSE8PrgIISG.1.54_01</varequal>
</conditionvar>
<setvar action="Add" varname="REALSCORE">1</setvar>
</respcondition>
</resprocessing>
</item>
</questestinterop>