<?xml version="1.0" encoding="UTF-8"?><questestinterop xmlns="http://www.wiley.com/namespaces/wiley/qti" xmlns:ext="http://www.wiley.com/namespaces/wiley/qti/ext" xmlns:mml="http://www.w3.org/1998/Math/MathML" xmlns:wiley="http://www.wiley.com/namespaces/wiley/wiley" xmlns:wileyml="http://www.wiley.com/namespaces/wiley" ext:guid="e6d9f336-3a3b-4281-873c-66edcb0837b8" xml:id="fc067900.JaSE8PrgIISG.1.55">
<wileyml:revisionGroup>
<wileyml:revision agent="Wiley" date="2021-02-11" severity="major" type="created"/>
</wileyml:revisionGroup>
<item ext:type="14" ident="item-0001">
<itemmetadata>
<qmd_computerscored>Yes</qmd_computerscored>
<qmd_feedbackpermitted>Yes</qmd_feedbackpermitted>
<qmd_scoringpermitted>Yes</qmd_scoringpermitted>
<qmd_toolvendor>John Wiley and Sons Inc.</qmd_toolvendor>
<qmd_solutionspermitted>Yes</qmd_solutionspermitted>
</itemmetadata>
<presentation>
<wileyml:p>What are the two differences between <wileyml:span semantics="computerUserInput">Runnable</wileyml:span> and <wileyml:span semantics="computerUserInput">Callable</wileyml:span>?</wileyml:p>
<response_lid ident="fc067900.JaSE8PrgIISG.1.55">
<render_choice>
<response_label ident="fc067900.JaSE8PrgIISG.1.55_01">
<wileyml:p>Unlike <wileyml:span semantics="computerUserInput">Runnable</wileyml:span>, <wileyml:span semantics="computerUserInput">Callable</wileyml:span> returns a generic type and can throw checked exceptions.</wileyml:p>
</response_label>
</render_choice>
</response_lid>
</presentation>
<resprocessing>
<outcomes>
<decvar varname="REALSCORE"/>
</outcomes>
<respcondition>
<qticomment>Correct answer</qticomment>
<conditionvar>
<varequal respident="fc067900.JaSE8PrgIISG.1.55">fc067900.JaSE8PrgIISG.1.55_01</varequal>
</conditionvar>
<setvar action="Add" varname="REALSCORE">1</setvar>
</respcondition>
</resprocessing>
</item>
</questestinterop>