<?xml version="1.0" encoding="UTF-8"?><questestinterop xmlns="http://www.wiley.com/namespaces/wiley/qti" xmlns:ext="http://www.wiley.com/namespaces/wiley/qti/ext" xmlns:mml="http://www.w3.org/1998/Math/MathML" xmlns:wiley="http://www.wiley.com/namespaces/wiley/wiley" xmlns:wileyml="http://www.wiley.com/namespaces/wiley" ext:guid="c1d1c845-e31c-4dc9-8d64-40b243afde44" xml:id="fc067900.JaSE8PrgIISG.1.17">
<wileyml:revisionGroup>
<wileyml:revision agent="Wiley" date="2021-02-11" severity="major" type="created"/>
</wileyml:revisionGroup>
<item ext:type="14" ident="item-0001">
<itemmetadata>
<qmd_computerscored>Yes</qmd_computerscored>
<qmd_feedbackpermitted>Yes</qmd_feedbackpermitted>
<qmd_scoringpermitted>Yes</qmd_scoringpermitted>
<qmd_toolvendor>John Wiley and Sons Inc.</qmd_toolvendor>
<qmd_solutionspermitted>Yes</qmd_solutionspermitted>
</itemmetadata>
<presentation>
<wileyml:p>Fill in the blank to make this class <wileyml:span semantics="computerUserInput">Comparable</wileyml:span> using generics: <wileyml:span semantics="computerUserInput">public class MyComparable ______________ { /* imagine implementation here */ }</wileyml:span></wileyml:p>
<response_lid ident="fc067900.JaSE8PrgIISG.1.17">
<render_choice>
<response_label ident="fc067900.JaSE8PrgIISG.1.17_01">
<wileyml:p><wileyml:span semantics="computerUserInput">implements Comparable˂MyComparable˃</wileyml:span></wileyml:p>
</response_label>
</render_choice>
</response_lid>
</presentation>
<resprocessing>
<outcomes>
<decvar varname="REALSCORE"/>
</outcomes>
<respcondition>
<qticomment>Correct answer</qticomment>
<conditionvar>
<varequal respident="fc067900.JaSE8PrgIISG.1.17">fc067900.JaSE8PrgIISG.1.17_01</varequal>
</conditionvar>
<setvar action="Add" varname="REALSCORE">1</setvar>
</respcondition>
</resprocessing>
</item>
</questestinterop>