<?xml version="1.0" encoding="UTF-8"?><questestinterop xmlns="http://www.wiley.com/namespaces/wiley/qti" xmlns:ext="http://www.wiley.com/namespaces/wiley/qti/ext" xmlns:mml="http://www.w3.org/1998/Math/MathML" xmlns:wiley="http://www.wiley.com/namespaces/wiley/wiley" xmlns:wileyml="http://www.wiley.com/namespaces/wiley" ext:guid="b3d25f4e-a953-4c3b-93b8-51a2a54f8a48" xml:id="fc067900.JaSE8PrgIISG.1.22">
<wileyml:revisionGroup>
<wileyml:revision agent="Wiley" date="2021-02-11" severity="major" type="created"/>
</wileyml:revisionGroup>
<item ext:type="14" ident="item-0001">
<itemmetadata>
<qmd_computerscored>Yes</qmd_computerscored>
<qmd_feedbackpermitted>Yes</qmd_feedbackpermitted>
<qmd_scoringpermitted>Yes</qmd_scoringpermitted>
<qmd_toolvendor>John Wiley and Sons Inc.</qmd_toolvendor>
<qmd_solutionspermitted>Yes</qmd_solutionspermitted>
</itemmetadata>
<presentation>
<wileyml:p>Fill in the blank to make this code compile: <wileyml:span semantics="computerUserInput">List˂______ Number˃ listOfNumbers = new ArrayList˂Integer˃();</wileyml:span></wileyml:p>
<response_lid ident="fc067900.JaSE8PrgIISG.1.22">
<render_choice>
<response_label ident="fc067900.JaSE8PrgIISG.1.22_01">
<wileyml:p><wileyml:span semantics="computerUserInput">? extends</wileyml:span> (This is an upper bound.)</wileyml:p>
</response_label>
</render_choice>
</response_lid>
</presentation>
<resprocessing>
<outcomes>
<decvar varname="REALSCORE"/>
</outcomes>
<respcondition>
<qticomment>Correct answer</qticomment>
<conditionvar>
<varequal respident="fc067900.JaSE8PrgIISG.1.22">fc067900.JaSE8PrgIISG.1.22_01</varequal>
</conditionvar>
<setvar action="Add" varname="REALSCORE">1</setvar>
</respcondition>
</resprocessing>
</item>
</questestinterop>