<?xml version="1.0" encoding="UTF-8"?><questestinterop xmlns="http://www.wiley.com/namespaces/wiley/qti" xmlns:ext="http://www.wiley.com/namespaces/wiley/qti/ext" xmlns:mml="http://www.w3.org/1998/Math/MathML" xmlns:wiley="http://www.wiley.com/namespaces/wiley/wiley" xmlns:wileyml="http://www.wiley.com/namespaces/wiley" ext:guid="e6c8dea9-fafb-4172-b0e4-95a99c87853b" xml:id="fc067900.JaSE8PrgIISG.1.56">
<wileyml:revisionGroup>
<wileyml:revision agent="Wiley" date="2021-02-11" severity="major" type="created"/>
</wileyml:revisionGroup>
<item ext:type="14" ident="item-0001">
<itemmetadata>
<qmd_computerscored>Yes</qmd_computerscored>
<qmd_feedbackpermitted>Yes</qmd_feedbackpermitted>
<qmd_scoringpermitted>Yes</qmd_scoringpermitted>
<qmd_toolvendor>John Wiley and Sons Inc.</qmd_toolvendor>
<qmd_solutionspermitted>Yes</qmd_solutionspermitted>
</itemmetadata>
<presentation>
<wileyml:p>What is the difference between calling <wileyml:span semantics="computerUserInput">shutdown()</wileyml:span> and <wileyml:span semantics="computerUserInput">shutdownNow()</wileyml:span> on a thread executor?</wileyml:p>
<response_lid ident="fc067900.JaSE8PrgIISG.1.56">
<render_choice>
<response_label ident="fc067900.JaSE8PrgIISG.1.56_01">
<wileyml:p>The <wileyml:span semantics="computerUserInput">shutdown()</wileyml:span> method prevents new tasks from being added and waits for all previously submitted tasks to finish. The <wileyml:span semantics="computerUserInput">shutdownNow()</wileyml:span> method does the same except that it attempts to stop all running tasks and cancels any tasks that have not been started yet.</wileyml:p>
</response_label>
</render_choice>
</response_lid>
</presentation>
<resprocessing>
<outcomes>
<decvar varname="REALSCORE"/>
</outcomes>
<respcondition>
<qticomment>Correct answer</qticomment>
<conditionvar>
<varequal respident="fc067900.JaSE8PrgIISG.1.56">fc067900.JaSE8PrgIISG.1.56_01</varequal>
</conditionvar>
<setvar action="Add" varname="REALSCORE">1</setvar>
</respcondition>
</resprocessing>
</item>
</questestinterop>