<?xml version="1.0" encoding="UTF-8"?><questestinterop xmlns="http://www.wiley.com/namespaces/wiley/qti" xmlns:ext="http://www.wiley.com/namespaces/wiley/qti/ext" xmlns:mml="http://www.w3.org/1998/Math/MathML" xmlns:wiley="http://www.wiley.com/namespaces/wiley/wiley" xmlns:wileyml="http://www.wiley.com/namespaces/wiley" ext:guid="036bd685-cec9-4ddf-8742-9651e98ff8fd" xml:id="fc755463.IAPPCIPPSG.060">
<wileyml:revisionGroup>
<wileyml:revision agent="Lumina" date="2021-05-17" severity="major" type="created"/>
</wileyml:revisionGroup>
<item ext:type="14" ident="item-0001">
<itemmetadata>
<qmd_computerscored>Yes</qmd_computerscored>
<qmd_feedbackpermitted>Yes</qmd_feedbackpermitted>
<qmd_scoringpermitted>Yes</qmd_scoringpermitted>
<qmd_toolvendor>John Wiley and Sons Inc.</qmd_toolvendor>
<qmd_solutionspermitted>Yes</qmd_solutionspermitted>
</itemmetadata>
<presentation>
<wileyml:p>What are three circumstances in which an unauthorized disclosure of personal health information (PHI) may not be considered a breach under HIPAA?</wileyml:p>
<response_lid ident="fc755463.IAPPCIPPSG.060">
<render_choice>
<response_label ident="fc755463.IAPPCIPPSG.060_01">
<wileyml:p>If an employee of a covered entity or business associate accidently accesses PHI but was acting in good faith</wileyml:p>
<wileyml:p>If more than one person authorized to access the <wileyml:i>same</wileyml:i> PHI accidentally share with one another</wileyml:p>
<wileyml:p>If the covered entity or business associate has good reason to believe that no unauthorized parties will be able to retain the information</wileyml:p>
</response_label>
</render_choice>
</response_lid>
</presentation>
<resprocessing>
<outcomes>
<decvar varname="REALSCORE"/>
</outcomes>
<respcondition>
<qticomment>Correct answer</qticomment>
<conditionvar>
<varequal respident="fc755463.IAPPCIPPSG.060">fc755463.IAPPCIPPSG.060_01</varequal>
</conditionvar>
<setvar action="Add" varname="REALSCORE">1</setvar>
</respcondition>
</resprocessing>
</item>
</questestinterop>