<?xml version="1.0" encoding="UTF-8"?><questestinterop xmlns="http://www.wiley.com/namespaces/wiley/qti" xmlns:ext="http://www.wiley.com/namespaces/wiley/qti/ext" xmlns:mml="http://www.w3.org/1998/Math/MathML" xmlns:wiley="http://www.wiley.com/namespaces/wiley/wiley" xmlns:wileyml="http://www.wiley.com/namespaces/wiley" ext:guid="91ae6e15-fd10-415a-a6b8-215a9e3f51e2" xml:id="fc755463.IAPPCIPPSG.053">
<wileyml:revisionGroup>
<wileyml:revision agent="Lumina" date="2021-05-17" severity="major" type="created"/>
</wileyml:revisionGroup>
<item ext:type="14" ident="item-0001">
<itemmetadata>
<qmd_computerscored>Yes</qmd_computerscored>
<qmd_feedbackpermitted>Yes</qmd_feedbackpermitted>
<qmd_scoringpermitted>Yes</qmd_scoringpermitted>
<qmd_toolvendor>John Wiley and Sons Inc.</qmd_toolvendor>
<qmd_solutionspermitted>Yes</qmd_solutionspermitted>
</itemmetadata>
<presentation>
<wileyml:p>Give three examples of key elements that are recommended by NIST in incident response policies</wileyml:p>
<response_lid ident="fc755463.IAPPCIPPSG.053">
<render_choice>
<response_label ident="fc755463.IAPPCIPPSG.053_01">
<wileyml:p>Statement of management commitment</wileyml:p>
<wileyml:p>Purpose and objectives of the policy</wileyml:p>
<wileyml:p>Scope of the policy (to whom it applies and under what circumstances)</wileyml:p>
<wileyml:p>Definition of cybersecurity incidents and related terms</wileyml:p>
<wileyml:p>Organizational structure and definition of roles, responsibilities, and level of authority</wileyml:p>
<wileyml:p>Prioritization or severity rating scheme for incidents</wileyml:p>
<wileyml:p>Performance measures for the CSIRT</wileyml:p>
<wileyml:p>Reporting and contact forms</wileyml:p>
</response_label>
</render_choice>
</response_lid>
</presentation>
<resprocessing>
<outcomes>
<decvar varname="REALSCORE"/>
</outcomes>
<respcondition>
<qticomment>Correct answer</qticomment>
<conditionvar>
<varequal respident="fc755463.IAPPCIPPSG.053">fc755463.IAPPCIPPSG.053_01</varequal>
</conditionvar>
<setvar action="Add" varname="REALSCORE">1</setvar>
</respcondition>
</resprocessing>
</item>
</questestinterop>