<?xml version="1.0" encoding="UTF-8"?><questestinterop xmlns="http://www.wiley.com/namespaces/wiley/qti" xmlns:ext="http://www.wiley.com/namespaces/wiley/qti/ext" xmlns:mml="http://www.w3.org/1998/Math/MathML" xmlns:wiley="http://www.wiley.com/namespaces/wiley/wiley" xmlns:wileyml="http://www.wiley.com/namespaces/wiley" ext:guid="20b73d61-aef3-4cab-b824-c9195191eb23" xml:id="fc755463.IAPPCIPPSG.062">
<wileyml:revisionGroup>
<wileyml:revision agent="Lumina" date="2021-05-17" severity="major" type="created"/>
</wileyml:revisionGroup>
<item ext:type="14" ident="item-0001">
<itemmetadata>
<qmd_computerscored>Yes</qmd_computerscored>
<qmd_feedbackpermitted>Yes</qmd_feedbackpermitted>
<qmd_scoringpermitted>Yes</qmd_scoringpermitted>
<qmd_toolvendor>John Wiley and Sons Inc.</qmd_toolvendor>
<qmd_solutionspermitted>Yes</qmd_solutionspermitted>
</itemmetadata>
<presentation>
<wileyml:p>When an organization makes an unfavorable decision about a person based on a consumer report, what must the FCRA‐required notice to the person include?</wileyml:p>
<response_lid ident="fc755463.IAPPCIPPSG.062">
<render_choice>
<response_label ident="fc755463.IAPPCIPPSG.062_01">
<wileyml:p>Contact information for the consumer reporting agency (CRA) that provided the credit report</wileyml:p>
<wileyml:p>An explanation that the CRA only furnished the information and did not play a decision‐making role</wileyml:p>
<wileyml:p>An explanation of consumer rights, including the right to access the credit report, credit score, and to dispute inaccurate information</wileyml:p>
</response_label>
</render_choice>
</response_lid>
</presentation>
<resprocessing>
<outcomes>
<decvar varname="REALSCORE"/>
</outcomes>
<respcondition>
<qticomment>Correct answer</qticomment>
<conditionvar>
<varequal respident="fc755463.IAPPCIPPSG.062">fc755463.IAPPCIPPSG.062_01</varequal>
</conditionvar>
<setvar action="Add" varname="REALSCORE">1</setvar>
</respcondition>
</resprocessing>
</item>
</questestinterop>