<?xml version="1.0" encoding="UTF-8"?><questestinterop xmlns="http://www.wiley.com/namespaces/wiley/qti" xmlns:ext="http://www.wiley.com/namespaces/wiley/qti/ext" xmlns:mml="http://www.w3.org/1998/Math/MathML" xmlns:wiley="http://www.wiley.com/namespaces/wiley/wiley" xmlns:wileyml="http://www.wiley.com/namespaces/wiley" ext:guid="5a3534f2-2cc0-478b-acc5-2010088ded38" xml:id="fc755463.IAPPCIPPSG.040">
<wileyml:revisionGroup>
<wileyml:revision agent="Lumina" date="2021-05-17" severity="major" type="created"/>
</wileyml:revisionGroup>
<item ext:type="14" ident="item-0001">
<itemmetadata>
<qmd_computerscored>Yes</qmd_computerscored>
<qmd_feedbackpermitted>Yes</qmd_feedbackpermitted>
<qmd_scoringpermitted>Yes</qmd_scoringpermitted>
<qmd_toolvendor>John Wiley and Sons Inc.</qmd_toolvendor>
<qmd_solutionspermitted>Yes</qmd_solutionspermitted>
</itemmetadata>
<presentation>
<wileyml:p>List three of the 12 high‐level requirements of PCI DSS.</wileyml:p>
<response_lid ident="fc755463.IAPPCIPPSG.040">
<render_choice>
<response_label ident="fc755463.IAPPCIPPSG.040_01">
<wileyml:p><wileyml:tabularFixed>
<wileyml:table frame="none">
<wileyml:tgroup cols="2">
<wileyml:colspec align="left" colname="col1" colnum="1"/>
<wileyml:colspec align="left" colname="col2" colnum="2"/>
<wileyml:tbody>
<wileyml:row>
<wileyml:entry><wileyml:p>Install &amp; maintain a firewall</wileyml:p>
<wileyml:p>Do not use vendor‐supplied defaults</wileyml:p>
<wileyml:p>Protect stored cardholder data.</wileyml:p>
<wileyml:p>Encrypt cardholder data on open networks.</wileyml:p>
<wileyml:p>Use antivirus software.</wileyml:p>
<wileyml:p>Develop and maintain secure systems &amp; applications.</wileyml:p>
<wileyml:p>Restrict access to cardholder data by need‐to‐know.</wileyml:p></wileyml:entry>
<wileyml:entry><wileyml:p>Assign a unique ID to each person with computer access.</wileyml:p>
<wileyml:p>Restrict physical access to cardholder data.</wileyml:p>
<wileyml:p>Track &amp; monitor all access to network resources &amp; cardholder data.</wileyml:p>
<wileyml:p>Regularly test security systems and processes.</wileyml:p>
<wileyml:p>Maintain a policy that addresses information security</wileyml:p></wileyml:entry>
</wileyml:row>
</wileyml:tbody>
</wileyml:tgroup>
</wileyml:table>
</wileyml:tabularFixed></wileyml:p>
</response_label>
</render_choice>
</response_lid>
</presentation>
<resprocessing>
<outcomes>
<decvar varname="REALSCORE"/>
</outcomes>
<respcondition>
<qticomment>Correct answer</qticomment>
<conditionvar>
<varequal respident="fc755463.IAPPCIPPSG.040">fc755463.IAPPCIPPSG.040_01</varequal>
</conditionvar>
<setvar action="Add" varname="REALSCORE">1</setvar>
</respcondition>
</resprocessing>
</item>
</questestinterop>