<?xml version="1.0" encoding="UTF-8"?><questestinterop xmlns="http://www.wiley.com/namespaces/wiley/qti" xmlns:ext="http://www.wiley.com/namespaces/wiley/qti/ext" xmlns:mml="http://www.w3.org/1998/Math/MathML" xmlns:wiley="http://www.wiley.com/namespaces/wiley/wiley" xmlns:wileyml="http://www.wiley.com/namespaces/wiley" ext:guid="14c2e30a-a5e0-4769-a377-3456806fd252" xml:id="fc755463.IAPPCIPPSG.079">
<wileyml:revisionGroup>
<wileyml:revision agent="Lumina" date="2021-05-17" severity="major" type="created"/>
</wileyml:revisionGroup>
<item ext:type="14" ident="item-0001">
<itemmetadata>
<qmd_computerscored>Yes</qmd_computerscored>
<qmd_feedbackpermitted>Yes</qmd_feedbackpermitted>
<qmd_scoringpermitted>Yes</qmd_scoringpermitted>
<qmd_toolvendor>John Wiley and Sons Inc.</qmd_toolvendor>
<qmd_solutionspermitted>Yes</qmd_solutionspermitted>
</itemmetadata>
<presentation>
<wileyml:p>Give three examples of U.S. agencies regulating workspace privacy.</wileyml:p>
<response_lid ident="fc755463.IAPPCIPPSG.079">
<render_choice>
<response_label ident="fc755463.IAPPCIPPSG.079_01">
<wileyml:p>Federal Trade Commission (FTC)</wileyml:p>
<wileyml:p>Department of Labor (DOL)</wileyml:p>
<wileyml:p>Equal Employment Opportunity Commission (EEOC)</wileyml:p>
<wileyml:p>National Labor Relations Board (NLRB)</wileyml:p>
<wileyml:p>Occupational Safety and Health Administration (OSHA)</wileyml:p>
<wileyml:p>Securities and Exchange Commission (SEC)</wileyml:p>
</response_label>
</render_choice>
</response_lid>
</presentation>
<resprocessing>
<outcomes>
<decvar varname="REALSCORE"/>
</outcomes>
<respcondition>
<qticomment>Correct answer</qticomment>
<conditionvar>
<varequal respident="fc755463.IAPPCIPPSG.079">fc755463.IAPPCIPPSG.079_01</varequal>
</conditionvar>
<setvar action="Add" varname="REALSCORE">1</setvar>
</respcondition>
</resprocessing>
</item>
</questestinterop>