<?xml version="1.0" encoding="UTF-8"?><questestinterop xmlns="http://www.wiley.com/namespaces/wiley/qti" xmlns:ext="http://www.wiley.com/namespaces/wiley/qti/ext" xmlns:mml="http://www.w3.org/1998/Math/MathML" xmlns:wiley="http://www.wiley.com/namespaces/wiley/wiley" xmlns:wileyml="http://www.wiley.com/namespaces/wiley" ext:guid="92bcd80e-6a0a-4eb6-8b22-921db14ea652" xml:id="fc755463.IAPPCIPPSG.073">
<wileyml:revisionGroup>
<wileyml:revision agent="Lumina" date="2021-05-17" severity="major" type="created"/>
</wileyml:revisionGroup>
<item ext:type="14" ident="item-0001">
<itemmetadata>
<qmd_computerscored>Yes</qmd_computerscored>
<qmd_feedbackpermitted>Yes</qmd_feedbackpermitted>
<qmd_scoringpermitted>Yes</qmd_scoringpermitted>
<qmd_toolvendor>John Wiley and Sons Inc.</qmd_toolvendor>
<qmd_solutionspermitted>Yes</qmd_solutionspermitted>
</itemmetadata>
<presentation>
<wileyml:p>Give three examples of principle features of the Foreign Intelligence Surveillance Act (FISA).</wileyml:p>
<response_lid ident="fc755463.IAPPCIPPSG.073">
<render_choice>
<response_label ident="fc755463.IAPPCIPPSG.073_01">
<wileyml:p>Authorization for specific forms of surveillance</wileyml:p>
<wileyml:p>The Foreign Intelligence Surveillance Court (FISC)</wileyml:p>
<wileyml:p>Authority for warrantless surveillance</wileyml:p>
<wileyml:p>Surveillance of foreign powers</wileyml:p>
<wileyml:p>Surveillance of U.S. persons acting as agents of foreign powers</wileyml:p>
<wileyml:p>Minimization principle</wileyml:p>
</response_label>
</render_choice>
</response_lid>
</presentation>
<resprocessing>
<outcomes>
<decvar varname="REALSCORE"/>
</outcomes>
<respcondition>
<qticomment>Correct answer</qticomment>
<conditionvar>
<varequal respident="fc755463.IAPPCIPPSG.073">fc755463.IAPPCIPPSG.073_01</varequal>
</conditionvar>
<setvar action="Add" varname="REALSCORE">1</setvar>
</respcondition>
</resprocessing>
</item>
</questestinterop>