<?xml version="1.0" encoding="UTF-8"?><questestinterop xmlns="http://www.wiley.com/namespaces/wiley/qti" xmlns:ext="http://www.wiley.com/namespaces/wiley/qti/ext" xmlns:mml="http://www.w3.org/1998/Math/MathML" xmlns:wiley="http://www.wiley.com/namespaces/wiley/wiley" xmlns:wileyml="http://www.wiley.com/namespaces/wiley" ext:guid="fdcd399e-20cf-45b5-8f23-0fd143c1e738" xml:id="fc755463.IAPPCIPPSG.010">
<wileyml:revisionGroup>
<wileyml:revision agent="Lumina" date="2021-05-17" severity="major" type="created"/>
</wileyml:revisionGroup>
<item ext:type="14" ident="item-0001">
<itemmetadata>
<qmd_computerscored>Yes</qmd_computerscored>
<qmd_feedbackpermitted>Yes</qmd_feedbackpermitted>
<qmd_scoringpermitted>Yes</qmd_scoringpermitted>
<qmd_toolvendor>John Wiley and Sons Inc.</qmd_toolvendor>
<qmd_solutionspermitted>Yes</qmd_solutionspermitted>
</itemmetadata>
<presentation>
<wileyml:p>What are the 10 GAPP principles?</wileyml:p>
<response_lid ident="fc755463.IAPPCIPPSG.010">
<render_choice>
<response_label ident="fc755463.IAPPCIPPSG.010_01">
<wileyml:p><wileyml:tabularFixed>
<wileyml:table frame="none">
<wileyml:tgroup cols="2">
<wileyml:colspec align="left" colname="col1" colnum="1"/>
<wileyml:colspec align="left" colname="col2" colnum="2"/>
<wileyml:tbody>
<wileyml:row>
<wileyml:entry><wileyml:p>1.  Management</wileyml:p>
<wileyml:p>2.  Notice</wileyml:p>
<wileyml:p>3.  Choice and Consent</wileyml:p>
<wileyml:p>4.  Collection</wileyml:p>
<wileyml:p>5.  Use, Retention, and Disposal</wileyml:p></wileyml:entry>
<wileyml:entry><wileyml:p>6.  Access</wileyml:p>
<wileyml:p>7.  Disclosure to Third Parties</wileyml:p>
<wileyml:p>8.  Security for Privacy</wileyml:p>
<wileyml:p>9.  Quality</wileyml:p>
<wileyml:p>10. Monitoring and Enforcement</wileyml:p></wileyml:entry>
</wileyml:row>
</wileyml:tbody>
</wileyml:tgroup>
</wileyml:table>
</wileyml:tabularFixed></wileyml:p>
</response_label>
</render_choice>
</response_lid>
</presentation>
<resprocessing>
<outcomes>
<decvar varname="REALSCORE"/>
</outcomes>
<respcondition>
<qticomment>Correct answer</qticomment>
<conditionvar>
<varequal respident="fc755463.IAPPCIPPSG.010">fc755463.IAPPCIPPSG.010_01</varequal>
</conditionvar>
<setvar action="Add" varname="REALSCORE">1</setvar>
</respcondition>
</resprocessing>
</item>
</questestinterop>