<?xml version="1.0" encoding="UTF-8"?><questestinterop xmlns="http://www.wiley.com/namespaces/wiley/qti" xmlns:ext="http://www.wiley.com/namespaces/wiley/qti/ext" xmlns:mml="http://www.w3.org/1998/Math/MathML" xmlns:wiley="http://www.wiley.com/namespaces/wiley/wiley" xmlns:wileyml="http://www.wiley.com/namespaces/wiley" ext:guid="c38e8345-b002-45c9-b86f-7b3fcdb1363e" xml:id="fc755463.IAPPCIPPSG.075">
<wileyml:revisionGroup>
<wileyml:revision agent="Lumina" date="2021-05-17" severity="major" type="created"/>
</wileyml:revisionGroup>
<item ext:type="14" ident="item-0001">
<itemmetadata>
<qmd_computerscored>Yes</qmd_computerscored>
<qmd_feedbackpermitted>Yes</qmd_feedbackpermitted>
<qmd_scoringpermitted>Yes</qmd_scoringpermitted>
<qmd_toolvendor>John Wiley and Sons Inc.</qmd_toolvendor>
<qmd_solutionspermitted>Yes</qmd_solutionspermitted>
</itemmetadata>
<presentation>
<wileyml:p>Give one example of an exception to the Privacy Protection Act (PPA).</wileyml:p>
<response_lid ident="fc755463.IAPPCIPPSG.075">
<render_choice>
<response_label ident="fc755463.IAPPCIPPSG.075_01">
<wileyml:p>Situations where law enforcement is investigating a journalist as a suspect in a crime</wileyml:p>
<wileyml:p>Cases where an immediate search might be necessary to help law enforcement prevent death or serious injury</wileyml:p>
<wileyml:p>Situations where law enforcement has good reason to think that a journalist might destroy or alter important evidence if they receive advance warning</wileyml:p>
</response_label>
</render_choice>
</response_lid>
</presentation>
<resprocessing>
<outcomes>
<decvar varname="REALSCORE"/>
</outcomes>
<respcondition>
<qticomment>Correct answer</qticomment>
<conditionvar>
<varequal respident="fc755463.IAPPCIPPSG.075">fc755463.IAPPCIPPSG.075_01</varequal>
</conditionvar>
<setvar action="Add" varname="REALSCORE">1</setvar>
</respcondition>
</resprocessing>
</item>
</questestinterop>