<?xml version="1.0" encoding="UTF-8"?><questestinterop xmlns="http://www.wiley.com/namespaces/wiley/qti" xmlns:ext="http://www.wiley.com/namespaces/wiley/qti/ext" xmlns:mml="http://www.w3.org/1998/Math/MathML" xmlns:wiley="http://www.wiley.com/namespaces/wiley/wiley" xmlns:wileyml="http://www.wiley.com/namespaces/wiley" ext:guid="ca626f9f-ff02-4591-b6ba-d099161e9314" xml:id="fc755463.IAPPCIPPSG.012">
<wileyml:revisionGroup>
<wileyml:revision agent="Lumina" date="2021-05-17" severity="major" type="created"/>
</wileyml:revisionGroup>
<item ext:type="14" ident="item-0001">
<itemmetadata>
<qmd_computerscored>Yes</qmd_computerscored>
<qmd_feedbackpermitted>Yes</qmd_feedbackpermitted>
<qmd_scoringpermitted>Yes</qmd_scoringpermitted>
<qmd_toolvendor>John Wiley and Sons Inc.</qmd_toolvendor>
<qmd_solutionspermitted>Yes</qmd_solutionspermitted>
</itemmetadata>
<presentation>
<wileyml:p>What are four objectives that align with the DOC’s third privacy goal to conduct robust compliance and oversight programs?</wileyml:p>
<response_lid ident="fc755463.IAPPCIPPSG.012">
<render_choice>
<response_label ident="fc755463.IAPPCIPPSG.012_01">
<wileyml:p><wileyml:list style="1">
<wileyml:listItem>Review, assess, and provide guidance to DOC programs, systems, projects, information sharing arrangements, and other initiatives to reduce the impact on privacy and ensure compliance.</wileyml:listItem>
<wileyml:listItem>Promote privacy best practices and guidance to the DOC’s information sharing and intelligence activities.</wileyml:listItem>
<wileyml:listItem>Ensure that incidents are reported systematically, processed efficiently, and mitigated appropriately.</wileyml:listItem>
<wileyml:listItem>Evaluate DOC programs and activities for compliance with privacy and disclosure laws.</wileyml:listItem>
</wileyml:list></wileyml:p>
</response_label>
</render_choice>
</response_lid>
</presentation>
<resprocessing>
<outcomes>
<decvar varname="REALSCORE"/>
</outcomes>
<respcondition>
<qticomment>Correct answer</qticomment>
<conditionvar>
<varequal respident="fc755463.IAPPCIPPSG.012">fc755463.IAPPCIPPSG.012_01</varequal>
</conditionvar>
<setvar action="Add" varname="REALSCORE">1</setvar>
</respcondition>
</resprocessing>
</item>
</questestinterop>