<?xml version="1.0" encoding="UTF-8"?><questestinterop xmlns="http://www.wiley.com/namespaces/wiley/qti" xmlns:ext="http://www.wiley.com/namespaces/wiley/qti/ext" xmlns:mml="http://www.w3.org/1998/Math/MathML" xmlns:wiley="http://www.wiley.com/namespaces/wiley/wiley" xmlns:wileyml="http://www.wiley.com/namespaces/wiley" ext:guid="72f2c2a8-edcc-4e9a-ba0d-fdbe7c93148e" xml:id="fc755463.IAPPCIPPSG.105">
<wileyml:revisionGroup>
<wileyml:revision agent="Lumina" date="2021-05-17" severity="major" type="created"/>
</wileyml:revisionGroup>
<item ext:type="14" ident="item-0001">
<itemmetadata>
<qmd_computerscored>Yes</qmd_computerscored>
<qmd_feedbackpermitted>Yes</qmd_feedbackpermitted>
<qmd_scoringpermitted>Yes</qmd_scoringpermitted>
<qmd_toolvendor>John Wiley and Sons Inc.</qmd_toolvendor>
<qmd_solutionspermitted>Yes</qmd_solutionspermitted>
</itemmetadata>
<presentation>
<wileyml:p>Give five examples of data subject rights under the GDPR.</wileyml:p>
<response_lid ident="fc755463.IAPPCIPPSG.105">
<render_choice>
<response_label ident="fc755463.IAPPCIPPSG.105_01">
<wileyml:p>Right of access</wileyml:p>
<wileyml:p>Right to rectification</wileyml:p>
<wileyml:p>Right to restriction of processing</wileyml:p>
<wileyml:p>Right of erasure</wileyml:p>
<wileyml:p>Notification obligations</wileyml:p>
<wileyml:p>Right to data portability</wileyml:p>
<wileyml:p>Right to object</wileyml:p>
<wileyml:p>Automated individual decision making, including profiling</wileyml:p>
</response_label>
</render_choice>
</response_lid>
</presentation>
<resprocessing>
<outcomes>
<decvar varname="REALSCORE"/>
</outcomes>
<respcondition>
<qticomment>Correct answer</qticomment>
<conditionvar>
<varequal respident="fc755463.IAPPCIPPSG.105">fc755463.IAPPCIPPSG.105_01</varequal>
</conditionvar>
<setvar action="Add" varname="REALSCORE">1</setvar>
</respcondition>
</resprocessing>
</item>
</questestinterop>