<?xml version="1.0" encoding="UTF-8"?><questestinterop xmlns="http://www.wiley.com/namespaces/wiley/qti" xmlns:ext="http://www.wiley.com/namespaces/wiley/qti/ext" xmlns:mml="http://www.w3.org/1998/Math/MathML" xmlns:wiley="http://www.wiley.com/namespaces/wiley/wiley" xmlns:wileyml="http://www.wiley.com/namespaces/wiley" ext:guid="6a5eaef7-b17d-456d-b40e-47a5505d08ea" xml:id="fc755463.IAPPCIPPSG.084">
<wileyml:revisionGroup>
<wileyml:revision agent="Lumina" date="2021-05-17" severity="major" type="created"/>
</wileyml:revisionGroup>
<item ext:type="14" ident="item-0001">
<itemmetadata>
<qmd_computerscored>Yes</qmd_computerscored>
<qmd_feedbackpermitted>Yes</qmd_feedbackpermitted>
<qmd_scoringpermitted>Yes</qmd_scoringpermitted>
<qmd_toolvendor>John Wiley and Sons Inc.</qmd_toolvendor>
<qmd_solutionspermitted>Yes</qmd_solutionspermitted>
</itemmetadata>
<presentation>
<wileyml:p>What are four preemployment screening methods mentioned in this book?</wileyml:p>
<response_lid ident="fc755463.IAPPCIPPSG.084">
<render_choice>
<response_label ident="fc755463.IAPPCIPPSG.084_01">
<wileyml:p>Personality and psychological evaluations</wileyml:p>
<wileyml:p>Polygraph testing</wileyml:p>
<wileyml:p>Drug and alcohol testing</wileyml:p>
<wileyml:p>Social media</wileyml:p>
</response_label>
</render_choice>
</response_lid>
</presentation>
<resprocessing>
<outcomes>
<decvar varname="REALSCORE"/>
</outcomes>
<respcondition>
<qticomment>Correct answer</qticomment>
<conditionvar>
<varequal respident="fc755463.IAPPCIPPSG.084">fc755463.IAPPCIPPSG.084_01</varequal>
</conditionvar>
<setvar action="Add" varname="REALSCORE">1</setvar>
</respcondition>
</resprocessing>
</item>
</questestinterop>