<?xml version="1.0" encoding="UTF-8"?><questestinterop xmlns="http://www.wiley.com/namespaces/wiley/qti" xmlns:ext="http://www.wiley.com/namespaces/wiley/qti/ext" xmlns:mml="http://www.w3.org/1998/Math/MathML" xmlns:wiley="http://www.wiley.com/namespaces/wiley/wiley" xmlns:wileyml="http://www.wiley.com/namespaces/wiley" ext:guid="c8d8f407-365d-41a6-a629-95826a6214ba" xml:id="fc755463.IAPPCIPPSG.003">
<wileyml:revisionGroup>
<wileyml:revision agent="Lumina" date="2021-05-17" severity="major" type="created"/>
</wileyml:revisionGroup>
<item ext:type="14" ident="item-0001">
<itemmetadata>
<qmd_computerscored>Yes</qmd_computerscored>
<qmd_feedbackpermitted>Yes</qmd_feedbackpermitted>
<qmd_scoringpermitted>Yes</qmd_scoringpermitted>
<qmd_toolvendor>John Wiley and Sons Inc.</qmd_toolvendor>
<qmd_solutionspermitted>Yes</qmd_solutionspermitted>
</itemmetadata>
<presentation>
<wileyml:p>Give three examples of special categories of personal data listed by GDPR.</wileyml:p>
<response_lid ident="fc755463.IAPPCIPPSG.003">
<render_choice>
<response_label ident="fc755463.IAPPCIPPSG.003_01">
<wileyml:p>Racial or ethnic origin</wileyml:p>
<wileyml:p>Political opinions</wileyml:p>
<wileyml:p>Religious or philosophical beliefs</wileyml:p>
<wileyml:p>Trade union membership</wileyml:p>
<wileyml:p>Genetic data</wileyml:p>
<wileyml:p>Biometric data used for the purpose of uniquely identifying a natural person</wileyml:p>
<wileyml:p>Health data</wileyml:p>
<wileyml:p>Data concerning a natural person’s sex life or sexual orientation</wileyml:p>
</response_label>
</render_choice>
</response_lid>
</presentation>
<resprocessing>
<outcomes>
<decvar varname="REALSCORE"/>
</outcomes>
<respcondition>
<qticomment>Correct answer</qticomment>
<conditionvar>
<varequal respident="fc755463.IAPPCIPPSG.003">fc755463.IAPPCIPPSG.003_01</varequal>
</conditionvar>
<setvar action="Add" varname="REALSCORE">1</setvar>
</respcondition>
</resprocessing>
</item>
</questestinterop>