<?xml version="1.0" encoding="UTF-8"?><questestinterop xmlns="http://www.wiley.com/namespaces/wiley/qti" xmlns:ext="http://www.wiley.com/namespaces/wiley/qti/ext" xmlns:mml="http://www.w3.org/1998/Math/MathML" xmlns:wiley="http://www.wiley.com/namespaces/wiley/wiley" xmlns:wileyml="http://www.wiley.com/namespaces/wiley" ext:guid="9145ba77-ceef-410d-9cd5-4f7b5f9c6565" xml:id="fc755463.IAPPCIPPSG.035">
<wileyml:revisionGroup>
<wileyml:revision agent="Lumina" date="2021-05-17" severity="major" type="created"/>
</wileyml:revisionGroup>
<item ext:type="14" ident="item-0001">
<itemmetadata>
<qmd_computerscored>Yes</qmd_computerscored>
<qmd_feedbackpermitted>Yes</qmd_feedbackpermitted>
<qmd_scoringpermitted>Yes</qmd_scoringpermitted>
<qmd_toolvendor>John Wiley and Sons Inc.</qmd_toolvendor>
<qmd_solutionspermitted>Yes</qmd_solutionspermitted>
</itemmetadata>
<presentation>
<wileyml:p>Determining whether a practice unfairly injures consumers requires the use of a three‐pronged test that was documented in a 1980 FTC Policy Statement on Unfairness. What are they?</wileyml:p>
<response_lid ident="fc755463.IAPPCIPPSG.035">
<render_choice>
<response_label ident="fc755463.IAPPCIPPSG.035_01">
<wileyml:p>The injury must be substantial.</wileyml:p>
<wileyml:p>The injury must not be outweighed by countervailing benefits to consumers and to competition.</wileyml:p>
<wileyml:p>The injury must not be reasonably avoidable.</wileyml:p>
</response_label>
</render_choice>
</response_lid>
</presentation>
<resprocessing>
<outcomes>
<decvar varname="REALSCORE"/>
</outcomes>
<respcondition>
<qticomment>Correct answer</qticomment>
<conditionvar>
<varequal respident="fc755463.IAPPCIPPSG.035">fc755463.IAPPCIPPSG.035_01</varequal>
</conditionvar>
<setvar action="Add" varname="REALSCORE">1</setvar>
</respcondition>
</resprocessing>
</item>
</questestinterop>