<?xml version="1.0" encoding="UTF-8"?><questestinterop xmlns="http://www.wiley.com/namespaces/wiley/qti" xmlns:ext="http://www.wiley.com/namespaces/wiley/qti/ext" xmlns:mml="http://www.w3.org/1998/Math/MathML" xmlns:wiley="http://www.wiley.com/namespaces/wiley/wiley" xmlns:wileyml="http://www.wiley.com/namespaces/wiley" ext:guid="d03efaec-dbfe-4fee-aa90-b16770b29059" xml:id="fc755463.IAPPCIPPSG.016">
<wileyml:revisionGroup>
<wileyml:revision agent="Lumina" date="2021-05-17" severity="major" type="created"/>
</wileyml:revisionGroup>
<item ext:type="14" ident="item-0001">
<itemmetadata>
<qmd_computerscored>Yes</qmd_computerscored>
<qmd_feedbackpermitted>Yes</qmd_feedbackpermitted>
<qmd_scoringpermitted>Yes</qmd_scoringpermitted>
<qmd_toolvendor>John Wiley and Sons Inc.</qmd_toolvendor>
<qmd_solutionspermitted>Yes</qmd_solutionspermitted>
</itemmetadata>
<presentation>
<wileyml:p>What are the three key objectives of cybersecurity programs and what do they mean?</wileyml:p>
<response_lid ident="fc755463.IAPPCIPPSG.016">
<render_choice>
<response_label ident="fc755463.IAPPCIPPSG.016_01">
<wileyml:p>Confidentiality ensures that unauthorized individuals are not able to gain access to sensitive information.</wileyml:p>
<wileyml:p>Integrity ensures that there are no unauthorized modifications to information or systems, either intentionally or unintentionally.</wileyml:p>
<wileyml:p>Availability ensures that information and systems are ready to meet the needs of legitimate users at the time those users request them.</wileyml:p>
</response_label>
</render_choice>
</response_lid>
</presentation>
<resprocessing>
<outcomes>
<decvar varname="REALSCORE"/>
</outcomes>
<respcondition>
<qticomment>Correct answer</qticomment>
<conditionvar>
<varequal respident="fc755463.IAPPCIPPSG.016">fc755463.IAPPCIPPSG.016_01</varequal>
</conditionvar>
<setvar action="Add" varname="REALSCORE">1</setvar>
</respcondition>
</resprocessing>
</item>
</questestinterop>