<?xml version="1.0" encoding="UTF-8"?><questestinterop xmlns="http://www.wiley.com/namespaces/wiley/qti" xmlns:ext="http://www.wiley.com/namespaces/wiley/qti/ext" xmlns:mml="http://www.w3.org/1998/Math/MathML" xmlns:wiley="http://www.wiley.com/namespaces/wiley/wiley" xmlns:wileyml="http://www.wiley.com/namespaces/wiley" ext:guid="61931faa-606c-4db1-94cf-43e7b7a58561" xml:id="fc755463.IAPPCIPPSG.061">
<wileyml:revisionGroup>
<wileyml:revision agent="Lumina" date="2021-05-17" severity="major" type="created"/>
</wileyml:revisionGroup>
<item ext:type="14" ident="item-0001">
<itemmetadata>
<qmd_computerscored>Yes</qmd_computerscored>
<qmd_feedbackpermitted>Yes</qmd_feedbackpermitted>
<qmd_scoringpermitted>Yes</qmd_scoringpermitted>
<qmd_toolvendor>John Wiley and Sons Inc.</qmd_toolvendor>
<qmd_solutionspermitted>Yes</qmd_solutionspermitted>
</itemmetadata>
<presentation>
<wileyml:p>Give three examples of information that make something a credit report under the Fair Credit Reporting Act (FCRA).</wileyml:p>
<response_lid ident="fc755463.IAPPCIPPSG.061">
<render_choice>
<response_label ident="fc755463.IAPPCIPPSG.061_01">
<wileyml:p>Creditworthiness</wileyml:p>
<wileyml:p>Credit standing</wileyml:p>
<wileyml:p>Credit capacity</wileyml:p>
<wileyml:p>Character</wileyml:p>
<wileyml:p>General reputation</wileyml:p>
<wileyml:p>Personal characteristics</wileyml:p>
<wileyml:p>Mode of living</wileyml:p>
</response_label>
</render_choice>
</response_lid>
</presentation>
<resprocessing>
<outcomes>
<decvar varname="REALSCORE"/>
</outcomes>
<respcondition>
<qticomment>Correct answer</qticomment>
<conditionvar>
<varequal respident="fc755463.IAPPCIPPSG.061">fc755463.IAPPCIPPSG.061_01</varequal>
</conditionvar>
<setvar action="Add" varname="REALSCORE">1</setvar>
</respcondition>
</resprocessing>
</item>
</questestinterop>