<?xml version="1.0" encoding="UTF-8"?><questestinterop xmlns="http://www.wiley.com/namespaces/wiley/qti" xmlns:ext="http://www.wiley.com/namespaces/wiley/qti/ext" xmlns:mml="http://www.w3.org/1998/Math/MathML" xmlns:wiley="http://www.wiley.com/namespaces/wiley/wiley" xmlns:wileyml="http://www.wiley.com/namespaces/wiley" ext:guid="a822923a-6459-4f45-adad-b279932f5b1d" xml:id="fc755463.IAPPCIPPSG.108">
<wileyml:revisionGroup>
<wileyml:revision agent="Lumina" date="2021-05-17" severity="major" type="created"/>
</wileyml:revisionGroup>
<item ext:type="14" ident="item-0001">
<itemmetadata>
<qmd_computerscored>Yes</qmd_computerscored>
<qmd_feedbackpermitted>Yes</qmd_feedbackpermitted>
<qmd_scoringpermitted>Yes</qmd_scoringpermitted>
<qmd_toolvendor>John Wiley and Sons Inc.</qmd_toolvendor>
<qmd_solutionspermitted>Yes</qmd_solutionspermitted>
</itemmetadata>
<presentation>
<wileyml:p>List at least five of the nine core principles of the APEC data privacy framework.</wileyml:p>
<response_lid ident="fc755463.IAPPCIPPSG.108">
<render_choice>
<response_label ident="fc755463.IAPPCIPPSG.108_01">
<wileyml:p>Preventing Harm</wileyml:p>
<wileyml:p>Notice</wileyml:p>
<wileyml:p>Collection Limitation</wileyml:p>
<wileyml:p>Uses of Personal Information</wileyml:p>
<wileyml:p>Choice</wileyml:p>
<wileyml:p>Integrity of Personal Information</wileyml:p>
<wileyml:p>Security Safeguards</wileyml:p>
<wileyml:p>Access and Correction</wileyml:p>
<wileyml:p>Accountability</wileyml:p>
</response_label>
</render_choice>
</response_lid>
</presentation>
<resprocessing>
<outcomes>
<decvar varname="REALSCORE"/>
</outcomes>
<respcondition>
<qticomment>Correct answer</qticomment>
<conditionvar>
<varequal respident="fc755463.IAPPCIPPSG.108">fc755463.IAPPCIPPSG.108_01</varequal>
</conditionvar>
<setvar action="Add" varname="REALSCORE">1</setvar>
</respcondition>
</resprocessing>
</item>
</questestinterop>