<?xml version="1.0" encoding="UTF-8"?><questestinterop xmlns="http://www.wiley.com/namespaces/wiley/qti" xmlns:ext="http://www.wiley.com/namespaces/wiley/qti/ext" xmlns:mml="http://www.w3.org/1998/Math/MathML" xmlns:wiley="http://www.wiley.com/namespaces/wiley/wiley" xmlns:wileyml="http://www.wiley.com/namespaces/wiley" ext:guid="6d835682-76d9-4796-8ac2-c0e0fbadd4f1" xml:id="fc755463.IAPPCIPPSG.038">
<wileyml:revisionGroup>
<wileyml:revision agent="Lumina" date="2021-05-17" severity="major" type="created"/>
</wileyml:revisionGroup>
<item ext:type="14" ident="item-0001">
<itemmetadata>
<qmd_computerscored>Yes</qmd_computerscored>
<qmd_feedbackpermitted>Yes</qmd_feedbackpermitted>
<qmd_scoringpermitted>Yes</qmd_scoringpermitted>
<qmd_toolvendor>John Wiley and Sons Inc.</qmd_toolvendor>
<qmd_solutionspermitted>Yes</qmd_solutionspermitted>
</itemmetadata>
<presentation>
<wileyml:p>List four of the federal agencies that share responsibility for regulating the financial industry.</wileyml:p>
<response_lid ident="fc755463.IAPPCIPPSG.038">
<render_choice>
<response_label ident="fc755463.IAPPCIPPSG.038_01">
<wileyml:p>The Consumer Financial Protection Bureau (CFPB)</wileyml:p>
<wileyml:p>The Federal Reserve</wileyml:p>
<wileyml:p>The National Credit Union Administration (NCUA)</wileyml:p>
<wileyml:p>The Federal Deposit Insurance Corporation (FDIC)</wileyml:p>
<wileyml:p>The Office of the Comptroller of the Currency</wileyml:p>
</response_label>
</render_choice>
</response_lid>
</presentation>
<resprocessing>
<outcomes>
<decvar varname="REALSCORE"/>
</outcomes>
<respcondition>
<qticomment>Correct answer</qticomment>
<conditionvar>
<varequal respident="fc755463.IAPPCIPPSG.038">fc755463.IAPPCIPPSG.038_01</varequal>
</conditionvar>
<setvar action="Add" varname="REALSCORE">1</setvar>
</respcondition>
</resprocessing>
</item>
</questestinterop>