<?xml version="1.0" encoding="UTF-8"?><questestinterop xmlns="http://www.wiley.com/namespaces/wiley/qti" xmlns:ext="http://www.wiley.com/namespaces/wiley/qti/ext" xmlns:mml="http://www.w3.org/1998/Math/MathML" xmlns:wiley="http://www.wiley.com/namespaces/wiley/wiley" xmlns:wileyml="http://www.wiley.com/namespaces/wiley" ext:guid="21425eed-7f8c-47d5-96a0-0b9aff57f94a" xml:id="fc755463.IAPPCIPPSG.007">
<wileyml:revisionGroup>
<wileyml:revision agent="Lumina" date="2021-05-17" severity="major" type="created"/>
</wileyml:revisionGroup>
<item ext:type="14" ident="item-0001">
<itemmetadata>
<qmd_computerscored>Yes</qmd_computerscored>
<qmd_feedbackpermitted>Yes</qmd_feedbackpermitted>
<qmd_scoringpermitted>Yes</qmd_scoringpermitted>
<qmd_toolvendor>John Wiley and Sons Inc.</qmd_toolvendor>
<qmd_solutionspermitted>Yes</qmd_solutionspermitted>
</itemmetadata>
<presentation>
<wileyml:p>Give three examples of removable information required by the Safe Harbor deidentification method.</wileyml:p>
<response_lid ident="fc755463.IAPPCIPPSG.007">
<render_choice>
<response_label ident="fc755463.IAPPCIPPSG.007_01">
<wileyml:p><wileyml:tabularFixed>
<wileyml:table frame="none">
<wileyml:tgroup cols="2">
<wileyml:colspec align="left" colname="col1" colnum="1"/>
<wileyml:colspec align="left" colname="col2" colnum="2"/>
<wileyml:tbody>
<wileyml:row>
<wileyml:entry><wileyml:p>Names</wileyml:p></wileyml:entry>
<wileyml:entry><wileyml:p>Web URLs</wileyml:p></wileyml:entry>
</wileyml:row>
<wileyml:row>
<wileyml:entry><wileyml:p>Geographic divisions and ZIP codes containing fewer than 20,000 people</wileyml:p>
<wileyml:p>The month and day of a person’s birth, death, hospital admission or discharge or the age in years of a person over 89</wileyml:p>
<wileyml:p>Telephone numbers</wileyml:p>
<wileyml:p>Vehicle identifiers, serial numbers, and license plate numbers</wileyml:p>
<wileyml:p>Fax numbers</wileyml:p>
<wileyml:p>Device identifiers and serial numbers</wileyml:p>
<wileyml:p>Email addresses</wileyml:p></wileyml:entry>
<wileyml:entry><wileyml:p>Social Security numbers</wileyml:p>
<wileyml:p>IP addresses</wileyml:p>
<wileyml:p>Medical record numbers</wileyml:p>
<wileyml:p>Biometric identifiers</wileyml:p>
<wileyml:p>Health plan numbers</wileyml:p>
<wileyml:p>Full‐face photographs</wileyml:p>
<wileyml:p>Account numbers</wileyml:p>
<wileyml:p>Certificate/license number</wileyml:p></wileyml:entry>
</wileyml:row>
</wileyml:tbody>
</wileyml:tgroup>
</wileyml:table>
</wileyml:tabularFixed></wileyml:p>
</response_label>
</render_choice>
</response_lid>
</presentation>
<resprocessing>
<outcomes>
<decvar varname="REALSCORE"/>
</outcomes>
<respcondition>
<qticomment>Correct answer</qticomment>
<conditionvar>
<varequal respident="fc755463.IAPPCIPPSG.007">fc755463.IAPPCIPPSG.007_01</varequal>
</conditionvar>
<setvar action="Add" varname="REALSCORE">1</setvar>
</respcondition>
</resprocessing>
</item>
</questestinterop>