<?xml version="1.0" encoding="UTF-8"?><questestinterop xmlns="http://www.wiley.com/namespaces/wiley/qti" xmlns:ext="http://www.wiley.com/namespaces/wiley/qti/ext" xmlns:mml="http://www.w3.org/1998/Math/MathML" xmlns:wiley="http://www.wiley.com/namespaces/wiley/wiley" xmlns:wileyml="http://www.wiley.com/namespaces/wiley" ext:guid="3115d41e-7edc-4d42-856d-8c4d11808687" xml:id="fc755463.IAPPCIPPSG.021">
<wileyml:revisionGroup>
<wileyml:revision agent="Lumina" date="2021-05-17" severity="major" type="created"/>
</wileyml:revisionGroup>
<item ext:type="14" ident="item-0001">
<itemmetadata>
<qmd_computerscored>Yes</qmd_computerscored>
<qmd_feedbackpermitted>Yes</qmd_feedbackpermitted>
<qmd_scoringpermitted>Yes</qmd_scoringpermitted>
<qmd_toolvendor>John Wiley and Sons Inc.</qmd_toolvendor>
<qmd_solutionspermitted>Yes</qmd_solutionspermitted>
</itemmetadata>
<presentation>
<wileyml:p>Name one additional specific power that the president has (identified in the U.S. Constitution).</wileyml:p>
<response_lid ident="fc755463.IAPPCIPPSG.021">
<render_choice>
<response_label ident="fc755463.IAPPCIPPSG.021_01">
<wileyml:p>Serving as commander‐in‐chief of the U.S. military forces</wileyml:p>
<wileyml:p>Granting pardons and reprieves for offenses against the United States</wileyml:p>
<wileyml:p>Negotiating treaties with other nations on behalf of the United States</wileyml:p>
<wileyml:p>Appointing justices to the Supreme Court, ambassadors to foreign nations, and other officers of the federal government</wileyml:p>
</response_label>
</render_choice>
</response_lid>
</presentation>
<resprocessing>
<outcomes>
<decvar varname="REALSCORE"/>
</outcomes>
<respcondition>
<qticomment>Correct answer</qticomment>
<conditionvar>
<varequal respident="fc755463.IAPPCIPPSG.021">fc755463.IAPPCIPPSG.021_01</varequal>
</conditionvar>
<setvar action="Add" varname="REALSCORE">1</setvar>
</respcondition>
</resprocessing>
</item>
</questestinterop>