<?xml version="1.0" encoding="UTF-8"?><questestinterop xmlns="http://www.wiley.com/namespaces/wiley/qti" xmlns:ext="http://www.wiley.com/namespaces/wiley/qti/ext" xmlns:mml="http://www.w3.org/1998/Math/MathML" xmlns:wiley="http://www.wiley.com/namespaces/wiley/wiley" xmlns:wileyml="http://www.wiley.com/namespaces/wiley" ext:guid="40be831e-80c2-4722-adc0-c6314ebe5aaa" xml:id="fc755463.IAPPCIPPSG.083">
<wileyml:revisionGroup>
<wileyml:revision agent="Lumina" date="2021-05-17" severity="major" type="created"/>
</wileyml:revisionGroup>
<item ext:type="14" ident="item-0001">
<itemmetadata>
<qmd_computerscored>Yes</qmd_computerscored>
<qmd_feedbackpermitted>Yes</qmd_feedbackpermitted>
<qmd_scoringpermitted>Yes</qmd_scoringpermitted>
<qmd_toolvendor>John Wiley and Sons Inc.</qmd_toolvendor>
<qmd_solutionspermitted>Yes</qmd_solutionspermitted>
</itemmetadata>
<presentation>
<wileyml:p>List one requirement of the Fair Credit Reporting Act (FCRA) that employers must follow in order to conduct background checks on employees.</wileyml:p>
<response_lid ident="fc755463.IAPPCIPPSG.083">
<render_choice>
<response_label ident="fc755463.IAPPCIPPSG.083_01">
<wileyml:p>Notify applicants about the process.</wileyml:p>
<wileyml:p>Obtain written authorization from applicants.</wileyml:p>
<wileyml:p>If a background screen includes interviews with personal contacts of the applicant to learn more about attributes such as “character” or “mode of living,” then it would be considered an <wileyml:i>investigative report</wileyml:i> under the FCRA</wileyml:p>
<wileyml:p>Provide certification to the furnisher of background reporting information that they are in full compliance with the FCRA and all other applicable federal and state states, including laws prohibiting discrimination.</wileyml:p>
</response_label>
</render_choice>
</response_lid>
</presentation>
<resprocessing>
<outcomes>
<decvar varname="REALSCORE"/>
</outcomes>
<respcondition>
<qticomment>Correct answer</qticomment>
<conditionvar>
<varequal respident="fc755463.IAPPCIPPSG.083">fc755463.IAPPCIPPSG.083_01</varequal>
</conditionvar>
<setvar action="Add" varname="REALSCORE">1</setvar>
</respcondition>
</resprocessing>
</item>
</questestinterop>