<?xml version="1.0" encoding="UTF-8"?><questestinterop xmlns="http://www.wiley.com/namespaces/wiley/qti" xmlns:ext="http://www.wiley.com/namespaces/wiley/qti/ext" xmlns:mml="http://www.w3.org/1998/Math/MathML" xmlns:wiley="http://www.wiley.com/namespaces/wiley/wiley" xmlns:wileyml="http://www.wiley.com/namespaces/wiley" ext:guid="1e9937d4-70b4-4a08-8499-42440afcab6e" xml:id="fc755463.IAPPCIPPSG.052">
<wileyml:revisionGroup>
<wileyml:revision agent="Lumina" date="2021-05-17" severity="major" type="created"/>
</wileyml:revisionGroup>
<item ext:type="14" ident="item-0001">
<itemmetadata>
<qmd_computerscored>Yes</qmd_computerscored>
<qmd_feedbackpermitted>Yes</qmd_feedbackpermitted>
<qmd_scoringpermitted>Yes</qmd_scoringpermitted>
<qmd_toolvendor>John Wiley and Sons Inc.</qmd_toolvendor>
<qmd_solutionspermitted>Yes</qmd_solutionspermitted>
</itemmetadata>
<presentation>
<wileyml:p>List all five objectives at the containment, eradication, and recovery phase</wileyml:p>
<response_lid ident="fc755463.IAPPCIPPSG.052">
<render_choice>
<response_label ident="fc755463.IAPPCIPPSG.052_01">
<wileyml:p><wileyml:list style="1">
<wileyml:listItem>Select a containment strategy appropriate to the incident circumstances.</wileyml:listItem>
<wileyml:listItem>Implement the selected containment strategy to limit the damage caused by the incident.</wileyml:listItem>
<wileyml:listItem>Gather additional evidence as needed to support the response effort and potential legal action.</wileyml:listItem>
<wileyml:listItem>Identify the attackers and attacking systems.</wileyml:listItem>
<wileyml:listItem>Eradicate the effects of the incident and recover normal business operations.</wileyml:listItem>
</wileyml:list></wileyml:p>
</response_label>
</render_choice>
</response_lid>
</presentation>
<resprocessing>
<outcomes>
<decvar varname="REALSCORE"/>
</outcomes>
<respcondition>
<qticomment>Correct answer</qticomment>
<conditionvar>
<varequal respident="fc755463.IAPPCIPPSG.052">fc755463.IAPPCIPPSG.052_01</varequal>
</conditionvar>
<setvar action="Add" varname="REALSCORE">1</setvar>
</respcondition>
</resprocessing>
</item>
</questestinterop>