<?xml version="1.0" encoding="UTF-8"?><questestinterop xmlns="http://www.wiley.com/namespaces/wiley/qti" xmlns:ext="http://www.wiley.com/namespaces/wiley/qti/ext" xmlns:mml="http://www.w3.org/1998/Math/MathML" xmlns:wiley="http://www.wiley.com/namespaces/wiley/wiley" xmlns:wileyml="http://www.wiley.com/namespaces/wiley" ext:guid="73bf54f2-9d7e-474e-af45-dac04af7ed0b" xml:id="fc248835.CBAPCCBASG2E.015">
<wileyml:revisionGroup>
<wileyml:revision agent="Lumina" date="2021-08-06" severity="major" type="created"/>
</wileyml:revisionGroup>
<item ext:type="14" ident="item-0001">
<itemmetadata>
<qmd_computerscored>Yes</qmd_computerscored>
<qmd_feedbackpermitted>Yes</qmd_feedbackpermitted>
<qmd_scoringpermitted>Yes</qmd_scoringpermitted>
<qmd_toolvendor>John Wiley and Sons Inc.</qmd_toolvendor>
<qmd_solutionspermitted>Yes</qmd_solutionspermitted>
</itemmetadata>
<presentation>
<wileyml:p>List the six categories of underlying competencies.</wileyml:p>
<response_lid ident="fc248835.CBAPCCBASG2E.015">
<render_choice>
<response_label ident="fc248835.CBAPCCBASG2E.015_01">
<wileyml:p><wileyml:list style="plain">
<wileyml:listItem>Analytical thinking and problem solving</wileyml:listItem>
<wileyml:listItem>Behavioural characteristics</wileyml:listItem>
<wileyml:listItem>Business knowledge</wileyml:listItem>
<wileyml:listItem>Communication skills</wileyml:listItem>
<wileyml:listItem>Interaction skills</wileyml:listItem>
<wileyml:listItem>Tools and technology</wileyml:listItem>
</wileyml:list></wileyml:p>
</response_label>
</render_choice>
</response_lid>
</presentation>
<resprocessing>
<outcomes>
<decvar varname="REALSCORE"/>
</outcomes>
<respcondition>
<qticomment>Correct answer</qticomment>
<conditionvar>
<varequal respident="fc248835.CBAPCCBASG2E.015">fc248835.CBAPCCBASG2E.015_01</varequal>
</conditionvar>
<setvar action="Add" varname="REALSCORE">1</setvar>
</respcondition>
</resprocessing>
</item>
</questestinterop>