<?xml version="1.0" encoding="UTF-8"?><questestinterop xmlns="http://www.wiley.com/namespaces/wiley/qti" xmlns:ext="http://www.wiley.com/namespaces/wiley/qti/ext" xmlns:mml="http://www.w3.org/1998/Math/MathML" xmlns:wiley="http://www.wiley.com/namespaces/wiley/wiley" xmlns:wileyml="http://www.wiley.com/namespaces/wiley" ext:guid="b0233298-df09-42f6-9ad3-99b90f6e016d" xml:id="fc248835.CBAPCCBASG2E.019">
<wileyml:revisionGroup>
<wileyml:revision agent="Lumina" date="2021-08-06" severity="major" type="created"/>
</wileyml:revisionGroup>
<item ext:type="14" ident="item-0001">
<itemmetadata>
<qmd_computerscored>Yes</qmd_computerscored>
<qmd_feedbackpermitted>Yes</qmd_feedbackpermitted>
<qmd_scoringpermitted>Yes</qmd_scoringpermitted>
<qmd_toolvendor>John Wiley and Sons Inc.</qmd_toolvendor>
<qmd_solutionspermitted>Yes</qmd_solutionspermitted>
</itemmetadata>
<presentation>
<wileyml:p>List the ten types of implementation SMEs.</wileyml:p>
<response_lid ident="fc248835.CBAPCCBASG2E.019">
<render_choice>
<response_label ident="fc248835.CBAPCCBASG2E.019_01">
<wileyml:p><wileyml:tabularFixed>
<wileyml:table frame="none">
<wileyml:tgroup cols="2">
<wileyml:colspec align="left" colname="col1" colnum="1"/>
<wileyml:colspec align="left" colname="col2" colnum="2"/>
<wileyml:tbody>
<wileyml:row>
<wileyml:entry>Project librarian</wileyml:entry>
<wileyml:entry>Information architect</wileyml:entry>
</wileyml:row>
<wileyml:row>
<wileyml:entry>Change manager</wileyml:entry>
<wileyml:entry>Usability analyst</wileyml:entry>
</wileyml:row>
<wileyml:row>
<wileyml:entry>Configuration manager</wileyml:entry>
<wileyml:entry>Trainer</wileyml:entry>
</wileyml:row>
<wileyml:row>
<wileyml:entry>Solution architect</wileyml:entry>
<wileyml:entry>Organizational change consultant</wileyml:entry>
</wileyml:row>
<wileyml:row>
<wileyml:entry>Developer</wileyml:entry>
<wileyml:entry/>
</wileyml:row>
<wileyml:row>
<wileyml:entry>Database administrator</wileyml:entry>
<wileyml:entry/>
</wileyml:row>
</wileyml:tbody>
</wileyml:tgroup>
</wileyml:table>
</wileyml:tabularFixed></wileyml:p>
</response_label>
</render_choice>
</response_lid>
</presentation>
<resprocessing>
<outcomes>
<decvar varname="REALSCORE"/>
</outcomes>
<respcondition>
<qticomment>Correct answer</qticomment>
<conditionvar>
<varequal respident="fc248835.CBAPCCBASG2E.019">fc248835.CBAPCCBASG2E.019_01</varequal>
</conditionvar>
<setvar action="Add" varname="REALSCORE">1</setvar>
</respcondition>
</resprocessing>
</item>
</questestinterop>