<?xml version="1.0" encoding="UTF-8"?><questestinterop xmlns="http://www.wiley.com/namespaces/wiley/qti" xmlns:ext="http://www.wiley.com/namespaces/wiley/qti/ext" xmlns:mml="http://www.w3.org/1998/Math/MathML" xmlns:wiley="http://www.wiley.com/namespaces/wiley/wiley" xmlns:wileyml="http://www.wiley.com/namespaces/wiley" ext:guid="ce20edd2-be6a-4e16-b235-c1a4b9c0a54c" xml:id="fc248835.CBAPCCBASG2E.065">
<wileyml:revisionGroup>
<wileyml:revision agent="Lumina" date="2021-08-06" severity="major" type="created"/>
</wileyml:revisionGroup>
<item ext:type="14" ident="item-0001">
<itemmetadata>
<qmd_computerscored>Yes</qmd_computerscored>
<qmd_feedbackpermitted>Yes</qmd_feedbackpermitted>
<qmd_scoringpermitted>Yes</qmd_scoringpermitted>
<qmd_toolvendor>John Wiley and Sons Inc.</qmd_toolvendor>
<qmd_solutionspermitted>Yes</qmd_solutionspermitted>
</itemmetadata>
<presentation>
<wileyml:p>Briefly describe the Requirements Analysis knowledge area.</wileyml:p>
<response_lid ident="fc248835.CBAPCCBASG2E.065">
<render_choice>
<response_label ident="fc248835.CBAPCCBASG2E.065_01">
<wileyml:p>Requirements analysis is where business analysts prioritize and progressively elaborate stakeholder and solution requirements to define a solution that meets the business need.</wileyml:p>
</response_label>
</render_choice>
</response_lid>
</presentation>
<resprocessing>
<outcomes>
<decvar varname="REALSCORE"/>
</outcomes>
<respcondition>
<qticomment>Correct answer</qticomment>
<conditionvar>
<varequal respident="fc248835.CBAPCCBASG2E.065">fc248835.CBAPCCBASG2E.065_01</varequal>
</conditionvar>
<setvar action="Add" varname="REALSCORE">1</setvar>
</respcondition>
</resprocessing>
</item>
</questestinterop>