<?xml version="1.0" encoding="UTF-8"?><questestinterop xmlns="http://www.wiley.com/namespaces/wiley/qti" xmlns:ext="http://www.wiley.com/namespaces/wiley/qti/ext" xmlns:mml="http://www.w3.org/1998/Math/MathML" xmlns:wiley="http://www.wiley.com/namespaces/wiley/wiley" xmlns:wileyml="http://www.wiley.com/namespaces/wiley" ext:guid="c684a68c-0bbd-422b-a3fc-d2d4d411ba13" xml:id="fc248835.CBAPCCBASG2E.039">
<wileyml:revisionGroup>
<wileyml:revision agent="Lumina" date="2021-08-06" severity="major" type="created"/>
</wileyml:revisionGroup>
<item ext:type="14" ident="item-0001">
<itemmetadata>
<qmd_computerscored>Yes</qmd_computerscored>
<qmd_feedbackpermitted>Yes</qmd_feedbackpermitted>
<qmd_scoringpermitted>Yes</qmd_scoringpermitted>
<qmd_toolvendor>John Wiley and Sons Inc.</qmd_toolvendor>
<qmd_solutionspermitted>Yes</qmd_solutionspermitted>
</itemmetadata>
<presentation>
<wileyml:p>List the Solution Evaluation knowledge area tasks.</wileyml:p>
<response_lid ident="fc248835.CBAPCCBASG2E.039">
<render_choice>
<response_label ident="fc248835.CBAPCCBASG2E.039_01">
<wileyml:p><wileyml:list style="plain">
<wileyml:listItem>Measure solution performance</wileyml:listItem>
<wileyml:listItem>Analyze performance measures</wileyml:listItem>
<wileyml:listItem>Assess solution limitations</wileyml:listItem>
<wileyml:listItem>Assess enterprise limitations</wileyml:listItem>
<wileyml:listItem>Recommend actions to increase solution value</wileyml:listItem>
</wileyml:list></wileyml:p>
</response_label>
</render_choice>
</response_lid>
</presentation>
<resprocessing>
<outcomes>
<decvar varname="REALSCORE"/>
</outcomes>
<respcondition>
<qticomment>Correct answer</qticomment>
<conditionvar>
<varequal respident="fc248835.CBAPCCBASG2E.039">fc248835.CBAPCCBASG2E.039_01</varequal>
</conditionvar>
<setvar action="Add" varname="REALSCORE">1</setvar>
</respcondition>
</resprocessing>
</item>
</questestinterop>