<?xml version="1.0" encoding="UTF-8"?><questestinterop xmlns="http://www.wiley.com/namespaces/wiley/qti" xmlns:ext="http://www.wiley.com/namespaces/wiley/qti/ext" xmlns:mml="http://www.w3.org/1998/Math/MathML" xmlns:wiley="http://www.wiley.com/namespaces/wiley/wiley" xmlns:wileyml="http://www.wiley.com/namespaces/wiley" ext:guid="468f26db-9f4e-44f5-8a31-a055b9513978" xml:id="fc248835.CBAPCCBASG2E.046">
<wileyml:revisionGroup>
<wileyml:revision agent="Lumina" date="2021-08-06" severity="major" type="created"/>
</wileyml:revisionGroup>
<item ext:type="14" ident="item-0001">
<itemmetadata>
<qmd_computerscored>Yes</qmd_computerscored>
<qmd_feedbackpermitted>Yes</qmd_feedbackpermitted>
<qmd_scoringpermitted>Yes</qmd_scoringpermitted>
<qmd_toolvendor>John Wiley and Sons Inc.</qmd_toolvendor>
<qmd_solutionspermitted>Yes</qmd_solutionspermitted>
</itemmetadata>
<presentation>
<wileyml:p>What are the tasks in the Requirements Analysis and Design Definition knowledge area?</wileyml:p>
<response_lid ident="fc248835.CBAPCCBASG2E.046">
<render_choice>
<response_label ident="fc248835.CBAPCCBASG2E.046_01">
<wileyml:p><wileyml:list style="plain">
<wileyml:listItem>Specify and model requirements</wileyml:listItem>
<wileyml:listItem>Verify requirements</wileyml:listItem>
<wileyml:listItem>Validate requirements</wileyml:listItem>
<wileyml:listItem>Define requirements architecture</wileyml:listItem>
<wileyml:listItem>Define design options</wileyml:listItem>
<wileyml:listItem>Analyze potential value and recommend solution</wileyml:listItem>
</wileyml:list></wileyml:p>
</response_label>
</render_choice>
</response_lid>
</presentation>
<resprocessing>
<outcomes>
<decvar varname="REALSCORE"/>
</outcomes>
<respcondition>
<qticomment>Correct answer</qticomment>
<conditionvar>
<varequal respident="fc248835.CBAPCCBASG2E.046">fc248835.CBAPCCBASG2E.046_01</varequal>
</conditionvar>
<setvar action="Add" varname="REALSCORE">1</setvar>
</respcondition>
</resprocessing>
</item>
</questestinterop>