<?xml version="1.0" encoding="UTF-8"?><questestinterop xmlns="http://www.wiley.com/namespaces/wiley/qti" xmlns:ext="http://www.wiley.com/namespaces/wiley/qti/ext" xmlns:mml="http://www.w3.org/1998/Math/MathML" xmlns:wiley="http://www.wiley.com/namespaces/wiley/wiley" xmlns:wileyml="http://www.wiley.com/namespaces/wiley" ext:guid="c6a3ddcc-9201-44b2-ad1d-9f32a23643a4" xml:id="FC870371.mcaazsesg.024">
<wileyml:revisionGroup>
<wileyml:revision agent="Lumina" date="2022-09-22" severity="major" type="created"/>
</wileyml:revisionGroup>
<item ext:type="14" ident="item-0001">
<itemmetadata>
<qmd_computerscored>Yes</qmd_computerscored>
<qmd_feedbackpermitted>Yes</qmd_feedbackpermitted>
<qmd_scoringpermitted>Yes</qmd_scoringpermitted>
<qmd_toolvendor>John Wiley and Sons Inc.</qmd_toolvendor>
<qmd_solutionspermitted>Yes</qmd_solutionspermitted>
</itemmetadata>
<presentation>
<wileyml:p>What is a keylogger?</wileyml:p>
<response_lid ident="FC870371.mcaazsesg.024">
<render_choice>
<response_label ident="FC870371.mcaazsesg.024_01">
<wileyml:p>A type of malware that records the keystrokes on a computer and sends that information back to the attacker. Generally, this information is used to discover people’s usernames, passwords, personal identification numbers (PINs), and other login information.</wileyml:p>
</response_label>
</render_choice>
</response_lid>
</presentation>
<resprocessing>
<outcomes>
<decvar varname="REALSCORE"/>
</outcomes>
<respcondition>
<qticomment>Correct answer</qticomment>
<conditionvar>
<varequal respident="FC870371.mcaazsesg.024">FC870371.mcaazsesg.024_01</varequal>
</conditionvar>
<setvar action="Add" varname="REALSCORE">1</setvar>
</respcondition>
</resprocessing>
</item>
</questestinterop>