<?xml version="1.0" encoding="UTF-8"?><questestinterop xmlns="http://www.wiley.com/namespaces/wiley/qti" xmlns:ext="http://www.wiley.com/namespaces/wiley/qti/ext" xmlns:mml="http://www.w3.org/1998/Math/MathML" xmlns:wiley="http://www.wiley.com/namespaces/wiley/wiley" xmlns:wileyml="http://www.wiley.com/namespaces/wiley" ext:guid="a474c33e-cc43-4724-94e6-c201c6830c0c" xml:id="FC870371.mcaazsesg.046">
<wileyml:revisionGroup>
<wileyml:revision agent="Lumina" date="2022-09-22" severity="major" type="created"/>
</wileyml:revisionGroup>
<item ext:type="14" ident="item-0001">
<itemmetadata>
<qmd_computerscored>Yes</qmd_computerscored>
<qmd_feedbackpermitted>Yes</qmd_feedbackpermitted>
<qmd_scoringpermitted>Yes</qmd_scoringpermitted>
<qmd_toolvendor>John Wiley and Sons Inc.</qmd_toolvendor>
<qmd_solutionspermitted>Yes</qmd_solutionspermitted>
</itemmetadata>
<presentation>
<wileyml:p>What are two primary features of Azure DDoS Protection?</wileyml:p>
<response_lid ident="FC870371.mcaazsesg.046">
<render_choice>
<response_label ident="FC870371.mcaazsesg.046_01">
<wileyml:p>The two primary features of Azure DDoS Protection are as follows:
<wileyml:list style="bulleted">
<wileyml:listItem>Always‐on traffic monitoring: Your application traffic patterns are monitored 24 hours a day, 7 days a week, for indicators of DDoS attacks. DDoS Protection Standard instantly and automatically mitigates an attack once detected.</wileyml:listItem>
<wileyml:listItem>Extensive mitigation scale: Over 60 different attack types can be mitigated via Azure DDoS Protection, with a global capacity to protect against the largest known DDoS attacks.</wileyml:listItem>
</wileyml:list></wileyml:p>
</response_label>
</render_choice>
</response_lid>
</presentation>
<resprocessing>
<outcomes>
<decvar varname="REALSCORE"/>
</outcomes>
<respcondition>
<qticomment>Correct answer</qticomment>
<conditionvar>
<varequal respident="FC870371.mcaazsesg.046">FC870371.mcaazsesg.046_01</varequal>
</conditionvar>
<setvar action="Add" varname="REALSCORE">1</setvar>
</respcondition>
</resprocessing>
</item>
</questestinterop>