<?xml version="1.0" encoding="UTF-8"?><questestinterop xmlns="http://www.wiley.com/namespaces/wiley/qti" xmlns:ext="http://www.wiley.com/namespaces/wiley/qti/ext" xmlns:mml="http://www.w3.org/1998/Math/MathML" xmlns:wiley="http://www.wiley.com/namespaces/wiley/wiley" xmlns:wileyml="http://www.wiley.com/namespaces/wiley" ext:guid="be56753f-ceb0-4f57-a92a-db72239e1831" xml:id="FC870371.mcaazsesg.065">
<wileyml:revisionGroup>
<wileyml:revision agent="Lumina" date="2022-09-22" severity="major" type="created"/>
</wileyml:revisionGroup>
<item ext:type="14" ident="item-0001">
<itemmetadata>
<qmd_computerscored>Yes</qmd_computerscored>
<qmd_feedbackpermitted>Yes</qmd_feedbackpermitted>
<qmd_scoringpermitted>Yes</qmd_scoringpermitted>
<qmd_toolvendor>John Wiley and Sons Inc.</qmd_toolvendor>
<qmd_solutionspermitted>Yes</qmd_solutionspermitted>
</itemmetadata>
<presentation>
<wileyml:p>What does STRIDE stand for in threat modeling?</wileyml:p>
<response_lid ident="FC870371.mcaazsesg.065">
<render_choice>
<response_label ident="FC870371.mcaazsesg.065_01">
<wileyml:p>STRIDE stands for <wileyml:b>S</wileyml:b>poofing, <wileyml:b>T</wileyml:b>ampering, <wileyml:b>R</wileyml:b>epudiation, <wileyml:b>I</wileyml:b>nformation Disclosure, <wileyml:b>D</wileyml:b>enial of Service (DoS), and <wileyml:b>E</wileyml:b>levation of privilege.</wileyml:p>
</response_label>
</render_choice>
</response_lid>
</presentation>
<resprocessing>
<outcomes>
<decvar varname="REALSCORE"/>
</outcomes>
<respcondition>
<qticomment>Correct answer</qticomment>
<conditionvar>
<varequal respident="FC870371.mcaazsesg.065">FC870371.mcaazsesg.065_01</varequal>
</conditionvar>
<setvar action="Add" varname="REALSCORE">1</setvar>
</respcondition>
</resprocessing>
</item>
</questestinterop>