<?xml version="1.0" encoding="UTF-8"?><questestinterop xmlns="http://www.wiley.com/namespaces/wiley/qti" xmlns:ext="http://www.wiley.com/namespaces/wiley/qti/ext" xmlns:mml="http://www.w3.org/1998/Math/MathML" xmlns:wiley="http://www.wiley.com/namespaces/wiley/wiley" xmlns:wileyml="http://www.wiley.com/namespaces/wiley" ext:guid="b665124c-bc6b-451d-b2aa-5d9a556472df" xml:id="FC870371.mcaazsesg.033">
<wileyml:revisionGroup>
<wileyml:revision agent="Lumina" date="2022-09-22" severity="major" type="created"/>
</wileyml:revisionGroup>
<item ext:type="14" ident="item-0001">
<itemmetadata>
<qmd_computerscored>Yes</qmd_computerscored>
<qmd_feedbackpermitted>Yes</qmd_feedbackpermitted>
<qmd_scoringpermitted>Yes</qmd_scoringpermitted>
<qmd_toolvendor>John Wiley and Sons Inc.</qmd_toolvendor>
<qmd_solutionspermitted>Yes</qmd_solutionspermitted>
</itemmetadata>
<presentation>
<wileyml:p>What are the three methods used by Azure AD identity protection?</wileyml:p>
<response_lid ident="FC870371.mcaazsesg.033">
<render_choice>
<response_label ident="FC870371.mcaazsesg.033_01">
<wileyml:p>The three methods used by Azure AD Identity Protection are as follows:
<wileyml:list style="bulleted">
<wileyml:listItem>Automated detection and the remediation of identity‐based risks</wileyml:listItem>
<wileyml:listItem>Investigation of risks using data in the Azure portal</wileyml:listItem>
<wileyml:listItem>Export of risk detection data to your security information and event management (SIEM) solution</wileyml:listItem>
</wileyml:list></wileyml:p>
</response_label>
</render_choice>
</response_lid>
</presentation>
<resprocessing>
<outcomes>
<decvar varname="REALSCORE"/>
</outcomes>
<respcondition>
<qticomment>Correct answer</qticomment>
<conditionvar>
<varequal respident="FC870371.mcaazsesg.033">FC870371.mcaazsesg.033_01</varequal>
</conditionvar>
<setvar action="Add" varname="REALSCORE">1</setvar>
</respcondition>
</resprocessing>
</item>
</questestinterop>