<?xml version="1.0" encoding="UTF-8"?><questestinterop xmlns="http://www.wiley.com/namespaces/wiley/qti" xmlns:ext="http://www.wiley.com/namespaces/wiley/qti/ext" xmlns:mml="http://www.w3.org/1998/Math/MathML" xmlns:wiley="http://www.wiley.com/namespaces/wiley/wiley" xmlns:wileyml="http://www.wiley.com/namespaces/wiley" ext:guid="b5d00f7f-5130-4571-b7c2-9f3992e65587" xml:id="FC870371.mcaazsesg.073">
<wileyml:revisionGroup>
<wileyml:revision agent="Lumina" date="2022-09-22" severity="major" type="created"/>
</wileyml:revisionGroup>
<item ext:type="14" ident="item-0001">
<itemmetadata>
<qmd_computerscored>Yes</qmd_computerscored>
<qmd_feedbackpermitted>Yes</qmd_feedbackpermitted>
<qmd_scoringpermitted>Yes</qmd_scoringpermitted>
<qmd_toolvendor>John Wiley and Sons Inc.</qmd_toolvendor>
<qmd_solutionspermitted>Yes</qmd_solutionspermitted>
</itemmetadata>
<presentation>
<wileyml:p>What framework is Microsoft Sentinel’s threat hunting based on?</wileyml:p>
<response_lid ident="FC870371.mcaazsesg.073">
<render_choice>
<response_label ident="FC870371.mcaazsesg.073_01">
<wileyml:p>Sentinel’s threat‐hunting search and query tools are based on the MITRE framework, and they enable you to proactively hunt for threats across your Azure environment.</wileyml:p>
</response_label>
</render_choice>
</response_lid>
</presentation>
<resprocessing>
<outcomes>
<decvar varname="REALSCORE"/>
</outcomes>
<respcondition>
<qticomment>Correct answer</qticomment>
<conditionvar>
<varequal respident="FC870371.mcaazsesg.073">FC870371.mcaazsesg.073_01</varequal>
</conditionvar>
<setvar action="Add" varname="REALSCORE">1</setvar>
</respcondition>
</resprocessing>
</item>
</questestinterop>