<?xml version="1.0" encoding="UTF-8"?><questestinterop xmlns="http://www.wiley.com/namespaces/wiley/qti" xmlns:ext="http://www.wiley.com/namespaces/wiley/qti/ext" xmlns:mml="http://www.w3.org/1998/Math/MathML" xmlns:wiley="http://www.wiley.com/namespaces/wiley/wiley" xmlns:wileyml="http://www.wiley.com/namespaces/wiley" ext:guid="e1d0003a-6fc0-4142-827b-23d497822c3d" xml:id="FC870371.mcaazsesg.029">
<wileyml:revisionGroup>
<wileyml:revision agent="Lumina" date="2022-09-22" severity="major" type="created"/>
</wileyml:revisionGroup>
<item ext:type="14" ident="item-0001">
<itemmetadata>
<qmd_computerscored>Yes</qmd_computerscored>
<qmd_feedbackpermitted>Yes</qmd_feedbackpermitted>
<qmd_scoringpermitted>Yes</qmd_scoringpermitted>
<qmd_toolvendor>John Wiley and Sons Inc.</qmd_toolvendor>
<qmd_solutionspermitted>Yes</qmd_solutionspermitted>
</itemmetadata>
<presentation>
<wileyml:p>What is a Microsoft 365 group used for?</wileyml:p>
<response_lid ident="FC870371.mcaazsesg.029">
<render_choice>
<response_label ident="FC870371.mcaazsesg.029_01">
<wileyml:p>It is used for collaboration and gives members access to a shared mailbox, calendar, files, SharePoint site, and so on. This group is a good way to give access to group resources to people outside of your organization.</wileyml:p>
</response_label>
</render_choice>
</response_lid>
</presentation>
<resprocessing>
<outcomes>
<decvar varname="REALSCORE"/>
</outcomes>
<respcondition>
<qticomment>Correct answer</qticomment>
<conditionvar>
<varequal respident="FC870371.mcaazsesg.029">FC870371.mcaazsesg.029_01</varequal>
</conditionvar>
<setvar action="Add" varname="REALSCORE">1</setvar>
</respcondition>
</resprocessing>
</item>
</questestinterop>