<?xml version="1.0" encoding="UTF-8"?><questestinterop xmlns="http://www.wiley.com/namespaces/wiley/qti" xmlns:ext="http://www.wiley.com/namespaces/wiley/qti/ext" xmlns:mml="http://www.w3.org/1998/Math/MathML" xmlns:wiley="http://www.wiley.com/namespaces/wiley/wiley" xmlns:wileyml="http://www.wiley.com/namespaces/wiley" ext:guid="b29e2deb-5777-4b9d-911d-b9b0e392998d" xml:id="fc508199.AWSCerDevSG.036">
<wileyml:revisionGroup>
<wileyml:revision agent="Wiley" date="2020-05-18" severity="major" type="created"/>
</wileyml:revisionGroup>
<item ext:type="14" ident="item-0001">
<itemmetadata>
<qmd_computerscored>Yes</qmd_computerscored>
<qmd_feedbackpermitted>Yes</qmd_feedbackpermitted>
<qmd_scoringpermitted>Yes</qmd_scoringpermitted>
<qmd_toolvendor>John Wiley and Sons Inc.</qmd_toolvendor>
<qmd_solutionspermitted>Yes</qmd_solutionspermitted>
</itemmetadata>
<presentation>
<wileyml:p>What must an application running on an Amazon Elastic Compute Cloud (Amazon EC2) instance do differently to access data on an encrypted Amazon Elastic Block Storage (Amazon EBS) volume?</wileyml:p>
<response_lid ident="fc508199.AWSCerDevSG.036">
<render_choice>
<response_label ident="fc508199.AWSCerDevSG.036_01">
<wileyml:p>Nothing. Encryption operations occur on the servers that host EC2 instances and is transparent to applications on the attached instances.</wileyml:p>
<wileyml:p>For more information, see <wileyml:span semantics="computerUserInput"><wileyml:url href="https://docs.aws.amazon.com/kms/latest/developerguide/services-ebs.html#ebs-encrypt">https://docs.aws.amazon.com/kms/latest/developerguide/services-ebs.html#ebs-encrypt</wileyml:url></wileyml:span>.</wileyml:p>
</response_label>
</render_choice>
</response_lid>
</presentation>
<resprocessing>
<outcomes>
<decvar varname="REALSCORE"/>
</outcomes>
<respcondition>
<qticomment>Correct answer</qticomment>
<conditionvar>
<varequal respident="fc508199.AWSCerDevSG.036">fc508199.AWSCerDevSG.036_01</varequal>
</conditionvar>
<setvar action="Add" varname="REALSCORE">1</setvar>
</respcondition>
</resprocessing>
</item>
</questestinterop>