<?xml version="1.0" encoding="UTF-8"?><questestinterop xmlns="http://www.wiley.com/namespaces/wiley/qti" xmlns:ext="http://www.wiley.com/namespaces/wiley/qti/ext" xmlns:mml="http://www.w3.org/1998/Math/MathML" xmlns:wiley="http://www.wiley.com/namespaces/wiley/wiley" xmlns:wileyml="http://www.wiley.com/namespaces/wiley" ext:guid="74262160-e55e-4acb-82b2-fef053d87d84" xml:id="fc508199.AWSCerDevSG.031">
<wileyml:revisionGroup>
<wileyml:revision agent="Wiley" date="2020-05-18" severity="major" type="created"/>
</wileyml:revisionGroup>
<item ext:type="14" ident="item-0001">
<itemmetadata>
<qmd_computerscored>Yes</qmd_computerscored>
<qmd_feedbackpermitted>Yes</qmd_feedbackpermitted>
<qmd_scoringpermitted>Yes</qmd_scoringpermitted>
<qmd_toolvendor>John Wiley and Sons Inc.</qmd_toolvendor>
<qmd_solutionspermitted>Yes</qmd_solutionspermitted>
</itemmetadata>
<presentation>
<wileyml:p>Certain Amazon Elastic Compute Cloud (Amazon EC2) instance types come with a type of block storage that is provided at no additional charge. What is that type of storage called?</wileyml:p>
<response_lid ident="fc508199.AWSCerDevSG.031">
<render_choice>
<response_label ident="fc508199.AWSCerDevSG.031_01">
<wileyml:p>Amazon EC2 instance store (also known as ephemeral storage)</wileyml:p>
<wileyml:p>For more information, see <wileyml:span semantics="computerUserInput"><wileyml:url href="https://docs.aws.amazon.com/AWSEC2/latest/UserGuide/InstanceStorage.html">https://docs.aws.amazon.com/AWSEC2/latest/UserGuide/InstanceStorage.html</wileyml:url></wileyml:span>.</wileyml:p>
</response_label>
</render_choice>
</response_lid>
</presentation>
<resprocessing>
<outcomes>
<decvar varname="REALSCORE"/>
</outcomes>
<respcondition>
<qticomment>Correct answer</qticomment>
<conditionvar>
<varequal respident="fc508199.AWSCerDevSG.031">fc508199.AWSCerDevSG.031_01</varequal>
</conditionvar>
<setvar action="Add" varname="REALSCORE">1</setvar>
</respcondition>
</resprocessing>
</item>
</questestinterop>