<?xml version="1.0" encoding="UTF-8"?><questestinterop xmlns="http://www.wiley.com/namespaces/wiley/qti" xmlns:ext="http://www.wiley.com/namespaces/wiley/qti/ext" xmlns:mml="http://www.w3.org/1998/Math/MathML" xmlns:wiley="http://www.wiley.com/namespaces/wiley/wiley" xmlns:wileyml="http://www.wiley.com/namespaces/wiley" ext:guid="b2f9aad8-e4b6-43e9-8cfd-793f60df1c77" xml:id="fc508199.AWSCerDevSG.015">
<wileyml:revisionGroup>
<wileyml:revision agent="Wiley" date="2020-05-18" severity="major" type="created"/>
</wileyml:revisionGroup>
<item ext:type="14" ident="item-0001">
<itemmetadata>
<qmd_computerscored>Yes</qmd_computerscored>
<qmd_feedbackpermitted>Yes</qmd_feedbackpermitted>
<qmd_scoringpermitted>Yes</qmd_scoringpermitted>
<qmd_toolvendor>John Wiley and Sons Inc.</qmd_toolvendor>
<qmd_solutionspermitted>Yes</qmd_solutionspermitted>
</itemmetadata>
<presentation>
<wileyml:p>If you wanted detailed information about network traffic between instances in your Amazon Virtual Private Cloud (Amazon VPC), which Amazon VPC feature could you enable?</wileyml:p>
<response_lid ident="fc508199.AWSCerDevSG.015">
<render_choice>
<response_label ident="fc508199.AWSCerDevSG.015_01">
<wileyml:p>Amazon VPC Flow Logs</wileyml:p>
</response_label>
</render_choice>
</response_lid>
</presentation>
<resprocessing>
<outcomes>
<decvar varname="REALSCORE"/>
</outcomes>
<respcondition>
<qticomment>Correct answer</qticomment>
<conditionvar>
<varequal respident="fc508199.AWSCerDevSG.015">fc508199.AWSCerDevSG.015_01</varequal>
</conditionvar>
<setvar action="Add" varname="REALSCORE">1</setvar>
</respcondition>
</resprocessing>
</item>
</questestinterop>