<?xml version="1.0" encoding="UTF-8"?><questestinterop xmlns="http://www.wiley.com/namespaces/wiley/qti" xmlns:ext="http://www.wiley.com/namespaces/wiley/qti/ext" xmlns:mml="http://www.w3.org/1998/Math/MathML" xmlns:wiley="http://www.wiley.com/namespaces/wiley/wiley" xmlns:wileyml="http://www.wiley.com/namespaces/wiley" ext:guid="aa7c8896-f574-45f9-aace-aab10565db9b" xml:id="fc508199.AWSCerDevSG.038">
<wileyml:revisionGroup>
<wileyml:revision agent="Wiley" date="2020-05-18" severity="major" type="created"/>
</wileyml:revisionGroup>
<item ext:type="14" ident="item-0001">
<itemmetadata>
<qmd_computerscored>Yes</qmd_computerscored>
<qmd_feedbackpermitted>Yes</qmd_feedbackpermitted>
<qmd_scoringpermitted>Yes</qmd_scoringpermitted>
<qmd_toolvendor>John Wiley and Sons Inc.</qmd_toolvendor>
<qmd_solutionspermitted>Yes</qmd_solutionspermitted>
</itemmetadata>
<presentation>
<wileyml:p>What are Amazon Elastic Block Storage (Amazon EBS) snapshots?</wileyml:p>
<response_lid ident="fc508199.AWSCerDevSG.038">
<render_choice>
<response_label ident="fc508199.AWSCerDevSG.038_01">
<wileyml:p>Amazon EBS snapshots are incremental backups of an Amazon EBS volume, which means that only the blocks on the device that have changed after your most recent snapshot are saved. These snapshots are stored durably in Amazon Simple Storage Service (Amazon S3).</wileyml:p>
<wileyml:p>For more information, see <wileyml:span semantics="computerUserInput"><wileyml:url href="https://docs.aws.amazon.com/AWSEC2/latest/UserGuide/EBSSnapshots.html">https://docs.aws.amazon.com/AWSEC2/latest/UserGuide/EBSSnapshots.html</wileyml:url></wileyml:span>.</wileyml:p>
</response_label>
</render_choice>
</response_lid>
</presentation>
<resprocessing>
<outcomes>
<decvar varname="REALSCORE"/>
</outcomes>
<respcondition>
<qticomment>Correct answer</qticomment>
<conditionvar>
<varequal respident="fc508199.AWSCerDevSG.038">fc508199.AWSCerDevSG.038_01</varequal>
</conditionvar>
<setvar action="Add" varname="REALSCORE">1</setvar>
</respcondition>
</resprocessing>
</item>
</questestinterop>