<?xml version="1.0" encoding="UTF-8"?><questestinterop xmlns="http://www.wiley.com/namespaces/wiley/qti" xmlns:ext="http://www.wiley.com/namespaces/wiley/qti/ext" xmlns:mml="http://www.w3.org/1998/Math/MathML" xmlns:wiley="http://www.wiley.com/namespaces/wiley/wiley" xmlns:wileyml="http://www.wiley.com/namespaces/wiley" ext:guid="9649e756-2e93-49a1-acc9-077ca608d49e" xml:id="fc508199.AWSCerDevSG.032">
<wileyml:revisionGroup>
<wileyml:revision agent="Wiley" date="2020-05-18" severity="major" type="created"/>
</wileyml:revisionGroup>
<item ext:type="14" ident="item-0001">
<itemmetadata>
<qmd_computerscored>Yes</qmd_computerscored>
<qmd_feedbackpermitted>Yes</qmd_feedbackpermitted>
<qmd_scoringpermitted>Yes</qmd_scoringpermitted>
<qmd_toolvendor>John Wiley and Sons Inc.</qmd_toolvendor>
<qmd_solutionspermitted>Yes</qmd_solutionspermitted>
</itemmetadata>
<presentation>
<wileyml:p>Which storage option for Amazon Elastic Compute Cloud (Amazon EC2) instances persist independently from the life of the instance, allowing your data to be available even after an instance is stopped and started?</wileyml:p>
<response_lid ident="fc508199.AWSCerDevSG.032">
<render_choice>
<response_label ident="fc508199.AWSCerDevSG.032_01">
<wileyml:p>Amazon Elastic Block Store (Amazon EBS)</wileyml:p>
<wileyml:p>For more information, see <wileyml:span semantics="computerUserInput"><wileyml:url href="https://aws.amazon.com/ebs/">https://aws.amazon.com/ebs/</wileyml:url></wileyml:span> and <wileyml:span semantics="computerUserInput"><wileyml:url href="https://docs.aws.amazon.com/AWSEC2/latest/UserGuide/AmazonEBS.html">https://docs.aws.amazon.com/AWSEC2/latest/UserGuide/AmazonEBS.html</wileyml:url></wileyml:span>.</wileyml:p>
</response_label>
</render_choice>
</response_lid>
</presentation>
<resprocessing>
<outcomes>
<decvar varname="REALSCORE"/>
</outcomes>
<respcondition>
<qticomment>Correct answer</qticomment>
<conditionvar>
<varequal respident="fc508199.AWSCerDevSG.032">fc508199.AWSCerDevSG.032_01</varequal>
</conditionvar>
<setvar action="Add" varname="REALSCORE">1</setvar>
</respcondition>
</resprocessing>
</item>
</questestinterop>