<?xml version="1.0" encoding="UTF-8"?><questestinterop xmlns="http://www.wiley.com/namespaces/wiley/qti" xmlns:ext="http://www.wiley.com/namespaces/wiley/qti/ext" xmlns:mml="http://www.w3.org/1998/Math/MathML" xmlns:wiley="http://www.wiley.com/namespaces/wiley/wiley" xmlns:wileyml="http://www.wiley.com/namespaces/wiley" ext:guid="bc991b43-cfb3-4d39-976c-47dafa094f3c" xml:id="fc891437.SERVERPLSG2E.fc1.072">
<wileyml:revisionGroup>
<wileyml:revision agent="Lumina" date="2022-08-09" severity="major" type="created"/>
</wileyml:revisionGroup>
<item ext:type="14" ident="item-0001">
<itemmetadata>
<qmd_computerscored>Yes</qmd_computerscored>
<qmd_feedbackpermitted>Yes</qmd_feedbackpermitted>
<qmd_scoringpermitted>Yes</qmd_scoringpermitted>
<qmd_toolvendor>John Wiley and Sons Inc.</qmd_toolvendor>
<qmd_solutionspermitted>Yes</qmd_solutionspermitted>
</itemmetadata>
<presentation>
<wileyml:p>What is a kernel panic?</wileyml:p>
<response_lid ident="fc891437.SERVERPLSG2E.fc1.072">
<render_choice>
<response_label ident="fc891437.SERVERPLSG2E.fc1.072_01">
<wileyml:p>An action taken by system’s kernel upon detecting an internal error in which either it is unable to safely recover or continuing to run the system would have a higher risk of major data loss.</wileyml:p>
</response_label>
</render_choice>
</response_lid>
</presentation>
<resprocessing>
<outcomes>
<decvar varname="REALSCORE"/>
</outcomes>
<respcondition>
<qticomment>Correct answer</qticomment>
<conditionvar>
<varequal respident="fc891437.SERVERPLSG2E.fc1.072">fc891437.SERVERPLSG2E.fc1.072_01</varequal>
</conditionvar>
<setvar action="Add" varname="REALSCORE">1</setvar>
</respcondition>
</resprocessing>
</item>
</questestinterop>