<?xml version="1.0" encoding="UTF-8"?><questestinterop xmlns="http://www.wiley.com/namespaces/wiley/qti" xmlns:ext="http://www.wiley.com/namespaces/wiley/qti/ext" xmlns:mml="http://www.w3.org/1998/Math/MathML" xmlns:wiley="http://www.wiley.com/namespaces/wiley/wiley" xmlns:wileyml="http://www.wiley.com/namespaces/wiley" ext:guid="bdbfd09d-128a-4396-9d80-86f402edfd1b" xml:id="fc891437.SERVERPLSG2E.fc1.039">
<wileyml:revisionGroup>
<wileyml:revision agent="Lumina" date="2022-08-09" severity="major" type="created"/>
</wileyml:revisionGroup>
<item ext:type="14" ident="item-0001">
<itemmetadata>
<qmd_computerscored>Yes</qmd_computerscored>
<qmd_feedbackpermitted>Yes</qmd_feedbackpermitted>
<qmd_scoringpermitted>Yes</qmd_scoringpermitted>
<qmd_toolvendor>John Wiley and Sons Inc.</qmd_toolvendor>
<qmd_solutionspermitted>Yes</qmd_solutionspermitted>
</itemmetadata>
<presentation>
<wileyml:p>What technology includes an examination of the state of the computer the user is introducing to the network when making a remote access or VPN connection to the network?</wileyml:p>
<response_lid ident="fc891437.SERVERPLSG2E.fc1.039">
<render_choice>
<response_label ident="fc891437.SERVERPLSG2E.fc1.039_01">
<wileyml:p>Network access control (NAC)</wileyml:p>
</response_label>
</render_choice>
</response_lid>
</presentation>
<resprocessing>
<outcomes>
<decvar varname="REALSCORE"/>
</outcomes>
<respcondition>
<qticomment>Correct answer</qticomment>
<conditionvar>
<varequal respident="fc891437.SERVERPLSG2E.fc1.039">fc891437.SERVERPLSG2E.fc1.039_01</varequal>
</conditionvar>
<setvar action="Add" varname="REALSCORE">1</setvar>
</respcondition>
</resprocessing>
</item>
</questestinterop>