<?xml version="1.0" encoding="UTF-8"?><questestinterop xmlns="http://www.wiley.com/namespaces/wiley/qti" xmlns:ext="http://www.wiley.com/namespaces/wiley/qti/ext" xmlns:mml="http://www.w3.org/1998/Math/MathML" xmlns:wiley="http://www.wiley.com/namespaces/wiley/wiley" xmlns:wileyml="http://www.wiley.com/namespaces/wiley" ext:guid="f4d7ab40-932a-4e18-b9b8-63b5668e83a6" xml:id="fc891437.SERVERPLSG2E.fc1.059">
<wileyml:revisionGroup>
<wileyml:revision agent="Lumina" date="2022-08-09" severity="major" type="created"/>
</wileyml:revisionGroup>
<item ext:type="14" ident="item-0001">
<itemmetadata>
<qmd_computerscored>Yes</qmd_computerscored>
<qmd_feedbackpermitted>Yes</qmd_feedbackpermitted>
<qmd_scoringpermitted>Yes</qmd_scoringpermitted>
<qmd_toolvendor>John Wiley and Sons Inc.</qmd_toolvendor>
<qmd_solutionspermitted>Yes</qmd_solutionspermitted>
</itemmetadata>
<presentation>
<wileyml:p>List one advantage of iSCSI.</wileyml:p>
<response_lid ident="fc891437.SERVERPLSG2E.fc1.059">
<render_choice>
<response_label ident="fc891437.SERVERPLSG2E.fc1.059_01">
<wileyml:p>Possible answers:
<wileyml:list style="bulleted">
<wileyml:listItem>iSCSI is simple, due to its reliance on Ethernet, which is well known.</wileyml:listItem>
<wileyml:listItem>iSCSI eliminates distance limitations imposed by SCSI transfers.</wileyml:listItem>
<wileyml:listItem>iSCSI is inexpensive in simple deployments.</wileyml:listItem>
</wileyml:list></wileyml:p>
</response_label>
</render_choice>
</response_lid>
</presentation>
<resprocessing>
<outcomes>
<decvar varname="REALSCORE"/>
</outcomes>
<respcondition>
<qticomment>Correct answer</qticomment>
<conditionvar>
<varequal respident="fc891437.SERVERPLSG2E.fc1.059">fc891437.SERVERPLSG2E.fc1.059_01</varequal>
</conditionvar>
<setvar action="Add" varname="REALSCORE">1</setvar>
</respcondition>
</resprocessing>
</item>
</questestinterop>