<?xml version="1.0" encoding="UTF-8"?>
<assessmentItem xmlns="http://www.imsglobal.org/xsd/imsqti_v2p1" xmlns:xsi="http://www.w3.org/2001/XMLSchema-instance" xsi:schemaLocation="http://www.imsglobal.org/xsd/imsqti_v2p1 http://www.imsglobal.org/xsd/qti/qtiv2p1/imsqti_v2p1p2.xsd" identifier="QUE_224466" title="724858 RELE FD4E_fc_100" adaptive="false" timeDependent="false">
  <responseDeclaration identifier="RESPONSE" cardinality="single" baseType="identifier">
    <correctResponse>
      <value>ANS1</value>
    </correctResponse>
    <mapping lowerBound="0">
      <mapEntry mapKey="ANS1" mappedValue="1"/>
    </mapping>
  </responseDeclaration>
  <outcomeDeclaration identifier="FEEDBACK" cardinality="single" baseType="identifier"/>
  <outcomeDeclaration identifier="GENERAL_FEEDBACK" baseType="identifier" cardinality="single"/>
  <outcomeDeclaration identifier="SCORE" cardinality="single" baseType="float">
    <defaultValue>
      <value>1</value>
    </defaultValue>
  </outcomeDeclaration>
  <itemBody>
    <choiceInteraction responseIdentifier="RESPONSE" maxChoices="1" shuffle="false">
      <prompt><![CDATA[cost approach]]></prompt>
      <prompt/>
      <simpleChoice identifier="ANS1"><![CDATA[one of the three approaches to value used to appraise properties, based on the cost of the various components of the building and property. This is used for unique properties for which there aren’t many comparable sales.]]>||</simpleChoice>
      <simpleAssociableChoice matchMax="1" identifier="HINT1"/>
    </choiceInteraction>
  </itemBody>
  <responseProcessing>
    <responseCondition>
      <responseIf>
        <isNull>
          <variable identifier="RESPONSE"/>
        </isNull>
        <setOutcomeValue identifier="SCORE">
          <baseValue baseType="float">1</baseValue>
        </setOutcomeValue>
      </responseIf>
      <responseElse>
        <setOutcomeValue identifier="SCORE">
          <mapResponse identifier="RESPONSE"/>
        </setOutcomeValue>
        <responseCondition>
          <responseIf>
            <match>
              <correct identifier="RESPONSE"/>
              <variable identifier="RESPONSE"/>
            </match>
            <setOutcomeValue identifier="GENERAL_FEEDBACK">
              <baseValue baseType="identifier">CORRECT_FEEDBACK</baseValue>
            </setOutcomeValue>
          </responseIf>
          <responseElse>
            <setOutcomeValue identifier="GENERAL_FEEDBACK">
              <baseValue baseType="identifier">INCORRECT_FEEDBACK</baseValue>
            </setOutcomeValue>
          </responseElse>
        </responseCondition>
      </responseElse>
    </responseCondition>
  </responseProcessing>
  <modalFeedback outcomeIdentifier="GENERAL_FEEDBACK" showHide="show" identifier="CORRECT_FEEDBACK"/>
  <modalFeedback outcomeIdentifier="GENERAL_FEEDBACK" showHide="show" identifier="INCORRECT_FEEDBACK"/>
</assessmentItem>
