<?xml version="1.0" encoding="UTF-8"?><questestinterop xmlns="http://www.wiley.com/namespaces/wiley/qti" xmlns:ext="http://www.wiley.com/namespaces/wiley/qti/ext" xmlns:mml="http://www.w3.org/1998/Math/MathML" xmlns:wiley="http://www.wiley.com/namespaces/wiley/wiley" xmlns:wileyml="http://www.wiley.com/namespaces/wiley" ext:guid="55c03db6-983c-449c-8543-cb408a15fb9b" xml:id="fc778950.AWSCDSG.092">
<wileyml:revisionGroup>
<wileyml:revision agent="Lumina" date="2023-03-11" severity="major" type="created"/>
</wileyml:revisionGroup>
<item ext:type="14" ident="item-0001">
<itemmetadata>
<qmd_computerscored>Yes</qmd_computerscored>
<qmd_feedbackpermitted>Yes</qmd_feedbackpermitted>
<qmd_scoringpermitted>Yes</qmd_scoringpermitted>
<qmd_toolvendor>John Wiley and Sons Inc.</qmd_toolvendor>
<qmd_solutionspermitted>Yes</qmd_solutionspermitted>
</itemmetadata>
<presentation>
<wileyml:p>DynamoDB global tables ensure that updates performed in any region are propagated to other regions. The data in all regions is __________ consistent, providing __________ latency responses for your globally distributed application at any scale.</wileyml:p>
<response_lid ident="fc778950.AWSCDSG.092">
<render_choice>
<response_label ident="fc778950.AWSCDSG.092_01">
<wileyml:p>Eventually, single‐digit‐millisecond</wileyml:p>
</response_label>
</render_choice>
</response_lid>
</presentation>
<resprocessing>
<outcomes>
<decvar varname="REALSCORE"/>
</outcomes>
<respcondition>
<qticomment>Correct answer</qticomment>
<conditionvar>
<varequal respident="fc778950.AWSCDSG.092">fc778950.AWSCDSG.092_01</varequal>
</conditionvar>
<setvar action="Add" varname="REALSCORE">1</setvar>
</respcondition>
</resprocessing>
</item>
</questestinterop>