<?xml version="1.0" encoding="UTF-8"?><questestinterop xmlns="http://www.wiley.com/namespaces/wiley/qti" xmlns:ext="http://www.wiley.com/namespaces/wiley/qti/ext" xmlns:mml="http://www.w3.org/1998/Math/MathML" xmlns:wiley="http://www.wiley.com/namespaces/wiley/wiley" xmlns:wileyml="http://www.wiley.com/namespaces/wiley" ext:guid="ea6ea1c7-1c03-4623-9e5e-10181cc4c2f1" xml:id="fc778950.AWSCDSG.027">
<wileyml:revisionGroup>
<wileyml:revision agent="Lumina" date="2023-03-11" severity="major" type="created"/>
</wileyml:revisionGroup>
<item ext:type="14" ident="item-0001">
<itemmetadata>
<qmd_computerscored>Yes</qmd_computerscored>
<qmd_feedbackpermitted>Yes</qmd_feedbackpermitted>
<qmd_scoringpermitted>Yes</qmd_scoringpermitted>
<qmd_toolvendor>John Wiley and Sons Inc.</qmd_toolvendor>
<qmd_solutionspermitted>Yes</qmd_solutionspermitted>
</itemmetadata>
<presentation>
<wileyml:p>You can query the Amazon QLDB document revision history by running the following query:
<wileyml:list style="plain">
<wileyml:listItem><wileyml:span semantics="computerUserInput">SELECT * FROM __________ ( table_name | table_id, start-time, end-time) AS h</wileyml:span></wileyml:listItem>
<wileyml:listItem><wileyml:span semantics="computerUserInput">WHERE h.metadata.id = 'id'</wileyml:span></wileyml:listItem>
</wileyml:list></wileyml:p>
<response_lid ident="fc778950.AWSCDSG.027">
<render_choice>
<response_label ident="fc778950.AWSCDSG.027_01">
<wileyml:p>history</wileyml:p>
</response_label>
</render_choice>
</response_lid>
</presentation>
<resprocessing>
<outcomes>
<decvar varname="REALSCORE"/>
</outcomes>
<respcondition>
<qticomment>Correct answer</qticomment>
<conditionvar>
<varequal respident="fc778950.AWSCDSG.027">fc778950.AWSCDSG.027_01</varequal>
</conditionvar>
<setvar action="Add" varname="REALSCORE">1</setvar>
</respcondition>
</resprocessing>
</item>
</questestinterop>