<?xml version="1.0" encoding="UTF-8"?><questestinterop xmlns="http://www.wiley.com/namespaces/wiley/qti" xmlns:ext="http://www.wiley.com/namespaces/wiley/qti/ext" xmlns:mml="http://www.w3.org/1998/Math/MathML" xmlns:wiley="http://www.wiley.com/namespaces/wiley/wiley" xmlns:wileyml="http://www.wiley.com/namespaces/wiley" ext:guid="0297ae0b-1085-45bd-83dc-d72126af5219" xml:id="fc778950.AWSCDSG.078">
<wileyml:revisionGroup>
<wileyml:revision agent="Lumina" date="2023-03-11" severity="major" type="created"/>
</wileyml:revisionGroup>
<item ext:type="14" ident="item-0001">
<itemmetadata>
<qmd_computerscored>Yes</qmd_computerscored>
<qmd_feedbackpermitted>Yes</qmd_feedbackpermitted>
<qmd_scoringpermitted>Yes</qmd_scoringpermitted>
<qmd_toolvendor>John Wiley and Sons Inc.</qmd_toolvendor>
<qmd_solutionspermitted>Yes</qmd_solutionspermitted>
</itemmetadata>
<presentation>
<wileyml:p>A scan operation features the following characteristics:
<wileyml:list style="plain">
<wileyml:listItem>By default, a scan operation returns all attributes, but you can use _________ to return only the ones you actually need.</wileyml:listItem>
<wileyml:listItem>Scans are sequential, and you can speed up a scan through parallel scans using __________ and __________.</wileyml:listItem>
<wileyml:listItem>Scans can be slow, especially with very large tables, and can easily consume your provisioned __________.</wileyml:listItem>
</wileyml:list></wileyml:p>
<response_lid ident="fc778950.AWSCDSG.078">
<render_choice>
<response_label ident="fc778950.AWSCDSG.078_01">
<wileyml:p>ProjectExpression, Segments, Total Segments, read throughput</wileyml:p>
</response_label>
</render_choice>
</response_lid>
</presentation>
<resprocessing>
<outcomes>
<decvar varname="REALSCORE"/>
</outcomes>
<respcondition>
<qticomment>Correct answer</qticomment>
<conditionvar>
<varequal respident="fc778950.AWSCDSG.078">fc778950.AWSCDSG.078_01</varequal>
</conditionvar>
<setvar action="Add" varname="REALSCORE">1</setvar>
</respcondition>
</resprocessing>
</item>
</questestinterop>