<?xml version="1.0" encoding="UTF-8"?><questestinterop xmlns="http://www.wiley.com/namespaces/wiley/qti" xmlns:ext="http://www.wiley.com/namespaces/wiley/qti/ext" xmlns:mml="http://www.w3.org/1998/Math/MathML" xmlns:wiley="http://www.wiley.com/namespaces/wiley/wiley" xmlns:wileyml="http://www.wiley.com/namespaces/wiley" ext:guid="d2029659-a0cd-4caf-9915-145988ae915d" xml:id="fc153800.IAPPCIPMSG.079">
<wileyml:revisionGroup>
<wileyml:revision agent="Lumina" date="2022-12-23" severity="major" type="created"/>
</wileyml:revisionGroup>
<item ext:type="14" ident="item-0001">
<itemmetadata>
<qmd_computerscored>Yes</qmd_computerscored>
<qmd_feedbackpermitted>Yes</qmd_feedbackpermitted>
<qmd_scoringpermitted>Yes</qmd_scoringpermitted>
<qmd_toolvendor>John Wiley and Sons Inc.</qmd_toolvendor>
<qmd_solutionspermitted>Yes</qmd_solutionspermitted>
</itemmetadata>
<presentation>
<wileyml:p>What is one example of a common role‐based procedure?</wileyml:p>
<response_lid ident="fc153800.IAPPCIPMSG.079">
<render_choice>
<response_label ident="fc153800.IAPPCIPMSG.079_01">
<wileyml:p><wileyml:list style="plain">
<wileyml:listItem>Data management, including procedures for each phase of the DLM lifecycle</wileyml:listItem>
<wileyml:listItem>Access control, including procedures for granting, monitoring, and removing access to private information</wileyml:listItem>
<wileyml:listItem>Incident response, including a focus on training employees to spot the signs of potential privacy incidents and to report such incidents immediately</wileyml:listItem>
<wileyml:listItem>Knowing key roles and responsibilities, including where to report incidents and concerns, and who is responsible for the various parts of the privacy program</wileyml:listItem>
</wileyml:list></wileyml:p>
</response_label>
</render_choice>
</response_lid>
</presentation>
<resprocessing>
<outcomes>
<decvar varname="REALSCORE"/>
</outcomes>
<respcondition>
<qticomment>Correct answer</qticomment>
<conditionvar>
<varequal respident="fc153800.IAPPCIPMSG.079">fc153800.IAPPCIPMSG.079_01</varequal>
</conditionvar>
<setvar action="Add" varname="REALSCORE">1</setvar>
</respcondition>
</resprocessing>
</item>
</questestinterop>