<?xml version="1.0" encoding="UTF-8"?><questestinterop xmlns="http://www.wiley.com/namespaces/wiley/qti" xmlns:ext="http://www.wiley.com/namespaces/wiley/qti/ext" xmlns:mml="http://www.w3.org/1998/Math/MathML" xmlns:wiley="http://www.wiley.com/namespaces/wiley/wiley" xmlns:wileyml="http://www.wiley.com/namespaces/wiley" ext:guid="84c15006-19f2-4a29-88bf-b4f200f7facf" xml:id="fc153800.IAPPCIPMSG.048">
<wileyml:revisionGroup>
<wileyml:revision agent="Lumina" date="2022-12-23" severity="major" type="created"/>
</wileyml:revisionGroup>
<item ext:type="14" ident="item-0001">
<itemmetadata>
<qmd_computerscored>Yes</qmd_computerscored>
<qmd_feedbackpermitted>Yes</qmd_feedbackpermitted>
<qmd_scoringpermitted>Yes</qmd_scoringpermitted>
<qmd_toolvendor>John Wiley and Sons Inc.</qmd_toolvendor>
<qmd_solutionspermitted>Yes</qmd_solutionspermitted>
</itemmetadata>
<presentation>
<wileyml:p>What does the data protection impact assessment (DPIA) include?</wileyml:p>
<response_lid ident="fc153800.IAPPCIPMSG.048">
<render_choice>
<response_label ident="fc153800.IAPPCIPMSG.048_01">
<wileyml:p><wileyml:list style="plain">
<wileyml:listItem>A description of the proposed changes to data processing activities and the purpose(s) of the change</wileyml:listItem>
<wileyml:listItem>Assessment of how much data processing is necessary in proportion to accomplish the purpose</wileyml:listItem>
<wileyml:listItem>Assessment of data privacy risks</wileyml:listItem>
<wileyml:listItem>Plans to mitigate any increased data privacy risks</wileyml:listItem>
</wileyml:list></wileyml:p>
</response_label>
</render_choice>
</response_lid>
</presentation>
<resprocessing>
<outcomes>
<decvar varname="REALSCORE"/>
</outcomes>
<respcondition>
<qticomment>Correct answer</qticomment>
<conditionvar>
<varequal respident="fc153800.IAPPCIPMSG.048">fc153800.IAPPCIPMSG.048_01</varequal>
</conditionvar>
<setvar action="Add" varname="REALSCORE">1</setvar>
</respcondition>
</resprocessing>
</item>
</questestinterop>