<?xml version="1.0" encoding="UTF-8"?><questestinterop xmlns="http://www.wiley.com/namespaces/wiley/qti" xmlns:ext="http://www.wiley.com/namespaces/wiley/qti/ext" xmlns:mml="http://www.w3.org/1998/Math/MathML" xmlns:wiley="http://www.wiley.com/namespaces/wiley/wiley" xmlns:wileyml="http://www.wiley.com/namespaces/wiley" ext:guid="632a8e0f-018e-4672-9831-fa83261d279b" xml:id="fc153800.IAPPCIPMSG.081">
<wileyml:revisionGroup>
<wileyml:revision agent="Lumina" date="2022-12-23" severity="major" type="created"/>
</wileyml:revisionGroup>
<item ext:type="14" ident="item-0001">
<itemmetadata>
<qmd_computerscored>Yes</qmd_computerscored>
<qmd_feedbackpermitted>Yes</qmd_feedbackpermitted>
<qmd_scoringpermitted>Yes</qmd_scoringpermitted>
<qmd_toolvendor>John Wiley and Sons Inc.</qmd_toolvendor>
<qmd_solutionspermitted>Yes</qmd_solutionspermitted>
</itemmetadata>
<presentation>
<wileyml:p>What are the five categories of requirements that legal compliance issues impose on organizations?</wileyml:p>
<response_lid ident="fc153800.IAPPCIPMSG.081">
<render_choice>
<response_label ident="fc153800.IAPPCIPMSG.081_01">
<wileyml:p><wileyml:list style="plain">
<wileyml:listItem>Preventing harm to data subjects</wileyml:listItem>
<wileyml:listItem>Limiting the collection of personal information</wileyml:listItem>
<wileyml:listItem>Providing accountability for data controllers and processors</wileyml:listItem>
<wileyml:listItem>Monitoring and enforcing compliance with requirements</wileyml:listItem>
<wileyml:listItem>Requiring reporting of privacy incidents</wileyml:listItem>
</wileyml:list></wileyml:p>
</response_label>
</render_choice>
</response_lid>
</presentation>
<resprocessing>
<outcomes>
<decvar varname="REALSCORE"/>
</outcomes>
<respcondition>
<qticomment>Correct answer</qticomment>
<conditionvar>
<varequal respident="fc153800.IAPPCIPMSG.081">fc153800.IAPPCIPMSG.081_01</varequal>
</conditionvar>
<setvar action="Add" varname="REALSCORE">1</setvar>
</respcondition>
</resprocessing>
</item>
</questestinterop>