<?xml version="1.0" encoding="UTF-8"?><questestinterop xmlns="http://www.wiley.com/namespaces/wiley/qti" xmlns:ext="http://www.wiley.com/namespaces/wiley/qti/ext" xmlns:mml="http://www.w3.org/1998/Math/MathML" xmlns:wiley="http://www.wiley.com/namespaces/wiley/wiley" xmlns:wileyml="http://www.wiley.com/namespaces/wiley" ext:guid="4fef7a0f-87b5-4b3a-a9d3-c7a908c6a370" xml:id="fc153800.IAPPCIPMSG.022">
<wileyml:revisionGroup>
<wileyml:revision agent="Lumina" date="2022-12-23" severity="major" type="created"/>
</wileyml:revisionGroup>
<item ext:type="14" ident="item-0001">
<itemmetadata>
<qmd_computerscored>Yes</qmd_computerscored>
<qmd_feedbackpermitted>Yes</qmd_feedbackpermitted>
<qmd_scoringpermitted>Yes</qmd_scoringpermitted>
<qmd_toolvendor>John Wiley and Sons Inc.</qmd_toolvendor>
<qmd_solutionspermitted>Yes</qmd_solutionspermitted>
</itemmetadata>
<presentation>
<wileyml:p>What is a privacy impact assessment (PIA)?</wileyml:p>
<response_lid ident="fc153800.IAPPCIPMSG.022">
<render_choice>
<response_label ident="fc153800.IAPPCIPMSG.022_01">
<wileyml:p><wileyml:list style="plain">
<wileyml:listItem>Privacy impact assessments (PIAs) are analyses conducted as early as possible in any decision‐making process that might affect data privacy. They analyze how information is, or will be, handled in an organization.</wileyml:listItem>
<wileyml:listItem>PIAs are proactive tools that help organizations make privacy‐informed decisions before operational changes are made.</wileyml:listItem>
</wileyml:list></wileyml:p>
</response_label>
</render_choice>
</response_lid>
</presentation>
<resprocessing>
<outcomes>
<decvar varname="REALSCORE"/>
</outcomes>
<respcondition>
<qticomment>Correct answer</qticomment>
<conditionvar>
<varequal respident="fc153800.IAPPCIPMSG.022">fc153800.IAPPCIPMSG.022_01</varequal>
</conditionvar>
<setvar action="Add" varname="REALSCORE">1</setvar>
</respcondition>
</resprocessing>
</item>
</questestinterop>