<?xml version="1.0" encoding="UTF-8"?><questestinterop xmlns="http://www.wiley.com/namespaces/wiley/qti" xmlns:ext="http://www.wiley.com/namespaces/wiley/qti/ext" xmlns:mml="http://www.w3.org/1998/Math/MathML" xmlns:wiley="http://www.wiley.com/namespaces/wiley/wiley" xmlns:wileyml="http://www.wiley.com/namespaces/wiley" ext:guid="973e1c51-4e5e-47b9-b754-b4b3e3e31d86" xml:id="fc153800.IAPPCIPMSG.020">
<wileyml:revisionGroup>
<wileyml:revision agent="Lumina" date="2022-12-23" severity="major" type="created"/>
</wileyml:revisionGroup>
<item ext:type="14" ident="item-0001">
<itemmetadata>
<qmd_computerscored>Yes</qmd_computerscored>
<qmd_feedbackpermitted>Yes</qmd_feedbackpermitted>
<qmd_scoringpermitted>Yes</qmd_scoringpermitted>
<qmd_toolvendor>John Wiley and Sons Inc.</qmd_toolvendor>
<qmd_solutionspermitted>Yes</qmd_solutionspermitted>
</itemmetadata>
<presentation>
<wileyml:p>What are the four tiers of the NIST Privacy Framework?</wileyml:p>
<response_lid ident="fc153800.IAPPCIPMSG.020">
<render_choice>
<response_label ident="fc153800.IAPPCIPMSG.020_01">
<wileyml:p><wileyml:list style="plain">
<wileyml:listItem>Tier 1: Partial</wileyml:listItem>
<wileyml:listItem>Tier 2: Risk Informed</wileyml:listItem>
<wileyml:listItem>Tier 3: Repeatable</wileyml:listItem>
<wileyml:listItem>Tier 4: Adaptive</wileyml:listItem>
</wileyml:list></wileyml:p>
</response_label>
</render_choice>
</response_lid>
</presentation>
<resprocessing>
<outcomes>
<decvar varname="REALSCORE"/>
</outcomes>
<respcondition>
<qticomment>Correct answer</qticomment>
<conditionvar>
<varequal respident="fc153800.IAPPCIPMSG.020">fc153800.IAPPCIPMSG.020_01</varequal>
</conditionvar>
<setvar action="Add" varname="REALSCORE">1</setvar>
</respcondition>
</resprocessing>
</item>
</questestinterop>