<?xml version="1.0" encoding="UTF-8"?><questestinterop xmlns="http://www.wiley.com/namespaces/wiley/qti" xmlns:ext="http://www.wiley.com/namespaces/wiley/qti/ext" xmlns:mml="http://www.w3.org/1998/Math/MathML" xmlns:wiley="http://www.wiley.com/namespaces/wiley/wiley" xmlns:wileyml="http://www.wiley.com/namespaces/wiley" ext:guid="d8142d41-e415-48f1-b11e-ebcecb39e441" xml:id="fc153800.IAPPCIPMSG.038">
<wileyml:revisionGroup>
<wileyml:revision agent="Lumina" date="2022-12-23" severity="major" type="created"/>
</wileyml:revisionGroup>
<item ext:type="14" ident="item-0001">
<itemmetadata>
<qmd_computerscored>Yes</qmd_computerscored>
<qmd_feedbackpermitted>Yes</qmd_feedbackpermitted>
<qmd_scoringpermitted>Yes</qmd_scoringpermitted>
<qmd_toolvendor>John Wiley and Sons Inc.</qmd_toolvendor>
<qmd_solutionspermitted>Yes</qmd_solutionspermitted>
</itemmetadata>
<presentation>
<wileyml:p>What are the five stages of the data lifecycle?</wileyml:p>
<response_lid ident="fc153800.IAPPCIPMSG.038">
<render_choice>
<response_label ident="fc153800.IAPPCIPMSG.038_01">
<wileyml:p><wileyml:list style="plain">
<wileyml:listItem>Data collection, acquisition, or creation</wileyml:listItem>
<wileyml:listItem>Data storage, organization, and backup/recovery</wileyml:listItem>
<wileyml:listItem>Data usage, sharing, and processing</wileyml:listItem>
<wileyml:listItem>Data archiving</wileyml:listItem>
<wileyml:listItem>Data destruction</wileyml:listItem>
</wileyml:list></wileyml:p>
</response_label>
</render_choice>
</response_lid>
</presentation>
<resprocessing>
<outcomes>
<decvar varname="REALSCORE"/>
</outcomes>
<respcondition>
<qticomment>Correct answer</qticomment>
<conditionvar>
<varequal respident="fc153800.IAPPCIPMSG.038">fc153800.IAPPCIPMSG.038_01</varequal>
</conditionvar>
<setvar action="Add" varname="REALSCORE">1</setvar>
</respcondition>
</resprocessing>
</item>
</questestinterop>