<?xml version="1.0" encoding="UTF-8"?><questestinterop xmlns="http://www.wiley.com/namespaces/wiley/qti" xmlns:ext="http://www.wiley.com/namespaces/wiley/qti/ext" xmlns:mml="http://www.w3.org/1998/Math/MathML" xmlns:wiley="http://www.wiley.com/namespaces/wiley/wiley" xmlns:wileyml="http://www.wiley.com/namespaces/wiley" ext:guid="af96b599-85ca-4f4a-821f-3715d7f074d8" xml:id="fc153800.IAPPCIPMSG.062">
<wileyml:revisionGroup>
<wileyml:revision agent="Lumina" date="2022-12-23" severity="major" type="created"/>
</wileyml:revisionGroup>
<item ext:type="14" ident="item-0001">
<itemmetadata>
<qmd_computerscored>Yes</qmd_computerscored>
<qmd_feedbackpermitted>Yes</qmd_feedbackpermitted>
<qmd_scoringpermitted>Yes</qmd_scoringpermitted>
<qmd_toolvendor>John Wiley and Sons Inc.</qmd_toolvendor>
<qmd_solutionspermitted>Yes</qmd_solutionspermitted>
</itemmetadata>
<presentation>
<wileyml:p>What are the key principles that cybersecurity managers should follow when working on policy development initiatives?</wileyml:p>
<response_lid ident="fc153800.IAPPCIPMSG.062">
<render_choice>
<response_label ident="fc153800.IAPPCIPMSG.062_01">
<wileyml:p><wileyml:list style="plain">
<wileyml:listItem>Obtain input from all relevant stakeholders.</wileyml:listItem>
<wileyml:listItem>Follow the chain of command.</wileyml:listItem>
<wileyml:listItem>Accommodate the organizational culture.</wileyml:listItem>
<wileyml:listItem>Meet internal and external requirements.</wileyml:listItem>
</wileyml:list></wileyml:p>
</response_label>
</render_choice>
</response_lid>
</presentation>
<resprocessing>
<outcomes>
<decvar varname="REALSCORE"/>
</outcomes>
<respcondition>
<qticomment>Correct answer</qticomment>
<conditionvar>
<varequal respident="fc153800.IAPPCIPMSG.062">fc153800.IAPPCIPMSG.062_01</varequal>
</conditionvar>
<setvar action="Add" varname="REALSCORE">1</setvar>
</respcondition>
</resprocessing>
</item>
</questestinterop>