<?xml version="1.0" encoding="UTF-8"?><questestinterop xmlns="http://www.wiley.com/namespaces/wiley/qti" xmlns:ext="http://www.wiley.com/namespaces/wiley/qti/ext" xmlns:mml="http://www.w3.org/1998/Math/MathML" xmlns:wiley="http://www.wiley.com/namespaces/wiley/wiley" xmlns:wileyml="http://www.wiley.com/namespaces/wiley" ext:guid="3cc2bf7b-cf5b-435c-b6d5-b41a25eeb4a9" xml:id="fc153800.IAPPCIPMSG.006">
<wileyml:revisionGroup>
<wileyml:revision agent="Lumina" date="2022-12-23" severity="major" type="created"/>
</wileyml:revisionGroup>
<item ext:type="14" ident="item-0001">
<itemmetadata>
<qmd_computerscored>Yes</qmd_computerscored>
<qmd_feedbackpermitted>Yes</qmd_feedbackpermitted>
<qmd_scoringpermitted>Yes</qmd_scoringpermitted>
<qmd_toolvendor>John Wiley and Sons Inc.</qmd_toolvendor>
<qmd_solutionspermitted>Yes</qmd_solutionspermitted>
</itemmetadata>
<presentation>
<wileyml:p>Give 3 reasons why organizations should care about privacy.</wileyml:p>
<response_lid ident="fc153800.IAPPCIPMSG.006">
<render_choice>
<response_label ident="fc153800.IAPPCIPMSG.006_01">
<wileyml:p><wileyml:list style="plain">
<wileyml:listItem>Privacy is an ethical obligation.</wileyml:listItem>
<wileyml:listItem>Laws and regulations require privacy protections</wileyml:listItem>
<wileyml:listItem>Poor privacy practices reflect poorly on an organization.</wileyml:listItem>
<wileyml:listItem>Consumers demand strong privacy practices.</wileyml:listItem>
<wileyml:listItem>Emerging technologies create new privacy concerns.</wileyml:listItem>
</wileyml:list></wileyml:p>
</response_label>
</render_choice>
</response_lid>
</presentation>
<resprocessing>
<outcomes>
<decvar varname="REALSCORE"/>
</outcomes>
<respcondition>
<qticomment>Correct answer</qticomment>
<conditionvar>
<varequal respident="fc153800.IAPPCIPMSG.006">fc153800.IAPPCIPMSG.006_01</varequal>
</conditionvar>
<setvar action="Add" varname="REALSCORE">1</setvar>
</respcondition>
</resprocessing>
</item>
</questestinterop>