<?xml version="1.0" encoding="UTF-8"?><questestinterop xmlns="http://www.wiley.com/namespaces/wiley/qti" xmlns:ext="http://www.wiley.com/namespaces/wiley/qti/ext" xmlns:mml="http://www.w3.org/1998/Math/MathML" xmlns:wiley="http://www.wiley.com/namespaces/wiley/wiley" xmlns:wileyml="http://www.wiley.com/namespaces/wiley" ext:guid="f5a6366e-896b-4387-8b43-f6be52976503" xml:id="fc153800.IAPPCIPMSG.007">
<wileyml:revisionGroup>
<wileyml:revision agent="Lumina" date="2022-12-23" severity="major" type="created"/>
</wileyml:revisionGroup>
<item ext:type="14" ident="item-0001">
<itemmetadata>
<qmd_computerscored>Yes</qmd_computerscored>
<qmd_feedbackpermitted>Yes</qmd_feedbackpermitted>
<qmd_scoringpermitted>Yes</qmd_scoringpermitted>
<qmd_toolvendor>John Wiley and Sons Inc.</qmd_toolvendor>
<qmd_solutionspermitted>Yes</qmd_solutionspermitted>
</itemmetadata>
<presentation>
<wileyml:p>Give 5 examples of GAAP principles.</wileyml:p>
<response_lid ident="fc153800.IAPPCIPMSG.007">
<render_choice>
<response_label ident="fc153800.IAPPCIPMSG.007_01">
<wileyml:p><wileyml:list style="plain">
<wileyml:listItem>Management</wileyml:listItem>
<wileyml:listItem>Notice</wileyml:listItem>
<wileyml:listItem>Choice and Consent</wileyml:listItem>
<wileyml:listItem>Collection</wileyml:listItem>
<wileyml:listItem>Use, Retention, and Disposal</wileyml:listItem>
<wileyml:listItem>Access</wileyml:listItem>
<wileyml:listItem>Disclosure to Third Parties</wileyml:listItem>
<wileyml:listItem>Security for Privacy</wileyml:listItem>
<wileyml:listItem>Quality</wileyml:listItem>
<wileyml:listItem>Monitoring and Enforcement</wileyml:listItem>
</wileyml:list></wileyml:p>
</response_label>
</render_choice>
</response_lid>
</presentation>
<resprocessing>
<outcomes>
<decvar varname="REALSCORE"/>
</outcomes>
<respcondition>
<qticomment>Correct answer</qticomment>
<conditionvar>
<varequal respident="fc153800.IAPPCIPMSG.007">fc153800.IAPPCIPMSG.007_01</varequal>
</conditionvar>
<setvar action="Add" varname="REALSCORE">1</setvar>
</respcondition>
</resprocessing>
</item>
</questestinterop>