<?xml version="1.0" encoding="UTF-8"?><questestinterop xmlns="http://www.wiley.com/namespaces/wiley/qti" xmlns:ext="http://www.wiley.com/namespaces/wiley/qti/ext" xmlns:mml="http://www.w3.org/1998/Math/MathML" xmlns:wiley="http://www.wiley.com/namespaces/wiley/wiley" xmlns:wileyml="http://www.wiley.com/namespaces/wiley" ext:guid="826eee49-d226-4948-8535-7d3b6c860161" xml:id="fc153800.IAPPCIPMSG.039">
<wileyml:revisionGroup>
<wileyml:revision agent="Lumina" date="2022-12-23" severity="major" type="created"/>
</wileyml:revisionGroup>
<item ext:type="14" ident="item-0001">
<itemmetadata>
<qmd_computerscored>Yes</qmd_computerscored>
<qmd_feedbackpermitted>Yes</qmd_feedbackpermitted>
<qmd_scoringpermitted>Yes</qmd_scoringpermitted>
<qmd_toolvendor>John Wiley and Sons Inc.</qmd_toolvendor>
<qmd_solutionspermitted>Yes</qmd_solutionspermitted>
</itemmetadata>
<presentation>
<wileyml:p>Give three examples of privacy risk assessment methods.</wileyml:p>
<response_lid ident="fc153800.IAPPCIPMSG.039">
<render_choice>
<response_label ident="fc153800.IAPPCIPMSG.039_01">
<wileyml:p><wileyml:list style="plain">
<wileyml:listItem>Privacy Threshold Analysis</wileyml:listItem>
<wileyml:listItem>Privacy Impact Analysis</wileyml:listItem>
<wileyml:listItem>Data Protection Impact Analysis</wileyml:listItem>
<wileyml:listItem>Legitimate Interest Analysis</wileyml:listItem>
<wileyml:listItem>Transfer Impact Analysis</wileyml:listItem>
</wileyml:list></wileyml:p>
</response_label>
</render_choice>
</response_lid>
</presentation>
<resprocessing>
<outcomes>
<decvar varname="REALSCORE"/>
</outcomes>
<respcondition>
<qticomment>Correct answer</qticomment>
<conditionvar>
<varequal respident="fc153800.IAPPCIPMSG.039">fc153800.IAPPCIPMSG.039_01</varequal>
</conditionvar>
<setvar action="Add" varname="REALSCORE">1</setvar>
</respcondition>
</resprocessing>
</item>
</questestinterop>