<?xml version="1.0" encoding="UTF-8"?><questestinterop xmlns="http://www.wiley.com/namespaces/wiley/qti" xmlns:ext="http://www.wiley.com/namespaces/wiley/qti/ext" xmlns:mml="http://www.w3.org/1998/Math/MathML" xmlns:wiley="http://www.wiley.com/namespaces/wiley/wiley" xmlns:wileyml="http://www.wiley.com/namespaces/wiley" ext:guid="9aeacddf-1668-4bb9-896e-b9a23ff62275" xml:id="fc153800.IAPPCIPMSG.016">
<wileyml:revisionGroup>
<wileyml:revision agent="Lumina" date="2022-12-23" severity="major" type="created"/>
</wileyml:revisionGroup>
<item ext:type="14" ident="item-0001">
<itemmetadata>
<qmd_computerscored>Yes</qmd_computerscored>
<qmd_feedbackpermitted>Yes</qmd_feedbackpermitted>
<qmd_scoringpermitted>Yes</qmd_scoringpermitted>
<qmd_toolvendor>John Wiley and Sons Inc.</qmd_toolvendor>
<qmd_solutionspermitted>Yes</qmd_solutionspermitted>
</itemmetadata>
<presentation>
<wileyml:p>What are the three different approaches used to operate data governance programs?</wileyml:p>
<response_lid ident="fc153800.IAPPCIPMSG.016">
<render_choice>
<response_label ident="fc153800.IAPPCIPMSG.016_01">
<wileyml:p><wileyml:list style="plain">
<wileyml:listItem>Centralized data governance programs have a core office that directs the data governance efforts of the entire organization.</wileyml:listItem>
<wileyml:listItem>Distributed data governance programs may have organization‐wide standards, but each business unit creates its own data governance program that achieves those shared objectives.</wileyml:listItem>
<wileyml:listItem>Hybrid data governance programs combine the centralized and distributed approaches with a centralized office providing oversight and guidance to distributed teams who focus on particular business units.</wileyml:listItem>
</wileyml:list></wileyml:p>
</response_label>
</render_choice>
</response_lid>
</presentation>
<resprocessing>
<outcomes>
<decvar varname="REALSCORE"/>
</outcomes>
<respcondition>
<qticomment>Correct answer</qticomment>
<conditionvar>
<varequal respident="fc153800.IAPPCIPMSG.016">fc153800.IAPPCIPMSG.016_01</varequal>
</conditionvar>
<setvar action="Add" varname="REALSCORE">1</setvar>
</respcondition>
</resprocessing>
</item>
</questestinterop>