<?xml version="1.0" encoding="UTF-8"?><questestinterop xmlns="http://www.wiley.com/namespaces/wiley/qti" xmlns:ext="http://www.wiley.com/namespaces/wiley/qti/ext" xmlns:mml="http://www.w3.org/1998/Math/MathML" xmlns:wiley="http://www.wiley.com/namespaces/wiley/wiley" xmlns:wileyml="http://www.wiley.com/namespaces/wiley" ext:guid="8d4be147-aea8-40cd-a346-8a455a7b8771" xml:id="fc153800.IAPPCIPMSG.064">
<wileyml:revisionGroup>
<wileyml:revision agent="Lumina" date="2022-12-23" severity="major" type="created"/>
</wileyml:revisionGroup>
<item ext:type="14" ident="item-0001">
<itemmetadata>
<qmd_computerscored>Yes</qmd_computerscored>
<qmd_feedbackpermitted>Yes</qmd_feedbackpermitted>
<qmd_scoringpermitted>Yes</qmd_scoringpermitted>
<qmd_toolvendor>John Wiley and Sons Inc.</qmd_toolvendor>
<qmd_solutionspermitted>Yes</qmd_solutionspermitted>
</itemmetadata>
<presentation>
<wileyml:p>What are the three steps of the access control process?</wileyml:p>
<response_lid ident="fc153800.IAPPCIPMSG.064">
<render_choice>
<response_label ident="fc153800.IAPPCIPMSG.064_01">
<wileyml:p><wileyml:list style="plain">
<wileyml:listItem>Identification</wileyml:listItem>
<wileyml:listItem>Authentication</wileyml:listItem>
<wileyml:listItem>Authorization</wileyml:listItem>
</wileyml:list></wileyml:p>
</response_label>
</render_choice>
</response_lid>
</presentation>
<resprocessing>
<outcomes>
<decvar varname="REALSCORE"/>
</outcomes>
<respcondition>
<qticomment>Correct answer</qticomment>
<conditionvar>
<varequal respident="fc153800.IAPPCIPMSG.064">fc153800.IAPPCIPMSG.064_01</varequal>
</conditionvar>
<setvar action="Add" varname="REALSCORE">1</setvar>
</respcondition>
</resprocessing>
</item>
</questestinterop>