<?xml version="1.0" encoding="UTF-8"?><questestinterop xmlns="http://www.wiley.com/namespaces/wiley/qti" xmlns:ext="http://www.wiley.com/namespaces/wiley/qti/ext" xmlns:mml="http://www.w3.org/1998/Math/MathML" xmlns:wiley="http://www.wiley.com/namespaces/wiley/wiley" xmlns:wileyml="http://www.wiley.com/namespaces/wiley" ext:guid="c9e38abd-bcf4-4f6a-86b4-b32c683aeb4b" xml:id="fc153800.IAPPCIPMSG.065">
<wileyml:revisionGroup>
<wileyml:revision agent="Lumina" date="2022-12-23" severity="major" type="created"/>
</wileyml:revisionGroup>
<item ext:type="14" ident="item-0001">
<itemmetadata>
<qmd_computerscored>Yes</qmd_computerscored>
<qmd_feedbackpermitted>Yes</qmd_feedbackpermitted>
<qmd_scoringpermitted>Yes</qmd_scoringpermitted>
<qmd_toolvendor>John Wiley and Sons Inc.</qmd_toolvendor>
<qmd_solutionspermitted>Yes</qmd_solutionspermitted>
</itemmetadata>
<presentation>
<wileyml:p>Provide three examples of foundational privacy by design (PbD) principles that ensure that individuals retain control over their personal information.</wileyml:p>
<response_lid ident="fc153800.IAPPCIPMSG.065">
<render_choice>
<response_label ident="fc153800.IAPPCIPMSG.065_01">
<wileyml:p><wileyml:list style="plain">
<wileyml:listItem>Proactive, not Reactive; Preventive, not Remedial</wileyml:listItem>
<wileyml:listItem>Privacy as the Default Setting</wileyml:listItem>
<wileyml:listItem>Privacy Embedded into Design</wileyml:listItem>
<wileyml:listItem>Full Functionality – Positive‐Sum, not Zero‐Sum</wileyml:listItem>
<wileyml:listItem>End‐to‐End Security – Full Lifecycle Protection</wileyml:listItem>
<wileyml:listItem>Visibility and Transparency – Keep It Open</wileyml:listItem>
<wileyml:listItem>Respect for User Privacy – Keep It User‐Centric</wileyml:listItem>
</wileyml:list></wileyml:p>
</response_label>
</render_choice>
</response_lid>
</presentation>
<resprocessing>
<outcomes>
<decvar varname="REALSCORE"/>
</outcomes>
<respcondition>
<qticomment>Correct answer</qticomment>
<conditionvar>
<varequal respident="fc153800.IAPPCIPMSG.065">fc153800.IAPPCIPMSG.065_01</varequal>
</conditionvar>
<setvar action="Add" varname="REALSCORE">1</setvar>
</respcondition>
</resprocessing>
</item>
</questestinterop>