<?xml version="1.0" encoding="UTF-8"?><questestinterop xmlns="http://www.wiley.com/namespaces/wiley/qti" xmlns:ext="http://www.wiley.com/namespaces/wiley/qti/ext" xmlns:mml="http://www.w3.org/1998/Math/MathML" xmlns:wiley="http://www.wiley.com/namespaces/wiley/wiley" xmlns:wileyml="http://www.wiley.com/namespaces/wiley" ext:guid="5caaa937-d23c-489d-9191-f742eae6f1cb" xml:id="fc153800.IAPPCIPMSG.034">
<wileyml:revisionGroup>
<wileyml:revision agent="Lumina" date="2022-12-23" severity="major" type="created"/>
</wileyml:revisionGroup>
<item ext:type="14" ident="item-0001">
<itemmetadata>
<qmd_computerscored>Yes</qmd_computerscored>
<qmd_feedbackpermitted>Yes</qmd_feedbackpermitted>
<qmd_scoringpermitted>Yes</qmd_scoringpermitted>
<qmd_toolvendor>John Wiley and Sons Inc.</qmd_toolvendor>
<qmd_solutionspermitted>Yes</qmd_solutionspermitted>
</itemmetadata>
<presentation>
<wileyml:p>Name examples of metric categories.</wileyml:p>
<response_lid ident="fc153800.IAPPCIPMSG.034">
<render_choice>
<response_label ident="fc153800.IAPPCIPMSG.034_01">
<wileyml:p><wileyml:list style="plain">
<wileyml:listItem>Collection (notice)</wileyml:listItem>
<wileyml:listItem>Responses to data subject inquiries</wileyml:listItem>
<wileyml:listItem>Data management</wileyml:listItem>
<wileyml:listItem>Data privacy incidents</wileyml:listItem>
<wileyml:listItem>Training and awareness</wileyml:listItem>
<wileyml:listItem>PIA/DPIA</wileyml:listItem>
<wileyml:listItem>Privacy risk</wileyml:listItem>
<wileyml:listItem>Return on investment</wileyml:listItem>
</wileyml:list></wileyml:p>
</response_label>
</render_choice>
</response_lid>
</presentation>
<resprocessing>
<outcomes>
<decvar varname="REALSCORE"/>
</outcomes>
<respcondition>
<qticomment>Correct answer</qticomment>
<conditionvar>
<varequal respident="fc153800.IAPPCIPMSG.034">fc153800.IAPPCIPMSG.034_01</varequal>
</conditionvar>
<setvar action="Add" varname="REALSCORE">1</setvar>
</respcondition>
</resprocessing>
</item>
</questestinterop>