<?xml version="1.0" encoding="UTF-8"?><questestinterop xmlns="http://www.wiley.com/namespaces/wiley/qti" xmlns:ext="http://www.wiley.com/namespaces/wiley/qti/ext" xmlns:mml="http://www.w3.org/1998/Math/MathML" xmlns:wiley="http://www.wiley.com/namespaces/wiley/wiley" xmlns:wileyml="http://www.wiley.com/namespaces/wiley" ext:guid="81b8ba8e-541b-4878-856c-7ac5102a8d94" xml:id="fc153800.IAPPCIPMSG.011">
<wileyml:revisionGroup>
<wileyml:revision agent="Lumina" date="2022-12-23" severity="major" type="created"/>
</wileyml:revisionGroup>
<item ext:type="14" ident="item-0001">
<itemmetadata>
<qmd_computerscored>Yes</qmd_computerscored>
<qmd_feedbackpermitted>Yes</qmd_feedbackpermitted>
<qmd_scoringpermitted>Yes</qmd_scoringpermitted>
<qmd_toolvendor>John Wiley and Sons Inc.</qmd_toolvendor>
<qmd_solutionspermitted>Yes</qmd_solutionspermitted>
</itemmetadata>
<presentation>
<wileyml:p>What is one of the goals that the Department of Commerce has to guide the execution of a privacy program?</wileyml:p>
<response_lid ident="fc153800.IAPPCIPMSG.011">
<render_choice>
<response_label ident="fc153800.IAPPCIPMSG.011_01">
<wileyml:p><wileyml:list style="plain">
<wileyml:listItem>Foster a culture of privacy and disclosure and demonstrate leadership through policy and partnerships.</wileyml:listItem>
<wileyml:listItem>Provide outreach, education, training, and reports to promote privacy and transparency.</wileyml:listItem>
<wileyml:listItem>Conduct robust compliance and oversight programs to ensure adherence to federal privacy and disclosure laws and policies in all DOC activities.</wileyml:listItem>
<wileyml:listItem>Develop and maintain the best privacy and disclosure professionals in the federal government.</wileyml:listItem>
</wileyml:list></wileyml:p>
</response_label>
</render_choice>
</response_lid>
</presentation>
<resprocessing>
<outcomes>
<decvar varname="REALSCORE"/>
</outcomes>
<respcondition>
<qticomment>Correct answer</qticomment>
<conditionvar>
<varequal respident="fc153800.IAPPCIPMSG.011">fc153800.IAPPCIPMSG.011_01</varequal>
</conditionvar>
<setvar action="Add" varname="REALSCORE">1</setvar>
</respcondition>
</resprocessing>
</item>
</questestinterop>