<?xml version="1.0" encoding="UTF-8"?><questestinterop xmlns="http://www.wiley.com/namespaces/wiley/qti" xmlns:ext="http://www.wiley.com/namespaces/wiley/qti/ext" xmlns:mml="http://www.w3.org/1998/Math/MathML" xmlns:wiley="http://www.wiley.com/namespaces/wiley/wiley" xmlns:wileyml="http://www.wiley.com/namespaces/wiley" ext:guid="ead8ef5a-7529-45b5-b804-65393231100a" xml:id="fc153800.IAPPCIPMSG.070">
<wileyml:revisionGroup>
<wileyml:revision agent="Lumina" date="2022-12-23" severity="major" type="created"/>
</wileyml:revisionGroup>
<item ext:type="14" ident="item-0001">
<itemmetadata>
<qmd_computerscored>Yes</qmd_computerscored>
<qmd_feedbackpermitted>Yes</qmd_feedbackpermitted>
<qmd_scoringpermitted>Yes</qmd_scoringpermitted>
<qmd_toolvendor>John Wiley and Sons Inc.</qmd_toolvendor>
<qmd_solutionspermitted>Yes</qmd_solutionspermitted>
</itemmetadata>
<presentation>
<wileyml:p>What are the six common sources of regulation that must be monitored?</wileyml:p>
<response_lid ident="fc153800.IAPPCIPMSG.070">
<render_choice>
<response_label ident="fc153800.IAPPCIPMSG.070_01">
<wileyml:p><wileyml:list style="plain">
<wileyml:listItem>National legislation</wileyml:listItem>
<wileyml:listItem>Enforcement agency rules and enforcement actions</wileyml:listItem>
<wileyml:listItem>Judicial decisions</wileyml:listItem>
<wileyml:listItem>U.S. state laws</wileyml:listItem>
<wileyml:listItem>Municipal regulations</wileyml:listItem>
<wileyml:listItem>Self‐regulatory systems</wileyml:listItem>
</wileyml:list></wileyml:p>
</response_label>
</render_choice>
</response_lid>
</presentation>
<resprocessing>
<outcomes>
<decvar varname="REALSCORE"/>
</outcomes>
<respcondition>
<qticomment>Correct answer</qticomment>
<conditionvar>
<varequal respident="fc153800.IAPPCIPMSG.070">fc153800.IAPPCIPMSG.070_01</varequal>
</conditionvar>
<setvar action="Add" varname="REALSCORE">1</setvar>
</respcondition>
</resprocessing>
</item>
</questestinterop>