<?xml version="1.0" encoding="UTF-8"?><questestinterop xmlns="http://www.wiley.com/namespaces/wiley/qti" xmlns:ext="http://www.wiley.com/namespaces/wiley/qti/ext" xmlns:mml="http://www.w3.org/1998/Math/MathML" xmlns:wiley="http://www.wiley.com/namespaces/wiley/wiley" xmlns:wileyml="http://www.wiley.com/namespaces/wiley" ext:guid="5e57d9ee-8dcf-4d0c-b0fb-18935dec6f3d" xml:id="fc153800.IAPPCIPMSG.021">
<wileyml:revisionGroup>
<wileyml:revision agent="Lumina" date="2022-12-23" severity="major" type="created"/>
</wileyml:revisionGroup>
<item ext:type="14" ident="item-0001">
<itemmetadata>
<qmd_computerscored>Yes</qmd_computerscored>
<qmd_feedbackpermitted>Yes</qmd_feedbackpermitted>
<qmd_scoringpermitted>Yes</qmd_scoringpermitted>
<qmd_toolvendor>John Wiley and Sons Inc.</qmd_toolvendor>
<qmd_solutionspermitted>Yes</qmd_solutionspermitted>
</itemmetadata>
<presentation>
<wileyml:p>Give four examples of the Fair Information Practice Principles.</wileyml:p>
<response_lid ident="fc153800.IAPPCIPMSG.021">
<render_choice>
<response_label ident="fc153800.IAPPCIPMSG.021_01">
<wileyml:p><wileyml:list style="plain">
<wileyml:listItem>Transparency</wileyml:listItem>
<wileyml:listItem>Individual participation and choice:
<wileyml:list style="plain">
<wileyml:listItem>Purpose specification</wileyml:listItem>
<wileyml:listItem>Data minimization</wileyml:listItem>
<wileyml:listItem>Use limitation</wileyml:listItem>
<wileyml:listItem>Data quality and integrity</wileyml:listItem>
</wileyml:list></wileyml:listItem>
<wileyml:listItem>Security:
<wileyml:list style="plain">
<wileyml:listItem>Accountability</wileyml:listItem>
</wileyml:list></wileyml:listItem>
</wileyml:list></wileyml:p>
</response_label>
</render_choice>
</response_lid>
</presentation>
<resprocessing>
<outcomes>
<decvar varname="REALSCORE"/>
</outcomes>
<respcondition>
<qticomment>Correct answer</qticomment>
<conditionvar>
<varequal respident="fc153800.IAPPCIPMSG.021">fc153800.IAPPCIPMSG.021_01</varequal>
</conditionvar>
<setvar action="Add" varname="REALSCORE">1</setvar>
</respcondition>
</resprocessing>
</item>
</questestinterop>