<?xml version="1.0" encoding="UTF-8"?><questestinterop xmlns="http://www.wiley.com/namespaces/wiley/qti" xmlns:ext="http://www.wiley.com/namespaces/wiley/qti/ext" xmlns:mml="http://www.w3.org/1998/Math/MathML" xmlns:wiley="http://www.wiley.com/namespaces/wiley/wiley" xmlns:wileyml="http://www.wiley.com/namespaces/wiley" ext:guid="74e71d29-3917-45bc-8b6f-e12c2c6ad027" xml:id="fc153800.IAPPCIPMSG.032">
<wileyml:revisionGroup>
<wileyml:revision agent="Lumina" date="2022-12-23" severity="major" type="created"/>
</wileyml:revisionGroup>
<item ext:type="14" ident="item-0001">
<itemmetadata>
<qmd_computerscored>Yes</qmd_computerscored>
<qmd_feedbackpermitted>Yes</qmd_feedbackpermitted>
<qmd_scoringpermitted>Yes</qmd_scoringpermitted>
<qmd_toolvendor>John Wiley and Sons Inc.</qmd_toolvendor>
<qmd_solutionspermitted>Yes</qmd_solutionspermitted>
</itemmetadata>
<presentation>
<wileyml:p>What are five of the nine core principles of the APEC privacy framework?</wileyml:p>
<response_lid ident="fc153800.IAPPCIPMSG.032">
<render_choice>
<response_label ident="fc153800.IAPPCIPMSG.032_01">
<wileyml:p><wileyml:list style="plain">
<wileyml:listItem>Preventing Harm</wileyml:listItem>
<wileyml:listItem>Notice</wileyml:listItem>
<wileyml:listItem>Collection Limitation</wileyml:listItem>
<wileyml:listItem>Uses of Personal Information</wileyml:listItem>
<wileyml:listItem>Choice</wileyml:listItem>
<wileyml:listItem>Integrity of Personal Information</wileyml:listItem>
<wileyml:listItem>Security Safeguards</wileyml:listItem>
<wileyml:listItem>Access and Correction</wileyml:listItem>
<wileyml:listItem>Accountability</wileyml:listItem>
</wileyml:list></wileyml:p>
</response_label>
</render_choice>
</response_lid>
</presentation>
<resprocessing>
<outcomes>
<decvar varname="REALSCORE"/>
</outcomes>
<respcondition>
<qticomment>Correct answer</qticomment>
<conditionvar>
<varequal respident="fc153800.IAPPCIPMSG.032">fc153800.IAPPCIPMSG.032_01</varequal>
</conditionvar>
<setvar action="Add" varname="REALSCORE">1</setvar>
</respcondition>
</resprocessing>
</item>
</questestinterop>