<?xml version="1.0" encoding="UTF-8"?><questestinterop xmlns="http://www.wiley.com/namespaces/wiley/qti" xmlns:ext="http://www.wiley.com/namespaces/wiley/qti/ext" xmlns:mml="http://www.w3.org/1998/Math/MathML" xmlns:wiley="http://www.wiley.com/namespaces/wiley/wiley" xmlns:wileyml="http://www.wiley.com/namespaces/wiley" ext:guid="0013bb17-23a4-4fa8-81fa-4aef94f3f028" xml:id="fc153800.IAPPCIPMSG.047">
<wileyml:revisionGroup>
<wileyml:revision agent="Lumina" date="2022-12-23" severity="major" type="created"/>
</wileyml:revisionGroup>
<item ext:type="14" ident="item-0001">
<itemmetadata>
<qmd_computerscored>Yes</qmd_computerscored>
<qmd_feedbackpermitted>Yes</qmd_feedbackpermitted>
<qmd_scoringpermitted>Yes</qmd_scoringpermitted>
<qmd_toolvendor>John Wiley and Sons Inc.</qmd_toolvendor>
<qmd_solutionspermitted>Yes</qmd_solutionspermitted>
</itemmetadata>
<presentation>
<wileyml:p>According to the Department of Homeland Security (DHS), what are the three goals of the privacy impact assessment (PIA)?</wileyml:p>
<response_lid ident="fc153800.IAPPCIPMSG.047">
<render_choice>
<response_label ident="fc153800.IAPPCIPMSG.047_01">
<wileyml:p><wileyml:list style="plain">
<wileyml:listItem>Ensure conformance with applicable legal, regulatory, and policy requirements for privacy.</wileyml:listItem>
<wileyml:listItem>Determine the risks and effects.</wileyml:listItem>
<wileyml:listItem>Evaluate protections and alternative processes to mitigate potential privacy risks.</wileyml:listItem>
</wileyml:list></wileyml:p>
</response_label>
</render_choice>
</response_lid>
</presentation>
<resprocessing>
<outcomes>
<decvar varname="REALSCORE"/>
</outcomes>
<respcondition>
<qticomment>Correct answer</qticomment>
<conditionvar>
<varequal respident="fc153800.IAPPCIPMSG.047">fc153800.IAPPCIPMSG.047_01</varequal>
</conditionvar>
<setvar action="Add" varname="REALSCORE">1</setvar>
</respcondition>
</resprocessing>
</item>
</questestinterop>