<?xml version="1.0" encoding="UTF-8"?><questestinterop xmlns="http://www.wiley.com/namespaces/wiley/qti" xmlns:ext="http://www.wiley.com/namespaces/wiley/qti/ext" xmlns:mml="http://www.w3.org/1998/Math/MathML" xmlns:wiley="http://www.wiley.com/namespaces/wiley/wiley" xmlns:wileyml="http://www.wiley.com/namespaces/wiley" ext:guid="84a0eb83-0df6-4774-b183-918a2a32537b" xml:id="fc153800.IAPPCIPMSG.071">
<wileyml:revisionGroup>
<wileyml:revision agent="Lumina" date="2022-12-23" severity="major" type="created"/>
</wileyml:revisionGroup>
<item ext:type="14" ident="item-0001">
<itemmetadata>
<qmd_computerscored>Yes</qmd_computerscored>
<qmd_feedbackpermitted>Yes</qmd_feedbackpermitted>
<qmd_scoringpermitted>Yes</qmd_scoringpermitted>
<qmd_toolvendor>John Wiley and Sons Inc.</qmd_toolvendor>
<qmd_solutionspermitted>Yes</qmd_solutionspermitted>
</itemmetadata>
<presentation>
<wileyml:p>What six areas should be monitored for privacy program compliance?</wileyml:p>
<response_lid ident="fc153800.IAPPCIPMSG.071">
<render_choice>
<response_label ident="fc153800.IAPPCIPMSG.071_01">
<wileyml:p><wileyml:list style="plain">
<wileyml:listItem>Privacy policy</wileyml:listItem>
<wileyml:listItem>Records retention</wileyml:listItem>
<wileyml:listItem>Training and awareness</wileyml:listItem>
<wileyml:listItem>Incident response and notification</wileyml:listItem>
<wileyml:listItem>Privacy risk assessment</wileyml:listItem>
<wileyml:listItem>Internal audit</wileyml:listItem>
</wileyml:list></wileyml:p>
</response_label>
</render_choice>
</response_lid>
</presentation>
<resprocessing>
<outcomes>
<decvar varname="REALSCORE"/>
</outcomes>
<respcondition>
<qticomment>Correct answer</qticomment>
<conditionvar>
<varequal respident="fc153800.IAPPCIPMSG.071">fc153800.IAPPCIPMSG.071_01</varequal>
</conditionvar>
<setvar action="Add" varname="REALSCORE">1</setvar>
</respcondition>
</resprocessing>
</item>
</questestinterop>