<?xml version="1.0" encoding="UTF-8"?><questestinterop xmlns="http://www.wiley.com/namespaces/wiley/qti" xmlns:ext="http://www.wiley.com/namespaces/wiley/qti/ext" xmlns:mml="http://www.w3.org/1998/Math/MathML" xmlns:wiley="http://www.wiley.com/namespaces/wiley/wiley" xmlns:wileyml="http://www.wiley.com/namespaces/wiley" ext:guid="3ac3461d-84a9-4c9d-be3b-4d51d68bf0c7" xml:id="fc490708.AWSCeClPrSG.052">
<wileyml:revisionGroup>
<wileyml:revision agent="Wiley" date="2020-05-27" severity="major" type="created"/>
</wileyml:revisionGroup>
<item ext:type="14" ident="item-0001">
<itemmetadata>
<qmd_computerscored>Yes</qmd_computerscored>
<qmd_feedbackpermitted>Yes</qmd_feedbackpermitted>
<qmd_scoringpermitted>Yes</qmd_scoringpermitted>
<qmd_toolvendor>John Wiley and Sons Inc.</qmd_toolvendor>
<qmd_solutionspermitted>Yes</qmd_solutionspermitted>
</itemmetadata>
<presentation>
<wileyml:p>Which AWS service offers you access to EC2 infrastructure but takes care of the provisioning invisibly, leaving you responsible only for your application code?</wileyml:p>
<response_lid ident="fc490708.AWSCeClPrSG.052">
<render_choice>
<response_label ident="fc490708.AWSCeClPrSG.052_01">
<wileyml:p>Elastic Beanstalk</wileyml:p>
</response_label>
</render_choice>
</response_lid>
</presentation>
<resprocessing>
<outcomes>
<decvar varname="REALSCORE"/>
</outcomes>
<respcondition>
<qticomment>Correct answer</qticomment>
<conditionvar>
<varequal respident="fc490708.AWSCeClPrSG.052">fc490708.AWSCeClPrSG.052_01</varequal>
</conditionvar>
<setvar action="Add" varname="REALSCORE">1</setvar>
</respcondition>
</resprocessing>
</item>
</questestinterop>