<?xml version="1.0" encoding="UTF-8"?><questestinterop xmlns="http://www.wiley.com/namespaces/wiley/qti" xmlns:ext="http://www.wiley.com/namespaces/wiley/qti/ext" xmlns:mml="http://www.w3.org/1998/Math/MathML" xmlns:wiley="http://www.wiley.com/namespaces/wiley/wiley" xmlns:wileyml="http://www.wiley.com/namespaces/wiley" ext:guid="8ad384b8-af03-4943-b90a-9fab4965d5cc" xml:id="fc871057.GoCCPCASG2E.057">
<wileyml:revisionGroup>
<wileyml:revision agent="Lumina" date="2022-02-26" severity="major" type="created"/>
</wileyml:revisionGroup>
<item ext:type="14" ident="item-0001">
<itemmetadata>
<qmd_computerscored>Yes</qmd_computerscored>
<qmd_feedbackpermitted>Yes</qmd_feedbackpermitted>
<qmd_scoringpermitted>Yes</qmd_scoringpermitted>
<qmd_toolvendor>John Wiley and Sons Inc.</qmd_toolvendor>
<qmd_solutionspermitted>Yes</qmd_solutionspermitted>
</itemmetadata>
<presentation>
<wileyml:p>What is a service‐level agreement (SLA)?</wileyml:p>
<response_lid ident="fc871057.GoCCPCASG2E.057">
<render_choice>
<response_label ident="fc871057.GoCCPCASG2E.057_01">
<wileyml:p>An agreement between a provider of a service and a customer using the service. SLAs define responsibilities for delivering a service and consequences when responsibilities are not met.</wileyml:p>
</response_label>
</render_choice>
</response_lid>
</presentation>
<resprocessing>
<outcomes>
<decvar varname="REALSCORE"/>
</outcomes>
<respcondition>
<qticomment>Correct answer</qticomment>
<conditionvar>
<varequal respident="fc871057.GoCCPCASG2E.057">fc871057.GoCCPCASG2E.057_01</varequal>
</conditionvar>
<setvar action="Add" varname="REALSCORE">1</setvar>
</respcondition>
</resprocessing>
</item>
</questestinterop>