<?xml version="1.0" encoding="UTF-8"?><questestinterop xmlns="http://www.wiley.com/namespaces/wiley/qti" xmlns:ext="http://www.wiley.com/namespaces/wiley/qti/ext" xmlns:mml="http://www.w3.org/1998/Math/MathML" xmlns:wiley="http://www.wiley.com/namespaces/wiley/wiley" xmlns:wileyml="http://www.wiley.com/namespaces/wiley" ext:guid="62093ead-1ba9-4f80-bd4a-f6365955fda2" xml:id="fc871057.GoCCPCASG2E.028">
<wileyml:revisionGroup>
<wileyml:revision agent="Lumina" date="2022-02-26" severity="major" type="created"/>
</wileyml:revisionGroup>
<item ext:type="14" ident="item-0001">
<itemmetadata>
<qmd_computerscored>Yes</qmd_computerscored>
<qmd_feedbackpermitted>Yes</qmd_feedbackpermitted>
<qmd_scoringpermitted>Yes</qmd_scoringpermitted>
<qmd_toolvendor>John Wiley and Sons Inc.</qmd_toolvendor>
<qmd_solutionspermitted>Yes</qmd_solutionspermitted>
</itemmetadata>
<presentation>
<wileyml:p>What is a Virtual Private Cloud (VPC)?</wileyml:p>
<response_lid ident="fc871057.GoCCPCASG2E.028">
<render_choice>
<response_label ident="fc871057.GoCCPCASG2E.028_01">
<wileyml:p>A VPC defines a network, its regional subnets, firewall rules, and routing; it is a logical organization of cloud resources isolated from other resources on the same cloud. In GCP, VPCs are created for projects. Resources in different projects can communicate over Shared VPCs or VPC peering.</wileyml:p>
</response_label>
</render_choice>
</response_lid>
</presentation>
<resprocessing>
<outcomes>
<decvar varname="REALSCORE"/>
</outcomes>
<respcondition>
<qticomment>Correct answer</qticomment>
<conditionvar>
<varequal respident="fc871057.GoCCPCASG2E.028">fc871057.GoCCPCASG2E.028_01</varequal>
</conditionvar>
<setvar action="Add" varname="REALSCORE">1</setvar>
</respcondition>
</resprocessing>
</item>
</questestinterop>