<?xml version="1.0" encoding="UTF-8"?><questestinterop xmlns="http://www.wiley.com/namespaces/wiley/qti" xmlns:ext="http://www.wiley.com/namespaces/wiley/qti/ext" xmlns:mml="http://www.w3.org/1998/Math/MathML" xmlns:wiley="http://www.wiley.com/namespaces/wiley/wiley" xmlns:wileyml="http://www.wiley.com/namespaces/wiley" ext:guid="f2fd8c30-82dd-4ac3-95d2-b82923f4d32a" xml:id="fc871057.GoCCPCASG2E.017">
<wileyml:revisionGroup>
<wileyml:revision agent="Lumina" date="2022-02-26" severity="major" type="created"/>
</wileyml:revisionGroup>
<item ext:type="14" ident="item-0001">
<itemmetadata>
<qmd_computerscored>Yes</qmd_computerscored>
<qmd_feedbackpermitted>Yes</qmd_feedbackpermitted>
<qmd_scoringpermitted>Yes</qmd_scoringpermitted>
<qmd_toolvendor>John Wiley and Sons Inc.</qmd_toolvendor>
<qmd_solutionspermitted>Yes</qmd_solutionspermitted>
</itemmetadata>
<presentation>
<wileyml:p>Which storage classes are good options for infrequently accessed data? One is designed to be accessed no more than once a month, another is designed to be accessed no more than once every 90 days, while the other is designed to be accessed no more than once per year.</wileyml:p>
<response_lid ident="fc871057.GoCCPCASG2E.017">
<render_choice>
<response_label ident="fc871057.GoCCPCASG2E.017_01">
<wileyml:p>Nearline (once per month), Coldline (once every 90 days), and Archive (once per year)</wileyml:p>
</response_label>
</render_choice>
</response_lid>
</presentation>
<resprocessing>
<outcomes>
<decvar varname="REALSCORE"/>
</outcomes>
<respcondition>
<qticomment>Correct answer</qticomment>
<conditionvar>
<varequal respident="fc871057.GoCCPCASG2E.017">fc871057.GoCCPCASG2E.017_01</varequal>
</conditionvar>
<setvar action="Add" varname="REALSCORE">1</setvar>
</respcondition>
</resprocessing>
</item>
</questestinterop>