<?xml version="1.0" encoding="UTF-8"?>
<manifest xmlns="http://www.imsglobal.org/xsd/imscp_v1p1" xmlns:imsmd="http://ltsc.ieee.org/xsd/LOM" xmlns:imsqti="http://www.imsglobal.org/xsd/imsqti_metadata_v2p1" xmlns:xsi="http://www.w3.org/2001/XMLSchema-instance" identifier="MANIFEST-QTI-DP20150709" xsi:schemaLocation="http://www.imsglobal.org/xsd/imscp_v1p1 http://www.imsglobal.org/xsd/qti/qtiv2p1/qtiv2p1_imscpv1p2_v1p0.xsd http://www.imsglobal.org/xsd/imsqti_metadata_v2p1 http://www.imsglobal.org/xsd/qti/qtiv2p1/imsqti_metadata_v2p1p1.xsd http://ltsc.ieee.org/xsd/LOM http://www.imsglobal.org/xsd/imsmd_loose_v1p3p2.xsd">
  <metadata>
    <schema>QTIv2.1 Item Bank Package</schema>
    <schemaversion>1.0.0</schemaversion>
  </metadata>
  <organizations/>
  <resources>
    <resource identifier="QUE_194248" type="imsqti_item_xmlv2p1" href="QUE_194248.xml">
      <metadata>
        <imsqti:qtiMetadata>
          <imsqti:interactionType>choiceInteraction</imsqti:interactionType>
        </imsqti:qtiMetadata>
        <imsmd:lom>
          <imsmd:general>
            <imsmd:identifier>
              <imsmd:entry>QUE_194248</imsmd:entry>
            </imsmd:identifier>
          </imsmd:general>
          <imsmd:metaMetadata>
            <imsmd:identifier>
              <imsmd:catalog>Question Type</imsmd:catalog>
              <imsmd:entry>Flashcard</imsmd:entry>
            </imsmd:identifier>
            <imsmd:identifier>
              <imsmd:catalog>Topic</imsmd:catalog>
              <imsmd:entry>CISSP Flashcards</imsmd:entry>
            </imsmd:identifier>
          </imsmd:metaMetadata>
        </imsmd:lom>
      </metadata>
      <file href="QUE_194248.xml"/>
    </resource>
    <resource identifier="QUE_194249" type="imsqti_item_xmlv2p1" href="QUE_194249.xml">
      <metadata>
        <imsqti:qtiMetadata>
          <imsqti:interactionType>choiceInteraction</imsqti:interactionType>
        </imsqti:qtiMetadata>
        <imsmd:lom>
          <imsmd:general>
            <imsmd:identifier>
              <imsmd:entry>QUE_194249</imsmd:entry>
            </imsmd:identifier>
          </imsmd:general>
          <imsmd:metaMetadata>
            <imsmd:identifier>
              <imsmd:catalog>Question Type</imsmd:catalog>
              <imsmd:entry>Flashcard</imsmd:entry>
            </imsmd:identifier>
            <imsmd:identifier>
              <imsmd:catalog>Topic</imsmd:catalog>
              <imsmd:entry>CISSP Flashcards</imsmd:entry>
            </imsmd:identifier>
          </imsmd:metaMetadata>
        </imsmd:lom>
      </metadata>
      <file href="QUE_194249.xml"/>
    </resource>
    <resource identifier="QUE_194250" type="imsqti_item_xmlv2p1" href="QUE_194250.xml">
      <metadata>
        <imsqti:qtiMetadata>
          <imsqti:interactionType>choiceInteraction</imsqti:interactionType>
        </imsqti:qtiMetadata>
        <imsmd:lom>
          <imsmd:general>
            <imsmd:identifier>
              <imsmd:entry>QUE_194250</imsmd:entry>
            </imsmd:identifier>
          </imsmd:general>
          <imsmd:metaMetadata>
            <imsmd:identifier>
              <imsmd:catalog>Question Type</imsmd:catalog>
              <imsmd:entry>Flashcard</imsmd:entry>
            </imsmd:identifier>
            <imsmd:identifier>
              <imsmd:catalog>Topic</imsmd:catalog>
              <imsmd:entry>CISSP Flashcards</imsmd:entry>
            </imsmd:identifier>
          </imsmd:metaMetadata>
        </imsmd:lom>
      </metadata>
      <file href="QUE_194250.xml"/>
    </resource>
    <resource identifier="QUE_194251" type="imsqti_item_xmlv2p1" href="QUE_194251.xml">
      <metadata>
        <imsqti:qtiMetadata>
          <imsqti:interactionType>choiceInteraction</imsqti:interactionType>
        </imsqti:qtiMetadata>
        <imsmd:lom>
          <imsmd:general>
            <imsmd:identifier>
              <imsmd:entry>QUE_194251</imsmd:entry>
            </imsmd:identifier>
          </imsmd:general>
          <imsmd:metaMetadata>
            <imsmd:identifier>
              <imsmd:catalog>Question Type</imsmd:catalog>
              <imsmd:entry>Flashcard</imsmd:entry>
            </imsmd:identifier>
            <imsmd:identifier>
              <imsmd:catalog>Topic</imsmd:catalog>
              <imsmd:entry>CISSP Flashcards</imsmd:entry>
            </imsmd:identifier>
          </imsmd:metaMetadata>
        </imsmd:lom>
      </metadata>
      <file href="QUE_194251.xml"/>
    </resource>
    <resource identifier="QUE_194252" type="imsqti_item_xmlv2p1" href="QUE_194252.xml">
      <metadata>
        <imsqti:qtiMetadata>
          <imsqti:interactionType>choiceInteraction</imsqti:interactionType>
        </imsqti:qtiMetadata>
        <imsmd:lom>
          <imsmd:general>
            <imsmd:identifier>
              <imsmd:entry>QUE_194252</imsmd:entry>
            </imsmd:identifier>
          </imsmd:general>
          <imsmd:metaMetadata>
            <imsmd:identifier>
              <imsmd:catalog>Question Type</imsmd:catalog>
              <imsmd:entry>Flashcard</imsmd:entry>
            </imsmd:identifier>
            <imsmd:identifier>
              <imsmd:catalog>Topic</imsmd:catalog>
              <imsmd:entry>CISSP Flashcards</imsmd:entry>
            </imsmd:identifier>
          </imsmd:metaMetadata>
        </imsmd:lom>
      </metadata>
      <file href="QUE_194252.xml"/>
    </resource>
    <resource identifier="QUE_194253" type="imsqti_item_xmlv2p1" href="QUE_194253.xml">
      <metadata>
        <imsqti:qtiMetadata>
          <imsqti:interactionType>choiceInteraction</imsqti:interactionType>
        </imsqti:qtiMetadata>
        <imsmd:lom>
          <imsmd:general>
            <imsmd:identifier>
              <imsmd:entry>QUE_194253</imsmd:entry>
            </imsmd:identifier>
          </imsmd:general>
          <imsmd:metaMetadata>
            <imsmd:identifier>
              <imsmd:catalog>Question Type</imsmd:catalog>
              <imsmd:entry>Flashcard</imsmd:entry>
            </imsmd:identifier>
            <imsmd:identifier>
              <imsmd:catalog>Topic</imsmd:catalog>
              <imsmd:entry>CISSP Flashcards</imsmd:entry>
            </imsmd:identifier>
          </imsmd:metaMetadata>
        </imsmd:lom>
      </metadata>
      <file href="QUE_194253.xml"/>
    </resource>
    <resource identifier="QUE_194254" type="imsqti_item_xmlv2p1" href="QUE_194254.xml">
      <metadata>
        <imsqti:qtiMetadata>
          <imsqti:interactionType>choiceInteraction</imsqti:interactionType>
        </imsqti:qtiMetadata>
        <imsmd:lom>
          <imsmd:general>
            <imsmd:identifier>
              <imsmd:entry>QUE_194254</imsmd:entry>
            </imsmd:identifier>
          </imsmd:general>
          <imsmd:metaMetadata>
            <imsmd:identifier>
              <imsmd:catalog>Question Type</imsmd:catalog>
              <imsmd:entry>Flashcard</imsmd:entry>
            </imsmd:identifier>
            <imsmd:identifier>
              <imsmd:catalog>Topic</imsmd:catalog>
              <imsmd:entry>CISSP Flashcards</imsmd:entry>
            </imsmd:identifier>
          </imsmd:metaMetadata>
        </imsmd:lom>
      </metadata>
      <file href="QUE_194254.xml"/>
    </resource>
    <resource identifier="QUE_194255" type="imsqti_item_xmlv2p1" href="QUE_194255.xml">
      <metadata>
        <imsqti:qtiMetadata>
          <imsqti:interactionType>choiceInteraction</imsqti:interactionType>
        </imsqti:qtiMetadata>
        <imsmd:lom>
          <imsmd:general>
            <imsmd:identifier>
              <imsmd:entry>QUE_194255</imsmd:entry>
            </imsmd:identifier>
          </imsmd:general>
          <imsmd:metaMetadata>
            <imsmd:identifier>
              <imsmd:catalog>Question Type</imsmd:catalog>
              <imsmd:entry>Flashcard</imsmd:entry>
            </imsmd:identifier>
            <imsmd:identifier>
              <imsmd:catalog>Topic</imsmd:catalog>
              <imsmd:entry>CISSP Flashcards</imsmd:entry>
            </imsmd:identifier>
          </imsmd:metaMetadata>
        </imsmd:lom>
      </metadata>
      <file href="QUE_194255.xml"/>
    </resource>
    <resource identifier="QUE_194256" type="imsqti_item_xmlv2p1" href="QUE_194256.xml">
      <metadata>
        <imsqti:qtiMetadata>
          <imsqti:interactionType>choiceInteraction</imsqti:interactionType>
        </imsqti:qtiMetadata>
        <imsmd:lom>
          <imsmd:general>
            <imsmd:identifier>
              <imsmd:entry>QUE_194256</imsmd:entry>
            </imsmd:identifier>
          </imsmd:general>
          <imsmd:metaMetadata>
            <imsmd:identifier>
              <imsmd:catalog>Question Type</imsmd:catalog>
              <imsmd:entry>Flashcard</imsmd:entry>
            </imsmd:identifier>
            <imsmd:identifier>
              <imsmd:catalog>Topic</imsmd:catalog>
              <imsmd:entry>CISSP Flashcards</imsmd:entry>
            </imsmd:identifier>
          </imsmd:metaMetadata>
        </imsmd:lom>
      </metadata>
      <file href="QUE_194256.xml"/>
    </resource>
    <resource identifier="QUE_194257" type="imsqti_item_xmlv2p1" href="QUE_194257.xml">
      <metadata>
        <imsqti:qtiMetadata>
          <imsqti:interactionType>choiceInteraction</imsqti:interactionType>
        </imsqti:qtiMetadata>
        <imsmd:lom>
          <imsmd:general>
            <imsmd:identifier>
              <imsmd:entry>QUE_194257</imsmd:entry>
            </imsmd:identifier>
          </imsmd:general>
          <imsmd:metaMetadata>
            <imsmd:identifier>
              <imsmd:catalog>Question Type</imsmd:catalog>
              <imsmd:entry>Flashcard</imsmd:entry>
            </imsmd:identifier>
            <imsmd:identifier>
              <imsmd:catalog>Topic</imsmd:catalog>
              <imsmd:entry>CISSP Flashcards</imsmd:entry>
            </imsmd:identifier>
          </imsmd:metaMetadata>
        </imsmd:lom>
      </metadata>
      <file href="QUE_194257.xml"/>
    </resource>
    <resource identifier="QUE_194258" type="imsqti_item_xmlv2p1" href="QUE_194258.xml">
      <metadata>
        <imsqti:qtiMetadata>
          <imsqti:interactionType>choiceInteraction</imsqti:interactionType>
        </imsqti:qtiMetadata>
        <imsmd:lom>
          <imsmd:general>
            <imsmd:identifier>
              <imsmd:entry>QUE_194258</imsmd:entry>
            </imsmd:identifier>
          </imsmd:general>
          <imsmd:metaMetadata>
            <imsmd:identifier>
              <imsmd:catalog>Question Type</imsmd:catalog>
              <imsmd:entry>Flashcard</imsmd:entry>
            </imsmd:identifier>
            <imsmd:identifier>
              <imsmd:catalog>Topic</imsmd:catalog>
              <imsmd:entry>CISSP Flashcards</imsmd:entry>
            </imsmd:identifier>
          </imsmd:metaMetadata>
        </imsmd:lom>
      </metadata>
      <file href="QUE_194258.xml"/>
    </resource>
    <resource identifier="QUE_194259" type="imsqti_item_xmlv2p1" href="QUE_194259.xml">
      <metadata>
        <imsqti:qtiMetadata>
          <imsqti:interactionType>choiceInteraction</imsqti:interactionType>
        </imsqti:qtiMetadata>
        <imsmd:lom>
          <imsmd:general>
            <imsmd:identifier>
              <imsmd:entry>QUE_194259</imsmd:entry>
            </imsmd:identifier>
          </imsmd:general>
          <imsmd:metaMetadata>
            <imsmd:identifier>
              <imsmd:catalog>Question Type</imsmd:catalog>
              <imsmd:entry>Flashcard</imsmd:entry>
            </imsmd:identifier>
            <imsmd:identifier>
              <imsmd:catalog>Topic</imsmd:catalog>
              <imsmd:entry>CISSP Flashcards</imsmd:entry>
            </imsmd:identifier>
          </imsmd:metaMetadata>
        </imsmd:lom>
      </metadata>
      <file href="QUE_194259.xml"/>
    </resource>
    <resource identifier="QUE_194260" type="imsqti_item_xmlv2p1" href="QUE_194260.xml">
      <metadata>
        <imsqti:qtiMetadata>
          <imsqti:interactionType>choiceInteraction</imsqti:interactionType>
        </imsqti:qtiMetadata>
        <imsmd:lom>
          <imsmd:general>
            <imsmd:identifier>
              <imsmd:entry>QUE_194260</imsmd:entry>
            </imsmd:identifier>
          </imsmd:general>
          <imsmd:metaMetadata>
            <imsmd:identifier>
              <imsmd:catalog>Question Type</imsmd:catalog>
              <imsmd:entry>Flashcard</imsmd:entry>
            </imsmd:identifier>
            <imsmd:identifier>
              <imsmd:catalog>Topic</imsmd:catalog>
              <imsmd:entry>CISSP Flashcards</imsmd:entry>
            </imsmd:identifier>
          </imsmd:metaMetadata>
        </imsmd:lom>
      </metadata>
      <file href="QUE_194260.xml"/>
    </resource>
    <resource identifier="QUE_194261" type="imsqti_item_xmlv2p1" href="QUE_194261.xml">
      <metadata>
        <imsqti:qtiMetadata>
          <imsqti:interactionType>choiceInteraction</imsqti:interactionType>
        </imsqti:qtiMetadata>
        <imsmd:lom>
          <imsmd:general>
            <imsmd:identifier>
              <imsmd:entry>QUE_194261</imsmd:entry>
            </imsmd:identifier>
          </imsmd:general>
          <imsmd:metaMetadata>
            <imsmd:identifier>
              <imsmd:catalog>Question Type</imsmd:catalog>
              <imsmd:entry>Flashcard</imsmd:entry>
            </imsmd:identifier>
            <imsmd:identifier>
              <imsmd:catalog>Topic</imsmd:catalog>
              <imsmd:entry>CISSP Flashcards</imsmd:entry>
            </imsmd:identifier>
          </imsmd:metaMetadata>
        </imsmd:lom>
      </metadata>
      <file href="QUE_194261.xml"/>
    </resource>
    <resource identifier="QUE_194262" type="imsqti_item_xmlv2p1" href="QUE_194262.xml">
      <metadata>
        <imsqti:qtiMetadata>
          <imsqti:interactionType>choiceInteraction</imsqti:interactionType>
        </imsqti:qtiMetadata>
        <imsmd:lom>
          <imsmd:general>
            <imsmd:identifier>
              <imsmd:entry>QUE_194262</imsmd:entry>
            </imsmd:identifier>
          </imsmd:general>
          <imsmd:metaMetadata>
            <imsmd:identifier>
              <imsmd:catalog>Question Type</imsmd:catalog>
              <imsmd:entry>Flashcard</imsmd:entry>
            </imsmd:identifier>
            <imsmd:identifier>
              <imsmd:catalog>Topic</imsmd:catalog>
              <imsmd:entry>CISSP Flashcards</imsmd:entry>
            </imsmd:identifier>
          </imsmd:metaMetadata>
        </imsmd:lom>
      </metadata>
      <file href="QUE_194262.xml"/>
    </resource>
    <resource identifier="QUE_194263" type="imsqti_item_xmlv2p1" href="QUE_194263.xml">
      <metadata>
        <imsqti:qtiMetadata>
          <imsqti:interactionType>choiceInteraction</imsqti:interactionType>
        </imsqti:qtiMetadata>
        <imsmd:lom>
          <imsmd:general>
            <imsmd:identifier>
              <imsmd:entry>QUE_194263</imsmd:entry>
            </imsmd:identifier>
          </imsmd:general>
          <imsmd:metaMetadata>
            <imsmd:identifier>
              <imsmd:catalog>Question Type</imsmd:catalog>
              <imsmd:entry>Flashcard</imsmd:entry>
            </imsmd:identifier>
            <imsmd:identifier>
              <imsmd:catalog>Topic</imsmd:catalog>
              <imsmd:entry>CISSP Flashcards</imsmd:entry>
            </imsmd:identifier>
          </imsmd:metaMetadata>
        </imsmd:lom>
      </metadata>
      <file href="QUE_194263.xml"/>
    </resource>
    <resource identifier="QUE_194264" type="imsqti_item_xmlv2p1" href="QUE_194264.xml">
      <metadata>
        <imsqti:qtiMetadata>
          <imsqti:interactionType>choiceInteraction</imsqti:interactionType>
        </imsqti:qtiMetadata>
        <imsmd:lom>
          <imsmd:general>
            <imsmd:identifier>
              <imsmd:entry>QUE_194264</imsmd:entry>
            </imsmd:identifier>
          </imsmd:general>
          <imsmd:metaMetadata>
            <imsmd:identifier>
              <imsmd:catalog>Question Type</imsmd:catalog>
              <imsmd:entry>Flashcard</imsmd:entry>
            </imsmd:identifier>
            <imsmd:identifier>
              <imsmd:catalog>Topic</imsmd:catalog>
              <imsmd:entry>CISSP Flashcards</imsmd:entry>
            </imsmd:identifier>
          </imsmd:metaMetadata>
        </imsmd:lom>
      </metadata>
      <file href="QUE_194264.xml"/>
    </resource>
    <resource identifier="QUE_194265" type="imsqti_item_xmlv2p1" href="QUE_194265.xml">
      <metadata>
        <imsqti:qtiMetadata>
          <imsqti:interactionType>choiceInteraction</imsqti:interactionType>
        </imsqti:qtiMetadata>
        <imsmd:lom>
          <imsmd:general>
            <imsmd:identifier>
              <imsmd:entry>QUE_194265</imsmd:entry>
            </imsmd:identifier>
          </imsmd:general>
          <imsmd:metaMetadata>
            <imsmd:identifier>
              <imsmd:catalog>Question Type</imsmd:catalog>
              <imsmd:entry>Flashcard</imsmd:entry>
            </imsmd:identifier>
            <imsmd:identifier>
              <imsmd:catalog>Topic</imsmd:catalog>
              <imsmd:entry>CISSP Flashcards</imsmd:entry>
            </imsmd:identifier>
          </imsmd:metaMetadata>
        </imsmd:lom>
      </metadata>
      <file href="QUE_194265.xml"/>
    </resource>
    <resource identifier="QUE_194266" type="imsqti_item_xmlv2p1" href="QUE_194266.xml">
      <metadata>
        <imsqti:qtiMetadata>
          <imsqti:interactionType>choiceInteraction</imsqti:interactionType>
        </imsqti:qtiMetadata>
        <imsmd:lom>
          <imsmd:general>
            <imsmd:identifier>
              <imsmd:entry>QUE_194266</imsmd:entry>
            </imsmd:identifier>
          </imsmd:general>
          <imsmd:metaMetadata>
            <imsmd:identifier>
              <imsmd:catalog>Question Type</imsmd:catalog>
              <imsmd:entry>Flashcard</imsmd:entry>
            </imsmd:identifier>
            <imsmd:identifier>
              <imsmd:catalog>Topic</imsmd:catalog>
              <imsmd:entry>CISSP Flashcards</imsmd:entry>
            </imsmd:identifier>
          </imsmd:metaMetadata>
        </imsmd:lom>
      </metadata>
      <file href="QUE_194266.xml"/>
    </resource>
    <resource identifier="QUE_194267" type="imsqti_item_xmlv2p1" href="QUE_194267.xml">
      <metadata>
        <imsqti:qtiMetadata>
          <imsqti:interactionType>choiceInteraction</imsqti:interactionType>
        </imsqti:qtiMetadata>
        <imsmd:lom>
          <imsmd:general>
            <imsmd:identifier>
              <imsmd:entry>QUE_194267</imsmd:entry>
            </imsmd:identifier>
          </imsmd:general>
          <imsmd:metaMetadata>
            <imsmd:identifier>
              <imsmd:catalog>Question Type</imsmd:catalog>
              <imsmd:entry>Flashcard</imsmd:entry>
            </imsmd:identifier>
            <imsmd:identifier>
              <imsmd:catalog>Topic</imsmd:catalog>
              <imsmd:entry>CISSP Flashcards</imsmd:entry>
            </imsmd:identifier>
          </imsmd:metaMetadata>
        </imsmd:lom>
      </metadata>
      <file href="QUE_194267.xml"/>
    </resource>
    <resource identifier="QUE_194268" type="imsqti_item_xmlv2p1" href="QUE_194268.xml">
      <metadata>
        <imsqti:qtiMetadata>
          <imsqti:interactionType>choiceInteraction</imsqti:interactionType>
        </imsqti:qtiMetadata>
        <imsmd:lom>
          <imsmd:general>
            <imsmd:identifier>
              <imsmd:entry>QUE_194268</imsmd:entry>
            </imsmd:identifier>
          </imsmd:general>
          <imsmd:metaMetadata>
            <imsmd:identifier>
              <imsmd:catalog>Question Type</imsmd:catalog>
              <imsmd:entry>Flashcard</imsmd:entry>
            </imsmd:identifier>
            <imsmd:identifier>
              <imsmd:catalog>Topic</imsmd:catalog>
              <imsmd:entry>CISSP Flashcards</imsmd:entry>
            </imsmd:identifier>
          </imsmd:metaMetadata>
        </imsmd:lom>
      </metadata>
      <file href="QUE_194268.xml"/>
    </resource>
    <resource identifier="QUE_194269" type="imsqti_item_xmlv2p1" href="QUE_194269.xml">
      <metadata>
        <imsqti:qtiMetadata>
          <imsqti:interactionType>choiceInteraction</imsqti:interactionType>
        </imsqti:qtiMetadata>
        <imsmd:lom>
          <imsmd:general>
            <imsmd:identifier>
              <imsmd:entry>QUE_194269</imsmd:entry>
            </imsmd:identifier>
          </imsmd:general>
          <imsmd:metaMetadata>
            <imsmd:identifier>
              <imsmd:catalog>Question Type</imsmd:catalog>
              <imsmd:entry>Flashcard</imsmd:entry>
            </imsmd:identifier>
            <imsmd:identifier>
              <imsmd:catalog>Topic</imsmd:catalog>
              <imsmd:entry>CISSP Flashcards</imsmd:entry>
            </imsmd:identifier>
          </imsmd:metaMetadata>
        </imsmd:lom>
      </metadata>
      <file href="QUE_194269.xml"/>
    </resource>
    <resource identifier="QUE_194270" type="imsqti_item_xmlv2p1" href="QUE_194270.xml">
      <metadata>
        <imsqti:qtiMetadata>
          <imsqti:interactionType>choiceInteraction</imsqti:interactionType>
        </imsqti:qtiMetadata>
        <imsmd:lom>
          <imsmd:general>
            <imsmd:identifier>
              <imsmd:entry>QUE_194270</imsmd:entry>
            </imsmd:identifier>
          </imsmd:general>
          <imsmd:metaMetadata>
            <imsmd:identifier>
              <imsmd:catalog>Question Type</imsmd:catalog>
              <imsmd:entry>Flashcard</imsmd:entry>
            </imsmd:identifier>
            <imsmd:identifier>
              <imsmd:catalog>Topic</imsmd:catalog>
              <imsmd:entry>CISSP Flashcards</imsmd:entry>
            </imsmd:identifier>
          </imsmd:metaMetadata>
        </imsmd:lom>
      </metadata>
      <file href="QUE_194270.xml"/>
    </resource>
    <resource identifier="QUE_194271" type="imsqti_item_xmlv2p1" href="QUE_194271.xml">
      <metadata>
        <imsqti:qtiMetadata>
          <imsqti:interactionType>choiceInteraction</imsqti:interactionType>
        </imsqti:qtiMetadata>
        <imsmd:lom>
          <imsmd:general>
            <imsmd:identifier>
              <imsmd:entry>QUE_194271</imsmd:entry>
            </imsmd:identifier>
          </imsmd:general>
          <imsmd:metaMetadata>
            <imsmd:identifier>
              <imsmd:catalog>Question Type</imsmd:catalog>
              <imsmd:entry>Flashcard</imsmd:entry>
            </imsmd:identifier>
            <imsmd:identifier>
              <imsmd:catalog>Topic</imsmd:catalog>
              <imsmd:entry>CISSP Flashcards</imsmd:entry>
            </imsmd:identifier>
          </imsmd:metaMetadata>
        </imsmd:lom>
      </metadata>
      <file href="QUE_194271.xml"/>
    </resource>
    <resource identifier="QUE_194272" type="imsqti_item_xmlv2p1" href="QUE_194272.xml">
      <metadata>
        <imsqti:qtiMetadata>
          <imsqti:interactionType>choiceInteraction</imsqti:interactionType>
        </imsqti:qtiMetadata>
        <imsmd:lom>
          <imsmd:general>
            <imsmd:identifier>
              <imsmd:entry>QUE_194272</imsmd:entry>
            </imsmd:identifier>
          </imsmd:general>
          <imsmd:metaMetadata>
            <imsmd:identifier>
              <imsmd:catalog>Question Type</imsmd:catalog>
              <imsmd:entry>Flashcard</imsmd:entry>
            </imsmd:identifier>
            <imsmd:identifier>
              <imsmd:catalog>Topic</imsmd:catalog>
              <imsmd:entry>CISSP Flashcards</imsmd:entry>
            </imsmd:identifier>
          </imsmd:metaMetadata>
        </imsmd:lom>
      </metadata>
      <file href="QUE_194272.xml"/>
    </resource>
    <resource identifier="QUE_194273" type="imsqti_item_xmlv2p1" href="QUE_194273.xml">
      <metadata>
        <imsqti:qtiMetadata>
          <imsqti:interactionType>choiceInteraction</imsqti:interactionType>
        </imsqti:qtiMetadata>
        <imsmd:lom>
          <imsmd:general>
            <imsmd:identifier>
              <imsmd:entry>QUE_194273</imsmd:entry>
            </imsmd:identifier>
          </imsmd:general>
          <imsmd:metaMetadata>
            <imsmd:identifier>
              <imsmd:catalog>Question Type</imsmd:catalog>
              <imsmd:entry>Flashcard</imsmd:entry>
            </imsmd:identifier>
            <imsmd:identifier>
              <imsmd:catalog>Topic</imsmd:catalog>
              <imsmd:entry>CISSP Flashcards</imsmd:entry>
            </imsmd:identifier>
          </imsmd:metaMetadata>
        </imsmd:lom>
      </metadata>
      <file href="QUE_194273.xml"/>
    </resource>
    <resource identifier="QUE_194274" type="imsqti_item_xmlv2p1" href="QUE_194274.xml">
      <metadata>
        <imsqti:qtiMetadata>
          <imsqti:interactionType>choiceInteraction</imsqti:interactionType>
        </imsqti:qtiMetadata>
        <imsmd:lom>
          <imsmd:general>
            <imsmd:identifier>
              <imsmd:entry>QUE_194274</imsmd:entry>
            </imsmd:identifier>
          </imsmd:general>
          <imsmd:metaMetadata>
            <imsmd:identifier>
              <imsmd:catalog>Question Type</imsmd:catalog>
              <imsmd:entry>Flashcard</imsmd:entry>
            </imsmd:identifier>
            <imsmd:identifier>
              <imsmd:catalog>Topic</imsmd:catalog>
              <imsmd:entry>CISSP Flashcards</imsmd:entry>
            </imsmd:identifier>
          </imsmd:metaMetadata>
        </imsmd:lom>
      </metadata>
      <file href="QUE_194274.xml"/>
    </resource>
    <resource identifier="QUE_194275" type="imsqti_item_xmlv2p1" href="QUE_194275.xml">
      <metadata>
        <imsqti:qtiMetadata>
          <imsqti:interactionType>choiceInteraction</imsqti:interactionType>
        </imsqti:qtiMetadata>
        <imsmd:lom>
          <imsmd:general>
            <imsmd:identifier>
              <imsmd:entry>QUE_194275</imsmd:entry>
            </imsmd:identifier>
          </imsmd:general>
          <imsmd:metaMetadata>
            <imsmd:identifier>
              <imsmd:catalog>Question Type</imsmd:catalog>
              <imsmd:entry>Flashcard</imsmd:entry>
            </imsmd:identifier>
            <imsmd:identifier>
              <imsmd:catalog>Topic</imsmd:catalog>
              <imsmd:entry>CISSP Flashcards</imsmd:entry>
            </imsmd:identifier>
          </imsmd:metaMetadata>
        </imsmd:lom>
      </metadata>
      <file href="QUE_194275.xml"/>
    </resource>
    <resource identifier="QUE_194276" type="imsqti_item_xmlv2p1" href="QUE_194276.xml">
      <metadata>
        <imsqti:qtiMetadata>
          <imsqti:interactionType>choiceInteraction</imsqti:interactionType>
        </imsqti:qtiMetadata>
        <imsmd:lom>
          <imsmd:general>
            <imsmd:identifier>
              <imsmd:entry>QUE_194276</imsmd:entry>
            </imsmd:identifier>
          </imsmd:general>
          <imsmd:metaMetadata>
            <imsmd:identifier>
              <imsmd:catalog>Question Type</imsmd:catalog>
              <imsmd:entry>Flashcard</imsmd:entry>
            </imsmd:identifier>
            <imsmd:identifier>
              <imsmd:catalog>Topic</imsmd:catalog>
              <imsmd:entry>CISSP Flashcards</imsmd:entry>
            </imsmd:identifier>
          </imsmd:metaMetadata>
        </imsmd:lom>
      </metadata>
      <file href="QUE_194276.xml"/>
    </resource>
    <resource identifier="QUE_194277" type="imsqti_item_xmlv2p1" href="QUE_194277.xml">
      <metadata>
        <imsqti:qtiMetadata>
          <imsqti:interactionType>choiceInteraction</imsqti:interactionType>
        </imsqti:qtiMetadata>
        <imsmd:lom>
          <imsmd:general>
            <imsmd:identifier>
              <imsmd:entry>QUE_194277</imsmd:entry>
            </imsmd:identifier>
          </imsmd:general>
          <imsmd:metaMetadata>
            <imsmd:identifier>
              <imsmd:catalog>Question Type</imsmd:catalog>
              <imsmd:entry>Flashcard</imsmd:entry>
            </imsmd:identifier>
            <imsmd:identifier>
              <imsmd:catalog>Topic</imsmd:catalog>
              <imsmd:entry>CISSP Flashcards</imsmd:entry>
            </imsmd:identifier>
          </imsmd:metaMetadata>
        </imsmd:lom>
      </metadata>
      <file href="QUE_194277.xml"/>
    </resource>
    <resource identifier="QUE_194278" type="imsqti_item_xmlv2p1" href="QUE_194278.xml">
      <metadata>
        <imsqti:qtiMetadata>
          <imsqti:interactionType>choiceInteraction</imsqti:interactionType>
        </imsqti:qtiMetadata>
        <imsmd:lom>
          <imsmd:general>
            <imsmd:identifier>
              <imsmd:entry>QUE_194278</imsmd:entry>
            </imsmd:identifier>
          </imsmd:general>
          <imsmd:metaMetadata>
            <imsmd:identifier>
              <imsmd:catalog>Question Type</imsmd:catalog>
              <imsmd:entry>Flashcard</imsmd:entry>
            </imsmd:identifier>
            <imsmd:identifier>
              <imsmd:catalog>Topic</imsmd:catalog>
              <imsmd:entry>CISSP Flashcards</imsmd:entry>
            </imsmd:identifier>
          </imsmd:metaMetadata>
        </imsmd:lom>
      </metadata>
      <file href="QUE_194278.xml"/>
    </resource>
    <resource identifier="QUE_194279" type="imsqti_item_xmlv2p1" href="QUE_194279.xml">
      <metadata>
        <imsqti:qtiMetadata>
          <imsqti:interactionType>choiceInteraction</imsqti:interactionType>
        </imsqti:qtiMetadata>
        <imsmd:lom>
          <imsmd:general>
            <imsmd:identifier>
              <imsmd:entry>QUE_194279</imsmd:entry>
            </imsmd:identifier>
          </imsmd:general>
          <imsmd:metaMetadata>
            <imsmd:identifier>
              <imsmd:catalog>Question Type</imsmd:catalog>
              <imsmd:entry>Flashcard</imsmd:entry>
            </imsmd:identifier>
            <imsmd:identifier>
              <imsmd:catalog>Topic</imsmd:catalog>
              <imsmd:entry>CISSP Flashcards</imsmd:entry>
            </imsmd:identifier>
          </imsmd:metaMetadata>
        </imsmd:lom>
      </metadata>
      <file href="QUE_194279.xml"/>
    </resource>
    <resource identifier="QUE_194280" type="imsqti_item_xmlv2p1" href="QUE_194280.xml">
      <metadata>
        <imsqti:qtiMetadata>
          <imsqti:interactionType>choiceInteraction</imsqti:interactionType>
        </imsqti:qtiMetadata>
        <imsmd:lom>
          <imsmd:general>
            <imsmd:identifier>
              <imsmd:entry>QUE_194280</imsmd:entry>
            </imsmd:identifier>
          </imsmd:general>
          <imsmd:metaMetadata>
            <imsmd:identifier>
              <imsmd:catalog>Question Type</imsmd:catalog>
              <imsmd:entry>Flashcard</imsmd:entry>
            </imsmd:identifier>
            <imsmd:identifier>
              <imsmd:catalog>Topic</imsmd:catalog>
              <imsmd:entry>CISSP Flashcards</imsmd:entry>
            </imsmd:identifier>
          </imsmd:metaMetadata>
        </imsmd:lom>
      </metadata>
      <file href="QUE_194280.xml"/>
    </resource>
    <resource identifier="QUE_194281" type="imsqti_item_xmlv2p1" href="QUE_194281.xml">
      <metadata>
        <imsqti:qtiMetadata>
          <imsqti:interactionType>choiceInteraction</imsqti:interactionType>
        </imsqti:qtiMetadata>
        <imsmd:lom>
          <imsmd:general>
            <imsmd:identifier>
              <imsmd:entry>QUE_194281</imsmd:entry>
            </imsmd:identifier>
          </imsmd:general>
          <imsmd:metaMetadata>
            <imsmd:identifier>
              <imsmd:catalog>Question Type</imsmd:catalog>
              <imsmd:entry>Flashcard</imsmd:entry>
            </imsmd:identifier>
            <imsmd:identifier>
              <imsmd:catalog>Topic</imsmd:catalog>
              <imsmd:entry>CISSP Flashcards</imsmd:entry>
            </imsmd:identifier>
          </imsmd:metaMetadata>
        </imsmd:lom>
      </metadata>
      <file href="QUE_194281.xml"/>
    </resource>
    <resource identifier="QUE_194282" type="imsqti_item_xmlv2p1" href="QUE_194282.xml">
      <metadata>
        <imsqti:qtiMetadata>
          <imsqti:interactionType>choiceInteraction</imsqti:interactionType>
        </imsqti:qtiMetadata>
        <imsmd:lom>
          <imsmd:general>
            <imsmd:identifier>
              <imsmd:entry>QUE_194282</imsmd:entry>
            </imsmd:identifier>
          </imsmd:general>
          <imsmd:metaMetadata>
            <imsmd:identifier>
              <imsmd:catalog>Question Type</imsmd:catalog>
              <imsmd:entry>Flashcard</imsmd:entry>
            </imsmd:identifier>
            <imsmd:identifier>
              <imsmd:catalog>Topic</imsmd:catalog>
              <imsmd:entry>CISSP Flashcards</imsmd:entry>
            </imsmd:identifier>
          </imsmd:metaMetadata>
        </imsmd:lom>
      </metadata>
      <file href="QUE_194282.xml"/>
    </resource>
    <resource identifier="QUE_194283" type="imsqti_item_xmlv2p1" href="QUE_194283.xml">
      <metadata>
        <imsqti:qtiMetadata>
          <imsqti:interactionType>choiceInteraction</imsqti:interactionType>
        </imsqti:qtiMetadata>
        <imsmd:lom>
          <imsmd:general>
            <imsmd:identifier>
              <imsmd:entry>QUE_194283</imsmd:entry>
            </imsmd:identifier>
          </imsmd:general>
          <imsmd:metaMetadata>
            <imsmd:identifier>
              <imsmd:catalog>Question Type</imsmd:catalog>
              <imsmd:entry>Flashcard</imsmd:entry>
            </imsmd:identifier>
            <imsmd:identifier>
              <imsmd:catalog>Topic</imsmd:catalog>
              <imsmd:entry>CISSP Flashcards</imsmd:entry>
            </imsmd:identifier>
          </imsmd:metaMetadata>
        </imsmd:lom>
      </metadata>
      <file href="QUE_194283.xml"/>
    </resource>
    <resource identifier="QUE_194284" type="imsqti_item_xmlv2p1" href="QUE_194284.xml">
      <metadata>
        <imsqti:qtiMetadata>
          <imsqti:interactionType>choiceInteraction</imsqti:interactionType>
        </imsqti:qtiMetadata>
        <imsmd:lom>
          <imsmd:general>
            <imsmd:identifier>
              <imsmd:entry>QUE_194284</imsmd:entry>
            </imsmd:identifier>
          </imsmd:general>
          <imsmd:metaMetadata>
            <imsmd:identifier>
              <imsmd:catalog>Question Type</imsmd:catalog>
              <imsmd:entry>Flashcard</imsmd:entry>
            </imsmd:identifier>
            <imsmd:identifier>
              <imsmd:catalog>Topic</imsmd:catalog>
              <imsmd:entry>CISSP Flashcards</imsmd:entry>
            </imsmd:identifier>
          </imsmd:metaMetadata>
        </imsmd:lom>
      </metadata>
      <file href="QUE_194284.xml"/>
    </resource>
    <resource identifier="QUE_194285" type="imsqti_item_xmlv2p1" href="QUE_194285.xml">
      <metadata>
        <imsqti:qtiMetadata>
          <imsqti:interactionType>choiceInteraction</imsqti:interactionType>
        </imsqti:qtiMetadata>
        <imsmd:lom>
          <imsmd:general>
            <imsmd:identifier>
              <imsmd:entry>QUE_194285</imsmd:entry>
            </imsmd:identifier>
          </imsmd:general>
          <imsmd:metaMetadata>
            <imsmd:identifier>
              <imsmd:catalog>Question Type</imsmd:catalog>
              <imsmd:entry>Flashcard</imsmd:entry>
            </imsmd:identifier>
            <imsmd:identifier>
              <imsmd:catalog>Topic</imsmd:catalog>
              <imsmd:entry>CISSP Flashcards</imsmd:entry>
            </imsmd:identifier>
          </imsmd:metaMetadata>
        </imsmd:lom>
      </metadata>
      <file href="QUE_194285.xml"/>
    </resource>
    <resource identifier="QUE_194286" type="imsqti_item_xmlv2p1" href="QUE_194286.xml">
      <metadata>
        <imsqti:qtiMetadata>
          <imsqti:interactionType>choiceInteraction</imsqti:interactionType>
        </imsqti:qtiMetadata>
        <imsmd:lom>
          <imsmd:general>
            <imsmd:identifier>
              <imsmd:entry>QUE_194286</imsmd:entry>
            </imsmd:identifier>
          </imsmd:general>
          <imsmd:metaMetadata>
            <imsmd:identifier>
              <imsmd:catalog>Question Type</imsmd:catalog>
              <imsmd:entry>Flashcard</imsmd:entry>
            </imsmd:identifier>
            <imsmd:identifier>
              <imsmd:catalog>Topic</imsmd:catalog>
              <imsmd:entry>CISSP Flashcards</imsmd:entry>
            </imsmd:identifier>
          </imsmd:metaMetadata>
        </imsmd:lom>
      </metadata>
      <file href="QUE_194286.xml"/>
    </resource>
    <resource identifier="QUE_194287" type="imsqti_item_xmlv2p1" href="QUE_194287.xml">
      <metadata>
        <imsqti:qtiMetadata>
          <imsqti:interactionType>choiceInteraction</imsqti:interactionType>
        </imsqti:qtiMetadata>
        <imsmd:lom>
          <imsmd:general>
            <imsmd:identifier>
              <imsmd:entry>QUE_194287</imsmd:entry>
            </imsmd:identifier>
          </imsmd:general>
          <imsmd:metaMetadata>
            <imsmd:identifier>
              <imsmd:catalog>Question Type</imsmd:catalog>
              <imsmd:entry>Flashcard</imsmd:entry>
            </imsmd:identifier>
            <imsmd:identifier>
              <imsmd:catalog>Topic</imsmd:catalog>
              <imsmd:entry>CISSP Flashcards</imsmd:entry>
            </imsmd:identifier>
          </imsmd:metaMetadata>
        </imsmd:lom>
      </metadata>
      <file href="QUE_194287.xml"/>
    </resource>
    <resource identifier="QUE_194288" type="imsqti_item_xmlv2p1" href="QUE_194288.xml">
      <metadata>
        <imsqti:qtiMetadata>
          <imsqti:interactionType>choiceInteraction</imsqti:interactionType>
        </imsqti:qtiMetadata>
        <imsmd:lom>
          <imsmd:general>
            <imsmd:identifier>
              <imsmd:entry>QUE_194288</imsmd:entry>
            </imsmd:identifier>
          </imsmd:general>
          <imsmd:metaMetadata>
            <imsmd:identifier>
              <imsmd:catalog>Question Type</imsmd:catalog>
              <imsmd:entry>Flashcard</imsmd:entry>
            </imsmd:identifier>
            <imsmd:identifier>
              <imsmd:catalog>Topic</imsmd:catalog>
              <imsmd:entry>CISSP Flashcards</imsmd:entry>
            </imsmd:identifier>
          </imsmd:metaMetadata>
        </imsmd:lom>
      </metadata>
      <file href="QUE_194288.xml"/>
    </resource>
    <resource identifier="QUE_194289" type="imsqti_item_xmlv2p1" href="QUE_194289.xml">
      <metadata>
        <imsqti:qtiMetadata>
          <imsqti:interactionType>choiceInteraction</imsqti:interactionType>
        </imsqti:qtiMetadata>
        <imsmd:lom>
          <imsmd:general>
            <imsmd:identifier>
              <imsmd:entry>QUE_194289</imsmd:entry>
            </imsmd:identifier>
          </imsmd:general>
          <imsmd:metaMetadata>
            <imsmd:identifier>
              <imsmd:catalog>Question Type</imsmd:catalog>
              <imsmd:entry>Flashcard</imsmd:entry>
            </imsmd:identifier>
            <imsmd:identifier>
              <imsmd:catalog>Topic</imsmd:catalog>
              <imsmd:entry>CISSP Flashcards</imsmd:entry>
            </imsmd:identifier>
          </imsmd:metaMetadata>
        </imsmd:lom>
      </metadata>
      <file href="QUE_194289.xml"/>
    </resource>
    <resource identifier="QUE_194290" type="imsqti_item_xmlv2p1" href="QUE_194290.xml">
      <metadata>
        <imsqti:qtiMetadata>
          <imsqti:interactionType>choiceInteraction</imsqti:interactionType>
        </imsqti:qtiMetadata>
        <imsmd:lom>
          <imsmd:general>
            <imsmd:identifier>
              <imsmd:entry>QUE_194290</imsmd:entry>
            </imsmd:identifier>
          </imsmd:general>
          <imsmd:metaMetadata>
            <imsmd:identifier>
              <imsmd:catalog>Question Type</imsmd:catalog>
              <imsmd:entry>Flashcard</imsmd:entry>
            </imsmd:identifier>
            <imsmd:identifier>
              <imsmd:catalog>Topic</imsmd:catalog>
              <imsmd:entry>CISSP Flashcards</imsmd:entry>
            </imsmd:identifier>
          </imsmd:metaMetadata>
        </imsmd:lom>
      </metadata>
      <file href="QUE_194290.xml"/>
    </resource>
    <resource identifier="QUE_194291" type="imsqti_item_xmlv2p1" href="QUE_194291.xml">
      <metadata>
        <imsqti:qtiMetadata>
          <imsqti:interactionType>choiceInteraction</imsqti:interactionType>
        </imsqti:qtiMetadata>
        <imsmd:lom>
          <imsmd:general>
            <imsmd:identifier>
              <imsmd:entry>QUE_194291</imsmd:entry>
            </imsmd:identifier>
          </imsmd:general>
          <imsmd:metaMetadata>
            <imsmd:identifier>
              <imsmd:catalog>Question Type</imsmd:catalog>
              <imsmd:entry>Flashcard</imsmd:entry>
            </imsmd:identifier>
            <imsmd:identifier>
              <imsmd:catalog>Topic</imsmd:catalog>
              <imsmd:entry>CISSP Flashcards</imsmd:entry>
            </imsmd:identifier>
          </imsmd:metaMetadata>
        </imsmd:lom>
      </metadata>
      <file href="QUE_194291.xml"/>
    </resource>
    <resource identifier="QUE_194292" type="imsqti_item_xmlv2p1" href="QUE_194292.xml">
      <metadata>
        <imsqti:qtiMetadata>
          <imsqti:interactionType>choiceInteraction</imsqti:interactionType>
        </imsqti:qtiMetadata>
        <imsmd:lom>
          <imsmd:general>
            <imsmd:identifier>
              <imsmd:entry>QUE_194292</imsmd:entry>
            </imsmd:identifier>
          </imsmd:general>
          <imsmd:metaMetadata>
            <imsmd:identifier>
              <imsmd:catalog>Question Type</imsmd:catalog>
              <imsmd:entry>Flashcard</imsmd:entry>
            </imsmd:identifier>
            <imsmd:identifier>
              <imsmd:catalog>Topic</imsmd:catalog>
              <imsmd:entry>CISSP Flashcards</imsmd:entry>
            </imsmd:identifier>
          </imsmd:metaMetadata>
        </imsmd:lom>
      </metadata>
      <file href="QUE_194292.xml"/>
    </resource>
    <resource identifier="QUE_194293" type="imsqti_item_xmlv2p1" href="QUE_194293.xml">
      <metadata>
        <imsqti:qtiMetadata>
          <imsqti:interactionType>choiceInteraction</imsqti:interactionType>
        </imsqti:qtiMetadata>
        <imsmd:lom>
          <imsmd:general>
            <imsmd:identifier>
              <imsmd:entry>QUE_194293</imsmd:entry>
            </imsmd:identifier>
          </imsmd:general>
          <imsmd:metaMetadata>
            <imsmd:identifier>
              <imsmd:catalog>Question Type</imsmd:catalog>
              <imsmd:entry>Flashcard</imsmd:entry>
            </imsmd:identifier>
            <imsmd:identifier>
              <imsmd:catalog>Topic</imsmd:catalog>
              <imsmd:entry>CISSP Flashcards</imsmd:entry>
            </imsmd:identifier>
          </imsmd:metaMetadata>
        </imsmd:lom>
      </metadata>
      <file href="QUE_194293.xml"/>
    </resource>
    <resource identifier="QUE_194294" type="imsqti_item_xmlv2p1" href="QUE_194294.xml">
      <metadata>
        <imsqti:qtiMetadata>
          <imsqti:interactionType>choiceInteraction</imsqti:interactionType>
        </imsqti:qtiMetadata>
        <imsmd:lom>
          <imsmd:general>
            <imsmd:identifier>
              <imsmd:entry>QUE_194294</imsmd:entry>
            </imsmd:identifier>
          </imsmd:general>
          <imsmd:metaMetadata>
            <imsmd:identifier>
              <imsmd:catalog>Question Type</imsmd:catalog>
              <imsmd:entry>Flashcard</imsmd:entry>
            </imsmd:identifier>
            <imsmd:identifier>
              <imsmd:catalog>Topic</imsmd:catalog>
              <imsmd:entry>CISSP Flashcards</imsmd:entry>
            </imsmd:identifier>
          </imsmd:metaMetadata>
        </imsmd:lom>
      </metadata>
      <file href="QUE_194294.xml"/>
    </resource>
    <resource identifier="QUE_194295" type="imsqti_item_xmlv2p1" href="QUE_194295.xml">
      <metadata>
        <imsqti:qtiMetadata>
          <imsqti:interactionType>choiceInteraction</imsqti:interactionType>
        </imsqti:qtiMetadata>
        <imsmd:lom>
          <imsmd:general>
            <imsmd:identifier>
              <imsmd:entry>QUE_194295</imsmd:entry>
            </imsmd:identifier>
          </imsmd:general>
          <imsmd:metaMetadata>
            <imsmd:identifier>
              <imsmd:catalog>Question Type</imsmd:catalog>
              <imsmd:entry>Flashcard</imsmd:entry>
            </imsmd:identifier>
            <imsmd:identifier>
              <imsmd:catalog>Topic</imsmd:catalog>
              <imsmd:entry>CISSP Flashcards</imsmd:entry>
            </imsmd:identifier>
          </imsmd:metaMetadata>
        </imsmd:lom>
      </metadata>
      <file href="QUE_194295.xml"/>
    </resource>
    <resource identifier="QUE_194296" type="imsqti_item_xmlv2p1" href="QUE_194296.xml">
      <metadata>
        <imsqti:qtiMetadata>
          <imsqti:interactionType>choiceInteraction</imsqti:interactionType>
        </imsqti:qtiMetadata>
        <imsmd:lom>
          <imsmd:general>
            <imsmd:identifier>
              <imsmd:entry>QUE_194296</imsmd:entry>
            </imsmd:identifier>
          </imsmd:general>
          <imsmd:metaMetadata>
            <imsmd:identifier>
              <imsmd:catalog>Question Type</imsmd:catalog>
              <imsmd:entry>Flashcard</imsmd:entry>
            </imsmd:identifier>
            <imsmd:identifier>
              <imsmd:catalog>Topic</imsmd:catalog>
              <imsmd:entry>CISSP Flashcards</imsmd:entry>
            </imsmd:identifier>
          </imsmd:metaMetadata>
        </imsmd:lom>
      </metadata>
      <file href="QUE_194296.xml"/>
    </resource>
    <resource identifier="QUE_194297" type="imsqti_item_xmlv2p1" href="QUE_194297.xml">
      <metadata>
        <imsqti:qtiMetadata>
          <imsqti:interactionType>choiceInteraction</imsqti:interactionType>
        </imsqti:qtiMetadata>
        <imsmd:lom>
          <imsmd:general>
            <imsmd:identifier>
              <imsmd:entry>QUE_194297</imsmd:entry>
            </imsmd:identifier>
          </imsmd:general>
          <imsmd:metaMetadata>
            <imsmd:identifier>
              <imsmd:catalog>Question Type</imsmd:catalog>
              <imsmd:entry>Flashcard</imsmd:entry>
            </imsmd:identifier>
            <imsmd:identifier>
              <imsmd:catalog>Topic</imsmd:catalog>
              <imsmd:entry>CISSP Flashcards</imsmd:entry>
            </imsmd:identifier>
          </imsmd:metaMetadata>
        </imsmd:lom>
      </metadata>
      <file href="QUE_194297.xml"/>
    </resource>
    <resource identifier="QUE_194298" type="imsqti_item_xmlv2p1" href="QUE_194298.xml">
      <metadata>
        <imsqti:qtiMetadata>
          <imsqti:interactionType>choiceInteraction</imsqti:interactionType>
        </imsqti:qtiMetadata>
        <imsmd:lom>
          <imsmd:general>
            <imsmd:identifier>
              <imsmd:entry>QUE_194298</imsmd:entry>
            </imsmd:identifier>
          </imsmd:general>
          <imsmd:metaMetadata>
            <imsmd:identifier>
              <imsmd:catalog>Question Type</imsmd:catalog>
              <imsmd:entry>Flashcard</imsmd:entry>
            </imsmd:identifier>
            <imsmd:identifier>
              <imsmd:catalog>Topic</imsmd:catalog>
              <imsmd:entry>CISSP Flashcards</imsmd:entry>
            </imsmd:identifier>
          </imsmd:metaMetadata>
        </imsmd:lom>
      </metadata>
      <file href="QUE_194298.xml"/>
    </resource>
    <resource identifier="QUE_194299" type="imsqti_item_xmlv2p1" href="QUE_194299.xml">
      <metadata>
        <imsqti:qtiMetadata>
          <imsqti:interactionType>choiceInteraction</imsqti:interactionType>
        </imsqti:qtiMetadata>
        <imsmd:lom>
          <imsmd:general>
            <imsmd:identifier>
              <imsmd:entry>QUE_194299</imsmd:entry>
            </imsmd:identifier>
          </imsmd:general>
          <imsmd:metaMetadata>
            <imsmd:identifier>
              <imsmd:catalog>Question Type</imsmd:catalog>
              <imsmd:entry>Flashcard</imsmd:entry>
            </imsmd:identifier>
            <imsmd:identifier>
              <imsmd:catalog>Topic</imsmd:catalog>
              <imsmd:entry>CISSP Flashcards</imsmd:entry>
            </imsmd:identifier>
          </imsmd:metaMetadata>
        </imsmd:lom>
      </metadata>
      <file href="QUE_194299.xml"/>
    </resource>
    <resource identifier="QUE_194300" type="imsqti_item_xmlv2p1" href="QUE_194300.xml">
      <metadata>
        <imsqti:qtiMetadata>
          <imsqti:interactionType>choiceInteraction</imsqti:interactionType>
        </imsqti:qtiMetadata>
        <imsmd:lom>
          <imsmd:general>
            <imsmd:identifier>
              <imsmd:entry>QUE_194300</imsmd:entry>
            </imsmd:identifier>
          </imsmd:general>
          <imsmd:metaMetadata>
            <imsmd:identifier>
              <imsmd:catalog>Question Type</imsmd:catalog>
              <imsmd:entry>Flashcard</imsmd:entry>
            </imsmd:identifier>
            <imsmd:identifier>
              <imsmd:catalog>Topic</imsmd:catalog>
              <imsmd:entry>CISSP Flashcards</imsmd:entry>
            </imsmd:identifier>
          </imsmd:metaMetadata>
        </imsmd:lom>
      </metadata>
      <file href="QUE_194300.xml"/>
    </resource>
    <resource identifier="QUE_194301" type="imsqti_item_xmlv2p1" href="QUE_194301.xml">
      <metadata>
        <imsqti:qtiMetadata>
          <imsqti:interactionType>choiceInteraction</imsqti:interactionType>
        </imsqti:qtiMetadata>
        <imsmd:lom>
          <imsmd:general>
            <imsmd:identifier>
              <imsmd:entry>QUE_194301</imsmd:entry>
            </imsmd:identifier>
          </imsmd:general>
          <imsmd:metaMetadata>
            <imsmd:identifier>
              <imsmd:catalog>Question Type</imsmd:catalog>
              <imsmd:entry>Flashcard</imsmd:entry>
            </imsmd:identifier>
            <imsmd:identifier>
              <imsmd:catalog>Topic</imsmd:catalog>
              <imsmd:entry>CISSP Flashcards</imsmd:entry>
            </imsmd:identifier>
          </imsmd:metaMetadata>
        </imsmd:lom>
      </metadata>
      <file href="QUE_194301.xml"/>
    </resource>
    <resource identifier="QUE_194302" type="imsqti_item_xmlv2p1" href="QUE_194302.xml">
      <metadata>
        <imsqti:qtiMetadata>
          <imsqti:interactionType>choiceInteraction</imsqti:interactionType>
        </imsqti:qtiMetadata>
        <imsmd:lom>
          <imsmd:general>
            <imsmd:identifier>
              <imsmd:entry>QUE_194302</imsmd:entry>
            </imsmd:identifier>
          </imsmd:general>
          <imsmd:metaMetadata>
            <imsmd:identifier>
              <imsmd:catalog>Question Type</imsmd:catalog>
              <imsmd:entry>Flashcard</imsmd:entry>
            </imsmd:identifier>
            <imsmd:identifier>
              <imsmd:catalog>Topic</imsmd:catalog>
              <imsmd:entry>CISSP Flashcards</imsmd:entry>
            </imsmd:identifier>
          </imsmd:metaMetadata>
        </imsmd:lom>
      </metadata>
      <file href="QUE_194302.xml"/>
    </resource>
    <resource identifier="QUE_194303" type="imsqti_item_xmlv2p1" href="QUE_194303.xml">
      <metadata>
        <imsqti:qtiMetadata>
          <imsqti:interactionType>choiceInteraction</imsqti:interactionType>
        </imsqti:qtiMetadata>
        <imsmd:lom>
          <imsmd:general>
            <imsmd:identifier>
              <imsmd:entry>QUE_194303</imsmd:entry>
            </imsmd:identifier>
          </imsmd:general>
          <imsmd:metaMetadata>
            <imsmd:identifier>
              <imsmd:catalog>Question Type</imsmd:catalog>
              <imsmd:entry>Flashcard</imsmd:entry>
            </imsmd:identifier>
            <imsmd:identifier>
              <imsmd:catalog>Topic</imsmd:catalog>
              <imsmd:entry>CISSP Flashcards</imsmd:entry>
            </imsmd:identifier>
          </imsmd:metaMetadata>
        </imsmd:lom>
      </metadata>
      <file href="QUE_194303.xml"/>
    </resource>
    <resource identifier="QUE_194304" type="imsqti_item_xmlv2p1" href="QUE_194304.xml">
      <metadata>
        <imsqti:qtiMetadata>
          <imsqti:interactionType>choiceInteraction</imsqti:interactionType>
        </imsqti:qtiMetadata>
        <imsmd:lom>
          <imsmd:general>
            <imsmd:identifier>
              <imsmd:entry>QUE_194304</imsmd:entry>
            </imsmd:identifier>
          </imsmd:general>
          <imsmd:metaMetadata>
            <imsmd:identifier>
              <imsmd:catalog>Question Type</imsmd:catalog>
              <imsmd:entry>Flashcard</imsmd:entry>
            </imsmd:identifier>
            <imsmd:identifier>
              <imsmd:catalog>Topic</imsmd:catalog>
              <imsmd:entry>CISSP Flashcards</imsmd:entry>
            </imsmd:identifier>
          </imsmd:metaMetadata>
        </imsmd:lom>
      </metadata>
      <file href="QUE_194304.xml"/>
    </resource>
    <resource identifier="QUE_194305" type="imsqti_item_xmlv2p1" href="QUE_194305.xml">
      <metadata>
        <imsqti:qtiMetadata>
          <imsqti:interactionType>choiceInteraction</imsqti:interactionType>
        </imsqti:qtiMetadata>
        <imsmd:lom>
          <imsmd:general>
            <imsmd:identifier>
              <imsmd:entry>QUE_194305</imsmd:entry>
            </imsmd:identifier>
          </imsmd:general>
          <imsmd:metaMetadata>
            <imsmd:identifier>
              <imsmd:catalog>Question Type</imsmd:catalog>
              <imsmd:entry>Flashcard</imsmd:entry>
            </imsmd:identifier>
            <imsmd:identifier>
              <imsmd:catalog>Topic</imsmd:catalog>
              <imsmd:entry>CISSP Flashcards</imsmd:entry>
            </imsmd:identifier>
          </imsmd:metaMetadata>
        </imsmd:lom>
      </metadata>
      <file href="QUE_194305.xml"/>
    </resource>
    <resource identifier="QUE_194306" type="imsqti_item_xmlv2p1" href="QUE_194306.xml">
      <metadata>
        <imsqti:qtiMetadata>
          <imsqti:interactionType>choiceInteraction</imsqti:interactionType>
        </imsqti:qtiMetadata>
        <imsmd:lom>
          <imsmd:general>
            <imsmd:identifier>
              <imsmd:entry>QUE_194306</imsmd:entry>
            </imsmd:identifier>
          </imsmd:general>
          <imsmd:metaMetadata>
            <imsmd:identifier>
              <imsmd:catalog>Question Type</imsmd:catalog>
              <imsmd:entry>Flashcard</imsmd:entry>
            </imsmd:identifier>
            <imsmd:identifier>
              <imsmd:catalog>Topic</imsmd:catalog>
              <imsmd:entry>CISSP Flashcards</imsmd:entry>
            </imsmd:identifier>
          </imsmd:metaMetadata>
        </imsmd:lom>
      </metadata>
      <file href="QUE_194306.xml"/>
    </resource>
    <resource identifier="QUE_194307" type="imsqti_item_xmlv2p1" href="QUE_194307.xml">
      <metadata>
        <imsqti:qtiMetadata>
          <imsqti:interactionType>choiceInteraction</imsqti:interactionType>
        </imsqti:qtiMetadata>
        <imsmd:lom>
          <imsmd:general>
            <imsmd:identifier>
              <imsmd:entry>QUE_194307</imsmd:entry>
            </imsmd:identifier>
          </imsmd:general>
          <imsmd:metaMetadata>
            <imsmd:identifier>
              <imsmd:catalog>Question Type</imsmd:catalog>
              <imsmd:entry>Flashcard</imsmd:entry>
            </imsmd:identifier>
            <imsmd:identifier>
              <imsmd:catalog>Topic</imsmd:catalog>
              <imsmd:entry>CISSP Flashcards</imsmd:entry>
            </imsmd:identifier>
          </imsmd:metaMetadata>
        </imsmd:lom>
      </metadata>
      <file href="QUE_194307.xml"/>
    </resource>
    <resource identifier="QUE_194308" type="imsqti_item_xmlv2p1" href="QUE_194308.xml">
      <metadata>
        <imsqti:qtiMetadata>
          <imsqti:interactionType>choiceInteraction</imsqti:interactionType>
        </imsqti:qtiMetadata>
        <imsmd:lom>
          <imsmd:general>
            <imsmd:identifier>
              <imsmd:entry>QUE_194308</imsmd:entry>
            </imsmd:identifier>
          </imsmd:general>
          <imsmd:metaMetadata>
            <imsmd:identifier>
              <imsmd:catalog>Question Type</imsmd:catalog>
              <imsmd:entry>Flashcard</imsmd:entry>
            </imsmd:identifier>
            <imsmd:identifier>
              <imsmd:catalog>Topic</imsmd:catalog>
              <imsmd:entry>CISSP Flashcards</imsmd:entry>
            </imsmd:identifier>
          </imsmd:metaMetadata>
        </imsmd:lom>
      </metadata>
      <file href="QUE_194308.xml"/>
    </resource>
    <resource identifier="QUE_194309" type="imsqti_item_xmlv2p1" href="QUE_194309.xml">
      <metadata>
        <imsqti:qtiMetadata>
          <imsqti:interactionType>choiceInteraction</imsqti:interactionType>
        </imsqti:qtiMetadata>
        <imsmd:lom>
          <imsmd:general>
            <imsmd:identifier>
              <imsmd:entry>QUE_194309</imsmd:entry>
            </imsmd:identifier>
          </imsmd:general>
          <imsmd:metaMetadata>
            <imsmd:identifier>
              <imsmd:catalog>Question Type</imsmd:catalog>
              <imsmd:entry>Flashcard</imsmd:entry>
            </imsmd:identifier>
            <imsmd:identifier>
              <imsmd:catalog>Topic</imsmd:catalog>
              <imsmd:entry>CISSP Flashcards</imsmd:entry>
            </imsmd:identifier>
          </imsmd:metaMetadata>
        </imsmd:lom>
      </metadata>
      <file href="QUE_194309.xml"/>
    </resource>
    <resource identifier="QUE_194310" type="imsqti_item_xmlv2p1" href="QUE_194310.xml">
      <metadata>
        <imsqti:qtiMetadata>
          <imsqti:interactionType>choiceInteraction</imsqti:interactionType>
        </imsqti:qtiMetadata>
        <imsmd:lom>
          <imsmd:general>
            <imsmd:identifier>
              <imsmd:entry>QUE_194310</imsmd:entry>
            </imsmd:identifier>
          </imsmd:general>
          <imsmd:metaMetadata>
            <imsmd:identifier>
              <imsmd:catalog>Question Type</imsmd:catalog>
              <imsmd:entry>Flashcard</imsmd:entry>
            </imsmd:identifier>
            <imsmd:identifier>
              <imsmd:catalog>Topic</imsmd:catalog>
              <imsmd:entry>CISSP Flashcards</imsmd:entry>
            </imsmd:identifier>
          </imsmd:metaMetadata>
        </imsmd:lom>
      </metadata>
      <file href="QUE_194310.xml"/>
    </resource>
    <resource identifier="QUE_194311" type="imsqti_item_xmlv2p1" href="QUE_194311.xml">
      <metadata>
        <imsqti:qtiMetadata>
          <imsqti:interactionType>choiceInteraction</imsqti:interactionType>
        </imsqti:qtiMetadata>
        <imsmd:lom>
          <imsmd:general>
            <imsmd:identifier>
              <imsmd:entry>QUE_194311</imsmd:entry>
            </imsmd:identifier>
          </imsmd:general>
          <imsmd:metaMetadata>
            <imsmd:identifier>
              <imsmd:catalog>Question Type</imsmd:catalog>
              <imsmd:entry>Flashcard</imsmd:entry>
            </imsmd:identifier>
            <imsmd:identifier>
              <imsmd:catalog>Topic</imsmd:catalog>
              <imsmd:entry>CISSP Flashcards</imsmd:entry>
            </imsmd:identifier>
          </imsmd:metaMetadata>
        </imsmd:lom>
      </metadata>
      <file href="QUE_194311.xml"/>
    </resource>
    <resource identifier="QUE_194312" type="imsqti_item_xmlv2p1" href="QUE_194312.xml">
      <metadata>
        <imsqti:qtiMetadata>
          <imsqti:interactionType>choiceInteraction</imsqti:interactionType>
        </imsqti:qtiMetadata>
        <imsmd:lom>
          <imsmd:general>
            <imsmd:identifier>
              <imsmd:entry>QUE_194312</imsmd:entry>
            </imsmd:identifier>
          </imsmd:general>
          <imsmd:metaMetadata>
            <imsmd:identifier>
              <imsmd:catalog>Question Type</imsmd:catalog>
              <imsmd:entry>Flashcard</imsmd:entry>
            </imsmd:identifier>
            <imsmd:identifier>
              <imsmd:catalog>Topic</imsmd:catalog>
              <imsmd:entry>CISSP Flashcards</imsmd:entry>
            </imsmd:identifier>
          </imsmd:metaMetadata>
        </imsmd:lom>
      </metadata>
      <file href="QUE_194312.xml"/>
    </resource>
    <resource identifier="QUE_194313" type="imsqti_item_xmlv2p1" href="QUE_194313.xml">
      <metadata>
        <imsqti:qtiMetadata>
          <imsqti:interactionType>choiceInteraction</imsqti:interactionType>
        </imsqti:qtiMetadata>
        <imsmd:lom>
          <imsmd:general>
            <imsmd:identifier>
              <imsmd:entry>QUE_194313</imsmd:entry>
            </imsmd:identifier>
          </imsmd:general>
          <imsmd:metaMetadata>
            <imsmd:identifier>
              <imsmd:catalog>Question Type</imsmd:catalog>
              <imsmd:entry>Flashcard</imsmd:entry>
            </imsmd:identifier>
            <imsmd:identifier>
              <imsmd:catalog>Topic</imsmd:catalog>
              <imsmd:entry>CISSP Flashcards</imsmd:entry>
            </imsmd:identifier>
          </imsmd:metaMetadata>
        </imsmd:lom>
      </metadata>
      <file href="QUE_194313.xml"/>
    </resource>
    <resource identifier="QUE_194314" type="imsqti_item_xmlv2p1" href="QUE_194314.xml">
      <metadata>
        <imsqti:qtiMetadata>
          <imsqti:interactionType>choiceInteraction</imsqti:interactionType>
        </imsqti:qtiMetadata>
        <imsmd:lom>
          <imsmd:general>
            <imsmd:identifier>
              <imsmd:entry>QUE_194314</imsmd:entry>
            </imsmd:identifier>
          </imsmd:general>
          <imsmd:metaMetadata>
            <imsmd:identifier>
              <imsmd:catalog>Question Type</imsmd:catalog>
              <imsmd:entry>Flashcard</imsmd:entry>
            </imsmd:identifier>
            <imsmd:identifier>
              <imsmd:catalog>Topic</imsmd:catalog>
              <imsmd:entry>CISSP Flashcards</imsmd:entry>
            </imsmd:identifier>
          </imsmd:metaMetadata>
        </imsmd:lom>
      </metadata>
      <file href="QUE_194314.xml"/>
    </resource>
    <resource identifier="QUE_194315" type="imsqti_item_xmlv2p1" href="QUE_194315.xml">
      <metadata>
        <imsqti:qtiMetadata>
          <imsqti:interactionType>choiceInteraction</imsqti:interactionType>
        </imsqti:qtiMetadata>
        <imsmd:lom>
          <imsmd:general>
            <imsmd:identifier>
              <imsmd:entry>QUE_194315</imsmd:entry>
            </imsmd:identifier>
          </imsmd:general>
          <imsmd:metaMetadata>
            <imsmd:identifier>
              <imsmd:catalog>Question Type</imsmd:catalog>
              <imsmd:entry>Flashcard</imsmd:entry>
            </imsmd:identifier>
            <imsmd:identifier>
              <imsmd:catalog>Topic</imsmd:catalog>
              <imsmd:entry>CISSP Flashcards</imsmd:entry>
            </imsmd:identifier>
          </imsmd:metaMetadata>
        </imsmd:lom>
      </metadata>
      <file href="QUE_194315.xml"/>
    </resource>
    <resource identifier="QUE_194316" type="imsqti_item_xmlv2p1" href="QUE_194316.xml">
      <metadata>
        <imsqti:qtiMetadata>
          <imsqti:interactionType>choiceInteraction</imsqti:interactionType>
        </imsqti:qtiMetadata>
        <imsmd:lom>
          <imsmd:general>
            <imsmd:identifier>
              <imsmd:entry>QUE_194316</imsmd:entry>
            </imsmd:identifier>
          </imsmd:general>
          <imsmd:metaMetadata>
            <imsmd:identifier>
              <imsmd:catalog>Question Type</imsmd:catalog>
              <imsmd:entry>Flashcard</imsmd:entry>
            </imsmd:identifier>
            <imsmd:identifier>
              <imsmd:catalog>Topic</imsmd:catalog>
              <imsmd:entry>CISSP Flashcards</imsmd:entry>
            </imsmd:identifier>
          </imsmd:metaMetadata>
        </imsmd:lom>
      </metadata>
      <file href="QUE_194316.xml"/>
    </resource>
    <resource identifier="QUE_194317" type="imsqti_item_xmlv2p1" href="QUE_194317.xml">
      <metadata>
        <imsqti:qtiMetadata>
          <imsqti:interactionType>choiceInteraction</imsqti:interactionType>
        </imsqti:qtiMetadata>
        <imsmd:lom>
          <imsmd:general>
            <imsmd:identifier>
              <imsmd:entry>QUE_194317</imsmd:entry>
            </imsmd:identifier>
          </imsmd:general>
          <imsmd:metaMetadata>
            <imsmd:identifier>
              <imsmd:catalog>Question Type</imsmd:catalog>
              <imsmd:entry>Flashcard</imsmd:entry>
            </imsmd:identifier>
            <imsmd:identifier>
              <imsmd:catalog>Topic</imsmd:catalog>
              <imsmd:entry>CISSP Flashcards</imsmd:entry>
            </imsmd:identifier>
          </imsmd:metaMetadata>
        </imsmd:lom>
      </metadata>
      <file href="QUE_194317.xml"/>
    </resource>
    <resource identifier="QUE_194318" type="imsqti_item_xmlv2p1" href="QUE_194318.xml">
      <metadata>
        <imsqti:qtiMetadata>
          <imsqti:interactionType>choiceInteraction</imsqti:interactionType>
        </imsqti:qtiMetadata>
        <imsmd:lom>
          <imsmd:general>
            <imsmd:identifier>
              <imsmd:entry>QUE_194318</imsmd:entry>
            </imsmd:identifier>
          </imsmd:general>
          <imsmd:metaMetadata>
            <imsmd:identifier>
              <imsmd:catalog>Question Type</imsmd:catalog>
              <imsmd:entry>Flashcard</imsmd:entry>
            </imsmd:identifier>
            <imsmd:identifier>
              <imsmd:catalog>Topic</imsmd:catalog>
              <imsmd:entry>CISSP Flashcards</imsmd:entry>
            </imsmd:identifier>
          </imsmd:metaMetadata>
        </imsmd:lom>
      </metadata>
      <file href="QUE_194318.xml"/>
    </resource>
    <resource identifier="QUE_194319" type="imsqti_item_xmlv2p1" href="QUE_194319.xml">
      <metadata>
        <imsqti:qtiMetadata>
          <imsqti:interactionType>choiceInteraction</imsqti:interactionType>
        </imsqti:qtiMetadata>
        <imsmd:lom>
          <imsmd:general>
            <imsmd:identifier>
              <imsmd:entry>QUE_194319</imsmd:entry>
            </imsmd:identifier>
          </imsmd:general>
          <imsmd:metaMetadata>
            <imsmd:identifier>
              <imsmd:catalog>Question Type</imsmd:catalog>
              <imsmd:entry>Flashcard</imsmd:entry>
            </imsmd:identifier>
            <imsmd:identifier>
              <imsmd:catalog>Topic</imsmd:catalog>
              <imsmd:entry>CISSP Flashcards</imsmd:entry>
            </imsmd:identifier>
          </imsmd:metaMetadata>
        </imsmd:lom>
      </metadata>
      <file href="QUE_194319.xml"/>
    </resource>
    <resource identifier="QUE_194320" type="imsqti_item_xmlv2p1" href="QUE_194320.xml">
      <metadata>
        <imsqti:qtiMetadata>
          <imsqti:interactionType>choiceInteraction</imsqti:interactionType>
        </imsqti:qtiMetadata>
        <imsmd:lom>
          <imsmd:general>
            <imsmd:identifier>
              <imsmd:entry>QUE_194320</imsmd:entry>
            </imsmd:identifier>
          </imsmd:general>
          <imsmd:metaMetadata>
            <imsmd:identifier>
              <imsmd:catalog>Question Type</imsmd:catalog>
              <imsmd:entry>Flashcard</imsmd:entry>
            </imsmd:identifier>
            <imsmd:identifier>
              <imsmd:catalog>Topic</imsmd:catalog>
              <imsmd:entry>CISSP Flashcards</imsmd:entry>
            </imsmd:identifier>
          </imsmd:metaMetadata>
        </imsmd:lom>
      </metadata>
      <file href="QUE_194320.xml"/>
    </resource>
    <resource identifier="QUE_194321" type="imsqti_item_xmlv2p1" href="QUE_194321.xml">
      <metadata>
        <imsqti:qtiMetadata>
          <imsqti:interactionType>choiceInteraction</imsqti:interactionType>
        </imsqti:qtiMetadata>
        <imsmd:lom>
          <imsmd:general>
            <imsmd:identifier>
              <imsmd:entry>QUE_194321</imsmd:entry>
            </imsmd:identifier>
          </imsmd:general>
          <imsmd:metaMetadata>
            <imsmd:identifier>
              <imsmd:catalog>Question Type</imsmd:catalog>
              <imsmd:entry>Flashcard</imsmd:entry>
            </imsmd:identifier>
            <imsmd:identifier>
              <imsmd:catalog>Topic</imsmd:catalog>
              <imsmd:entry>CISSP Flashcards</imsmd:entry>
            </imsmd:identifier>
          </imsmd:metaMetadata>
        </imsmd:lom>
      </metadata>
      <file href="QUE_194321.xml"/>
    </resource>
    <resource identifier="QUE_194322" type="imsqti_item_xmlv2p1" href="QUE_194322.xml">
      <metadata>
        <imsqti:qtiMetadata>
          <imsqti:interactionType>choiceInteraction</imsqti:interactionType>
        </imsqti:qtiMetadata>
        <imsmd:lom>
          <imsmd:general>
            <imsmd:identifier>
              <imsmd:entry>QUE_194322</imsmd:entry>
            </imsmd:identifier>
          </imsmd:general>
          <imsmd:metaMetadata>
            <imsmd:identifier>
              <imsmd:catalog>Question Type</imsmd:catalog>
              <imsmd:entry>Flashcard</imsmd:entry>
            </imsmd:identifier>
            <imsmd:identifier>
              <imsmd:catalog>Topic</imsmd:catalog>
              <imsmd:entry>CISSP Flashcards</imsmd:entry>
            </imsmd:identifier>
          </imsmd:metaMetadata>
        </imsmd:lom>
      </metadata>
      <file href="QUE_194322.xml"/>
    </resource>
    <resource identifier="QUE_194323" type="imsqti_item_xmlv2p1" href="QUE_194323.xml">
      <metadata>
        <imsqti:qtiMetadata>
          <imsqti:interactionType>choiceInteraction</imsqti:interactionType>
        </imsqti:qtiMetadata>
        <imsmd:lom>
          <imsmd:general>
            <imsmd:identifier>
              <imsmd:entry>QUE_194323</imsmd:entry>
            </imsmd:identifier>
          </imsmd:general>
          <imsmd:metaMetadata>
            <imsmd:identifier>
              <imsmd:catalog>Question Type</imsmd:catalog>
              <imsmd:entry>Flashcard</imsmd:entry>
            </imsmd:identifier>
            <imsmd:identifier>
              <imsmd:catalog>Topic</imsmd:catalog>
              <imsmd:entry>CISSP Flashcards</imsmd:entry>
            </imsmd:identifier>
          </imsmd:metaMetadata>
        </imsmd:lom>
      </metadata>
      <file href="QUE_194323.xml"/>
    </resource>
    <resource identifier="QUE_194324" type="imsqti_item_xmlv2p1" href="QUE_194324.xml">
      <metadata>
        <imsqti:qtiMetadata>
          <imsqti:interactionType>choiceInteraction</imsqti:interactionType>
        </imsqti:qtiMetadata>
        <imsmd:lom>
          <imsmd:general>
            <imsmd:identifier>
              <imsmd:entry>QUE_194324</imsmd:entry>
            </imsmd:identifier>
          </imsmd:general>
          <imsmd:metaMetadata>
            <imsmd:identifier>
              <imsmd:catalog>Question Type</imsmd:catalog>
              <imsmd:entry>Flashcard</imsmd:entry>
            </imsmd:identifier>
            <imsmd:identifier>
              <imsmd:catalog>Topic</imsmd:catalog>
              <imsmd:entry>CISSP Flashcards</imsmd:entry>
            </imsmd:identifier>
          </imsmd:metaMetadata>
        </imsmd:lom>
      </metadata>
      <file href="QUE_194324.xml"/>
    </resource>
    <resource identifier="QUE_194325" type="imsqti_item_xmlv2p1" href="QUE_194325.xml">
      <metadata>
        <imsqti:qtiMetadata>
          <imsqti:interactionType>choiceInteraction</imsqti:interactionType>
        </imsqti:qtiMetadata>
        <imsmd:lom>
          <imsmd:general>
            <imsmd:identifier>
              <imsmd:entry>QUE_194325</imsmd:entry>
            </imsmd:identifier>
          </imsmd:general>
          <imsmd:metaMetadata>
            <imsmd:identifier>
              <imsmd:catalog>Question Type</imsmd:catalog>
              <imsmd:entry>Flashcard</imsmd:entry>
            </imsmd:identifier>
            <imsmd:identifier>
              <imsmd:catalog>Topic</imsmd:catalog>
              <imsmd:entry>CISSP Flashcards</imsmd:entry>
            </imsmd:identifier>
          </imsmd:metaMetadata>
        </imsmd:lom>
      </metadata>
      <file href="QUE_194325.xml"/>
    </resource>
    <resource identifier="QUE_194326" type="imsqti_item_xmlv2p1" href="QUE_194326.xml">
      <metadata>
        <imsqti:qtiMetadata>
          <imsqti:interactionType>choiceInteraction</imsqti:interactionType>
        </imsqti:qtiMetadata>
        <imsmd:lom>
          <imsmd:general>
            <imsmd:identifier>
              <imsmd:entry>QUE_194326</imsmd:entry>
            </imsmd:identifier>
          </imsmd:general>
          <imsmd:metaMetadata>
            <imsmd:identifier>
              <imsmd:catalog>Question Type</imsmd:catalog>
              <imsmd:entry>Flashcard</imsmd:entry>
            </imsmd:identifier>
            <imsmd:identifier>
              <imsmd:catalog>Topic</imsmd:catalog>
              <imsmd:entry>CISSP Flashcards</imsmd:entry>
            </imsmd:identifier>
          </imsmd:metaMetadata>
        </imsmd:lom>
      </metadata>
      <file href="QUE_194326.xml"/>
    </resource>
    <resource identifier="QUE_194327" type="imsqti_item_xmlv2p1" href="QUE_194327.xml">
      <metadata>
        <imsqti:qtiMetadata>
          <imsqti:interactionType>choiceInteraction</imsqti:interactionType>
        </imsqti:qtiMetadata>
        <imsmd:lom>
          <imsmd:general>
            <imsmd:identifier>
              <imsmd:entry>QUE_194327</imsmd:entry>
            </imsmd:identifier>
          </imsmd:general>
          <imsmd:metaMetadata>
            <imsmd:identifier>
              <imsmd:catalog>Question Type</imsmd:catalog>
              <imsmd:entry>Flashcard</imsmd:entry>
            </imsmd:identifier>
            <imsmd:identifier>
              <imsmd:catalog>Topic</imsmd:catalog>
              <imsmd:entry>CISSP Flashcards</imsmd:entry>
            </imsmd:identifier>
          </imsmd:metaMetadata>
        </imsmd:lom>
      </metadata>
      <file href="QUE_194327.xml"/>
    </resource>
    <resource identifier="QUE_194328" type="imsqti_item_xmlv2p1" href="QUE_194328.xml">
      <metadata>
        <imsqti:qtiMetadata>
          <imsqti:interactionType>choiceInteraction</imsqti:interactionType>
        </imsqti:qtiMetadata>
        <imsmd:lom>
          <imsmd:general>
            <imsmd:identifier>
              <imsmd:entry>QUE_194328</imsmd:entry>
            </imsmd:identifier>
          </imsmd:general>
          <imsmd:metaMetadata>
            <imsmd:identifier>
              <imsmd:catalog>Question Type</imsmd:catalog>
              <imsmd:entry>Flashcard</imsmd:entry>
            </imsmd:identifier>
            <imsmd:identifier>
              <imsmd:catalog>Topic</imsmd:catalog>
              <imsmd:entry>CISSP Flashcards</imsmd:entry>
            </imsmd:identifier>
          </imsmd:metaMetadata>
        </imsmd:lom>
      </metadata>
      <file href="QUE_194328.xml"/>
    </resource>
    <resource identifier="QUE_194329" type="imsqti_item_xmlv2p1" href="QUE_194329.xml">
      <metadata>
        <imsqti:qtiMetadata>
          <imsqti:interactionType>choiceInteraction</imsqti:interactionType>
        </imsqti:qtiMetadata>
        <imsmd:lom>
          <imsmd:general>
            <imsmd:identifier>
              <imsmd:entry>QUE_194329</imsmd:entry>
            </imsmd:identifier>
          </imsmd:general>
          <imsmd:metaMetadata>
            <imsmd:identifier>
              <imsmd:catalog>Question Type</imsmd:catalog>
              <imsmd:entry>Flashcard</imsmd:entry>
            </imsmd:identifier>
            <imsmd:identifier>
              <imsmd:catalog>Topic</imsmd:catalog>
              <imsmd:entry>CISSP Flashcards</imsmd:entry>
            </imsmd:identifier>
          </imsmd:metaMetadata>
        </imsmd:lom>
      </metadata>
      <file href="QUE_194329.xml"/>
    </resource>
    <resource identifier="QUE_194330" type="imsqti_item_xmlv2p1" href="QUE_194330.xml">
      <metadata>
        <imsqti:qtiMetadata>
          <imsqti:interactionType>choiceInteraction</imsqti:interactionType>
        </imsqti:qtiMetadata>
        <imsmd:lom>
          <imsmd:general>
            <imsmd:identifier>
              <imsmd:entry>QUE_194330</imsmd:entry>
            </imsmd:identifier>
          </imsmd:general>
          <imsmd:metaMetadata>
            <imsmd:identifier>
              <imsmd:catalog>Question Type</imsmd:catalog>
              <imsmd:entry>Flashcard</imsmd:entry>
            </imsmd:identifier>
            <imsmd:identifier>
              <imsmd:catalog>Topic</imsmd:catalog>
              <imsmd:entry>CISSP Flashcards</imsmd:entry>
            </imsmd:identifier>
          </imsmd:metaMetadata>
        </imsmd:lom>
      </metadata>
      <file href="QUE_194330.xml"/>
    </resource>
    <resource identifier="QUE_194331" type="imsqti_item_xmlv2p1" href="QUE_194331.xml">
      <metadata>
        <imsqti:qtiMetadata>
          <imsqti:interactionType>choiceInteraction</imsqti:interactionType>
        </imsqti:qtiMetadata>
        <imsmd:lom>
          <imsmd:general>
            <imsmd:identifier>
              <imsmd:entry>QUE_194331</imsmd:entry>
            </imsmd:identifier>
          </imsmd:general>
          <imsmd:metaMetadata>
            <imsmd:identifier>
              <imsmd:catalog>Question Type</imsmd:catalog>
              <imsmd:entry>Flashcard</imsmd:entry>
            </imsmd:identifier>
            <imsmd:identifier>
              <imsmd:catalog>Topic</imsmd:catalog>
              <imsmd:entry>CISSP Flashcards</imsmd:entry>
            </imsmd:identifier>
          </imsmd:metaMetadata>
        </imsmd:lom>
      </metadata>
      <file href="QUE_194331.xml"/>
    </resource>
    <resource identifier="QUE_194332" type="imsqti_item_xmlv2p1" href="QUE_194332.xml">
      <metadata>
        <imsqti:qtiMetadata>
          <imsqti:interactionType>choiceInteraction</imsqti:interactionType>
        </imsqti:qtiMetadata>
        <imsmd:lom>
          <imsmd:general>
            <imsmd:identifier>
              <imsmd:entry>QUE_194332</imsmd:entry>
            </imsmd:identifier>
          </imsmd:general>
          <imsmd:metaMetadata>
            <imsmd:identifier>
              <imsmd:catalog>Question Type</imsmd:catalog>
              <imsmd:entry>Flashcard</imsmd:entry>
            </imsmd:identifier>
            <imsmd:identifier>
              <imsmd:catalog>Topic</imsmd:catalog>
              <imsmd:entry>CISSP Flashcards</imsmd:entry>
            </imsmd:identifier>
          </imsmd:metaMetadata>
        </imsmd:lom>
      </metadata>
      <file href="QUE_194332.xml"/>
    </resource>
    <resource identifier="QUE_194333" type="imsqti_item_xmlv2p1" href="QUE_194333.xml">
      <metadata>
        <imsqti:qtiMetadata>
          <imsqti:interactionType>choiceInteraction</imsqti:interactionType>
        </imsqti:qtiMetadata>
        <imsmd:lom>
          <imsmd:general>
            <imsmd:identifier>
              <imsmd:entry>QUE_194333</imsmd:entry>
            </imsmd:identifier>
          </imsmd:general>
          <imsmd:metaMetadata>
            <imsmd:identifier>
              <imsmd:catalog>Question Type</imsmd:catalog>
              <imsmd:entry>Flashcard</imsmd:entry>
            </imsmd:identifier>
            <imsmd:identifier>
              <imsmd:catalog>Topic</imsmd:catalog>
              <imsmd:entry>CISSP Flashcards</imsmd:entry>
            </imsmd:identifier>
          </imsmd:metaMetadata>
        </imsmd:lom>
      </metadata>
      <file href="QUE_194333.xml"/>
    </resource>
    <resource identifier="QUE_194334" type="imsqti_item_xmlv2p1" href="QUE_194334.xml">
      <metadata>
        <imsqti:qtiMetadata>
          <imsqti:interactionType>choiceInteraction</imsqti:interactionType>
        </imsqti:qtiMetadata>
        <imsmd:lom>
          <imsmd:general>
            <imsmd:identifier>
              <imsmd:entry>QUE_194334</imsmd:entry>
            </imsmd:identifier>
          </imsmd:general>
          <imsmd:metaMetadata>
            <imsmd:identifier>
              <imsmd:catalog>Question Type</imsmd:catalog>
              <imsmd:entry>Flashcard</imsmd:entry>
            </imsmd:identifier>
            <imsmd:identifier>
              <imsmd:catalog>Topic</imsmd:catalog>
              <imsmd:entry>CISSP Flashcards</imsmd:entry>
            </imsmd:identifier>
          </imsmd:metaMetadata>
        </imsmd:lom>
      </metadata>
      <file href="QUE_194334.xml"/>
    </resource>
    <resource identifier="QUE_194335" type="imsqti_item_xmlv2p1" href="QUE_194335.xml">
      <metadata>
        <imsqti:qtiMetadata>
          <imsqti:interactionType>choiceInteraction</imsqti:interactionType>
        </imsqti:qtiMetadata>
        <imsmd:lom>
          <imsmd:general>
            <imsmd:identifier>
              <imsmd:entry>QUE_194335</imsmd:entry>
            </imsmd:identifier>
          </imsmd:general>
          <imsmd:metaMetadata>
            <imsmd:identifier>
              <imsmd:catalog>Question Type</imsmd:catalog>
              <imsmd:entry>Flashcard</imsmd:entry>
            </imsmd:identifier>
            <imsmd:identifier>
              <imsmd:catalog>Topic</imsmd:catalog>
              <imsmd:entry>CISSP Flashcards</imsmd:entry>
            </imsmd:identifier>
          </imsmd:metaMetadata>
        </imsmd:lom>
      </metadata>
      <file href="QUE_194335.xml"/>
    </resource>
    <resource identifier="QUE_194336" type="imsqti_item_xmlv2p1" href="QUE_194336.xml">
      <metadata>
        <imsqti:qtiMetadata>
          <imsqti:interactionType>choiceInteraction</imsqti:interactionType>
        </imsqti:qtiMetadata>
        <imsmd:lom>
          <imsmd:general>
            <imsmd:identifier>
              <imsmd:entry>QUE_194336</imsmd:entry>
            </imsmd:identifier>
          </imsmd:general>
          <imsmd:metaMetadata>
            <imsmd:identifier>
              <imsmd:catalog>Question Type</imsmd:catalog>
              <imsmd:entry>Flashcard</imsmd:entry>
            </imsmd:identifier>
            <imsmd:identifier>
              <imsmd:catalog>Topic</imsmd:catalog>
              <imsmd:entry>CISSP Flashcards</imsmd:entry>
            </imsmd:identifier>
          </imsmd:metaMetadata>
        </imsmd:lom>
      </metadata>
      <file href="QUE_194336.xml"/>
    </resource>
    <resource identifier="QUE_194337" type="imsqti_item_xmlv2p1" href="QUE_194337.xml">
      <metadata>
        <imsqti:qtiMetadata>
          <imsqti:interactionType>choiceInteraction</imsqti:interactionType>
        </imsqti:qtiMetadata>
        <imsmd:lom>
          <imsmd:general>
            <imsmd:identifier>
              <imsmd:entry>QUE_194337</imsmd:entry>
            </imsmd:identifier>
          </imsmd:general>
          <imsmd:metaMetadata>
            <imsmd:identifier>
              <imsmd:catalog>Question Type</imsmd:catalog>
              <imsmd:entry>Flashcard</imsmd:entry>
            </imsmd:identifier>
            <imsmd:identifier>
              <imsmd:catalog>Topic</imsmd:catalog>
              <imsmd:entry>CISSP Flashcards</imsmd:entry>
            </imsmd:identifier>
          </imsmd:metaMetadata>
        </imsmd:lom>
      </metadata>
      <file href="QUE_194337.xml"/>
    </resource>
    <resource identifier="QUE_194338" type="imsqti_item_xmlv2p1" href="QUE_194338.xml">
      <metadata>
        <imsqti:qtiMetadata>
          <imsqti:interactionType>choiceInteraction</imsqti:interactionType>
        </imsqti:qtiMetadata>
        <imsmd:lom>
          <imsmd:general>
            <imsmd:identifier>
              <imsmd:entry>QUE_194338</imsmd:entry>
            </imsmd:identifier>
          </imsmd:general>
          <imsmd:metaMetadata>
            <imsmd:identifier>
              <imsmd:catalog>Question Type</imsmd:catalog>
              <imsmd:entry>Flashcard</imsmd:entry>
            </imsmd:identifier>
            <imsmd:identifier>
              <imsmd:catalog>Topic</imsmd:catalog>
              <imsmd:entry>CISSP Flashcards</imsmd:entry>
            </imsmd:identifier>
          </imsmd:metaMetadata>
        </imsmd:lom>
      </metadata>
      <file href="QUE_194338.xml"/>
    </resource>
    <resource identifier="QUE_194339" type="imsqti_item_xmlv2p1" href="QUE_194339.xml">
      <metadata>
        <imsqti:qtiMetadata>
          <imsqti:interactionType>choiceInteraction</imsqti:interactionType>
        </imsqti:qtiMetadata>
        <imsmd:lom>
          <imsmd:general>
            <imsmd:identifier>
              <imsmd:entry>QUE_194339</imsmd:entry>
            </imsmd:identifier>
          </imsmd:general>
          <imsmd:metaMetadata>
            <imsmd:identifier>
              <imsmd:catalog>Question Type</imsmd:catalog>
              <imsmd:entry>Flashcard</imsmd:entry>
            </imsmd:identifier>
            <imsmd:identifier>
              <imsmd:catalog>Topic</imsmd:catalog>
              <imsmd:entry>CISSP Flashcards</imsmd:entry>
            </imsmd:identifier>
          </imsmd:metaMetadata>
        </imsmd:lom>
      </metadata>
      <file href="QUE_194339.xml"/>
    </resource>
    <resource identifier="QUE_194340" type="imsqti_item_xmlv2p1" href="QUE_194340.xml">
      <metadata>
        <imsqti:qtiMetadata>
          <imsqti:interactionType>choiceInteraction</imsqti:interactionType>
        </imsqti:qtiMetadata>
        <imsmd:lom>
          <imsmd:general>
            <imsmd:identifier>
              <imsmd:entry>QUE_194340</imsmd:entry>
            </imsmd:identifier>
          </imsmd:general>
          <imsmd:metaMetadata>
            <imsmd:identifier>
              <imsmd:catalog>Question Type</imsmd:catalog>
              <imsmd:entry>Flashcard</imsmd:entry>
            </imsmd:identifier>
            <imsmd:identifier>
              <imsmd:catalog>Topic</imsmd:catalog>
              <imsmd:entry>CISSP Flashcards</imsmd:entry>
            </imsmd:identifier>
          </imsmd:metaMetadata>
        </imsmd:lom>
      </metadata>
      <file href="QUE_194340.xml"/>
    </resource>
    <resource identifier="QUE_194341" type="imsqti_item_xmlv2p1" href="QUE_194341.xml">
      <metadata>
        <imsqti:qtiMetadata>
          <imsqti:interactionType>choiceInteraction</imsqti:interactionType>
        </imsqti:qtiMetadata>
        <imsmd:lom>
          <imsmd:general>
            <imsmd:identifier>
              <imsmd:entry>QUE_194341</imsmd:entry>
            </imsmd:identifier>
          </imsmd:general>
          <imsmd:metaMetadata>
            <imsmd:identifier>
              <imsmd:catalog>Question Type</imsmd:catalog>
              <imsmd:entry>Flashcard</imsmd:entry>
            </imsmd:identifier>
            <imsmd:identifier>
              <imsmd:catalog>Topic</imsmd:catalog>
              <imsmd:entry>CISSP Flashcards</imsmd:entry>
            </imsmd:identifier>
          </imsmd:metaMetadata>
        </imsmd:lom>
      </metadata>
      <file href="QUE_194341.xml"/>
    </resource>
    <resource identifier="QUE_194342" type="imsqti_item_xmlv2p1" href="QUE_194342.xml">
      <metadata>
        <imsqti:qtiMetadata>
          <imsqti:interactionType>choiceInteraction</imsqti:interactionType>
        </imsqti:qtiMetadata>
        <imsmd:lom>
          <imsmd:general>
            <imsmd:identifier>
              <imsmd:entry>QUE_194342</imsmd:entry>
            </imsmd:identifier>
          </imsmd:general>
          <imsmd:metaMetadata>
            <imsmd:identifier>
              <imsmd:catalog>Question Type</imsmd:catalog>
              <imsmd:entry>Flashcard</imsmd:entry>
            </imsmd:identifier>
            <imsmd:identifier>
              <imsmd:catalog>Topic</imsmd:catalog>
              <imsmd:entry>CISSP Flashcards</imsmd:entry>
            </imsmd:identifier>
          </imsmd:metaMetadata>
        </imsmd:lom>
      </metadata>
      <file href="QUE_194342.xml"/>
    </resource>
    <resource identifier="QUE_194343" type="imsqti_item_xmlv2p1" href="QUE_194343.xml">
      <metadata>
        <imsqti:qtiMetadata>
          <imsqti:interactionType>choiceInteraction</imsqti:interactionType>
        </imsqti:qtiMetadata>
        <imsmd:lom>
          <imsmd:general>
            <imsmd:identifier>
              <imsmd:entry>QUE_194343</imsmd:entry>
            </imsmd:identifier>
          </imsmd:general>
          <imsmd:metaMetadata>
            <imsmd:identifier>
              <imsmd:catalog>Question Type</imsmd:catalog>
              <imsmd:entry>Flashcard</imsmd:entry>
            </imsmd:identifier>
            <imsmd:identifier>
              <imsmd:catalog>Topic</imsmd:catalog>
              <imsmd:entry>CISSP Flashcards</imsmd:entry>
            </imsmd:identifier>
          </imsmd:metaMetadata>
        </imsmd:lom>
      </metadata>
      <file href="QUE_194343.xml"/>
    </resource>
    <resource identifier="QUE_194344" type="imsqti_item_xmlv2p1" href="QUE_194344.xml">
      <metadata>
        <imsqti:qtiMetadata>
          <imsqti:interactionType>choiceInteraction</imsqti:interactionType>
        </imsqti:qtiMetadata>
        <imsmd:lom>
          <imsmd:general>
            <imsmd:identifier>
              <imsmd:entry>QUE_194344</imsmd:entry>
            </imsmd:identifier>
          </imsmd:general>
          <imsmd:metaMetadata>
            <imsmd:identifier>
              <imsmd:catalog>Question Type</imsmd:catalog>
              <imsmd:entry>Flashcard</imsmd:entry>
            </imsmd:identifier>
            <imsmd:identifier>
              <imsmd:catalog>Topic</imsmd:catalog>
              <imsmd:entry>CISSP Flashcards</imsmd:entry>
            </imsmd:identifier>
          </imsmd:metaMetadata>
        </imsmd:lom>
      </metadata>
      <file href="QUE_194344.xml"/>
    </resource>
    <resource identifier="QUE_194345" type="imsqti_item_xmlv2p1" href="QUE_194345.xml">
      <metadata>
        <imsqti:qtiMetadata>
          <imsqti:interactionType>choiceInteraction</imsqti:interactionType>
        </imsqti:qtiMetadata>
        <imsmd:lom>
          <imsmd:general>
            <imsmd:identifier>
              <imsmd:entry>QUE_194345</imsmd:entry>
            </imsmd:identifier>
          </imsmd:general>
          <imsmd:metaMetadata>
            <imsmd:identifier>
              <imsmd:catalog>Question Type</imsmd:catalog>
              <imsmd:entry>Flashcard</imsmd:entry>
            </imsmd:identifier>
            <imsmd:identifier>
              <imsmd:catalog>Topic</imsmd:catalog>
              <imsmd:entry>CISSP Flashcards</imsmd:entry>
            </imsmd:identifier>
          </imsmd:metaMetadata>
        </imsmd:lom>
      </metadata>
      <file href="QUE_194345.xml"/>
    </resource>
    <resource identifier="QUE_194346" type="imsqti_item_xmlv2p1" href="QUE_194346.xml">
      <metadata>
        <imsqti:qtiMetadata>
          <imsqti:interactionType>choiceInteraction</imsqti:interactionType>
        </imsqti:qtiMetadata>
        <imsmd:lom>
          <imsmd:general>
            <imsmd:identifier>
              <imsmd:entry>QUE_194346</imsmd:entry>
            </imsmd:identifier>
          </imsmd:general>
          <imsmd:metaMetadata>
            <imsmd:identifier>
              <imsmd:catalog>Question Type</imsmd:catalog>
              <imsmd:entry>Flashcard</imsmd:entry>
            </imsmd:identifier>
            <imsmd:identifier>
              <imsmd:catalog>Topic</imsmd:catalog>
              <imsmd:entry>CISSP Flashcards</imsmd:entry>
            </imsmd:identifier>
          </imsmd:metaMetadata>
        </imsmd:lom>
      </metadata>
      <file href="QUE_194346.xml"/>
    </resource>
    <resource identifier="QUE_194347" type="imsqti_item_xmlv2p1" href="QUE_194347.xml">
      <metadata>
        <imsqti:qtiMetadata>
          <imsqti:interactionType>choiceInteraction</imsqti:interactionType>
        </imsqti:qtiMetadata>
        <imsmd:lom>
          <imsmd:general>
            <imsmd:identifier>
              <imsmd:entry>QUE_194347</imsmd:entry>
            </imsmd:identifier>
          </imsmd:general>
          <imsmd:metaMetadata>
            <imsmd:identifier>
              <imsmd:catalog>Question Type</imsmd:catalog>
              <imsmd:entry>Flashcard</imsmd:entry>
            </imsmd:identifier>
            <imsmd:identifier>
              <imsmd:catalog>Topic</imsmd:catalog>
              <imsmd:entry>CISSP Flashcards</imsmd:entry>
            </imsmd:identifier>
          </imsmd:metaMetadata>
        </imsmd:lom>
      </metadata>
      <file href="QUE_194347.xml"/>
    </resource>
  </resources>
</manifest>
