<?xml version="1.0" encoding="UTF-8"?><questestinterop xmlns="http://www.wiley.com/namespaces/wiley/qti" xmlns:ext="http://www.wiley.com/namespaces/wiley/qti/ext" xmlns:mml="http://www.w3.org/1998/Math/MathML" xmlns:wiley="http://www.wiley.com/namespaces/wiley/wiley" xmlns:wileyml="http://www.wiley.com/namespaces/wiley" ext:guid="974e0944-7b3b-4003-9bc2-1f5a28c40b30" xml:id="fc845256.DataPlSG.032">
<wileyml:revisionGroup>
<wileyml:revision agent="Lumina" date="2022-02-25" severity="major" type="created"/>
</wileyml:revisionGroup>
<item ext:type="14" ident="item-0001">
<itemmetadata>
<qmd_computerscored>Yes</qmd_computerscored>
<qmd_feedbackpermitted>Yes</qmd_feedbackpermitted>
<qmd_scoringpermitted>Yes</qmd_scoringpermitted>
<qmd_toolvendor>John Wiley and Sons Inc.</qmd_toolvendor>
<qmd_solutionspermitted>Yes</qmd_solutionspermitted>
</itemmetadata>
<presentation>
<wileyml:p>What type of relationship does this symbol represent?</wileyml:p>
<wileyml:p><wileyml:blockFixed type="graphic">
<wileyml:mediaResource alt="A symbol consists of a circle drawn on a horizontal line. The length of the horizontal line on the left of the circle is greater than that of the length on the right. A line slopes upward to the right from a point, where the right edge of the circle intersects the horizontal line. Another line slopes downward to the right from the same point on the horizontal line." href="urn:x-wiley::media:fc845256.DataPlSG.032:fc845256.DataPlSG.032-f001"/>
</wileyml:blockFixed></wileyml:p>
<response_lid ident="fc845256.DataPlSG.032">
<render_choice>
<response_label ident="fc845256.DataPlSG.032_01">
<wileyml:p>Optional relationship, potentially many instances</wileyml:p>
</response_label>
</render_choice>
</response_lid>
</presentation>
<resprocessing>
<outcomes>
<decvar varname="REALSCORE"/>
</outcomes>
<respcondition>
<qticomment>Correct answer</qticomment>
<conditionvar>
<varequal respident="fc845256.DataPlSG.032">fc845256.DataPlSG.032_01</varequal>
</conditionvar>
<setvar action="Add" varname="REALSCORE">1</setvar>
</respcondition>
</resprocessing>
</item>
</questestinterop>