<?xml version="1.0" encoding="UTF-8"?><questestinterop xmlns="http://www.wiley.com/namespaces/wiley/qti" xmlns:ext="http://www.wiley.com/namespaces/wiley/qti/ext" xmlns:mml="http://www.w3.org/1998/Math/MathML" xmlns:wiley="http://www.wiley.com/namespaces/wiley/wiley" xmlns:wileyml="http://www.wiley.com/namespaces/wiley" ext:guid="bad400be-17c2-433f-88fa-d9f402c344a3" xml:id="fc773344.MSTeAdSG.034">
<wileyml:revisionGroup>
<wileyml:revision agent="Lumina" date="2021-08-25" severity="major" type="created"/>
</wileyml:revisionGroup>
<item ext:type="14" ident="item-0001">
<itemmetadata>
<qmd_computerscored>Yes</qmd_computerscored>
<qmd_feedbackpermitted>Yes</qmd_feedbackpermitted>
<qmd_scoringpermitted>Yes</qmd_scoringpermitted>
<qmd_toolvendor>John Wiley and Sons Inc.</qmd_toolvendor>
<qmd_solutionspermitted>Yes</qmd_solutionspermitted>
</itemmetadata>
<presentation>
<wileyml:p>What is the name of a feature that lets you have a channel with a different membership to the main team?</wileyml:p>
<response_lid ident="fc773344.MSTeAdSG.034">
<render_choice>
<response_label ident="fc773344.MSTeAdSG.034_01">
<wileyml:p>Private channels</wileyml:p>
</response_label>
</render_choice>
</response_lid>
</presentation>
<resprocessing>
<outcomes>
<decvar varname="REALSCORE"/>
</outcomes>
<respcondition>
<qticomment>Correct answer</qticomment>
<conditionvar>
<varequal respident="fc773344.MSTeAdSG.034">fc773344.MSTeAdSG.034_01</varequal>
</conditionvar>
<setvar action="Add" varname="REALSCORE">1</setvar>
</respcondition>
</resprocessing>
</item>
</questestinterop>