<?xml version="1.0" encoding="UTF-8"?><questestinterop xmlns="http://www.wiley.com/namespaces/wiley/qti" xmlns:ext="http://www.wiley.com/namespaces/wiley/qti/ext" xmlns:mml="http://www.w3.org/1998/Math/MathML" xmlns:wiley="http://www.wiley.com/namespaces/wiley/wiley" xmlns:wileyml="http://www.wiley.com/namespaces/wiley" ext:guid="6bd9107a-33e4-4777-9f2b-cd074cc3e7f6" xml:id="fc773344.MSTeAdSG.002">
<wileyml:revisionGroup>
<wileyml:revision agent="Lumina" date="2021-08-25" severity="major" type="created"/>
</wileyml:revisionGroup>
<item ext:type="14" ident="item-0001">
<itemmetadata>
<qmd_computerscored>Yes</qmd_computerscored>
<qmd_feedbackpermitted>Yes</qmd_feedbackpermitted>
<qmd_scoringpermitted>Yes</qmd_scoringpermitted>
<qmd_toolvendor>John Wiley and Sons Inc.</qmd_toolvendor>
<qmd_solutionspermitted>Yes</qmd_solutionspermitted>
</itemmetadata>
<presentation>
<wileyml:p>What are the main reasons to deploy Teams?</wileyml:p>
<response_lid ident="fc773344.MSTeAdSG.002">
<render_choice>
<response_label ident="fc773344.MSTeAdSG.002_01">
<wileyml:p><wileyml:list style="plain">
<wileyml:listItem>Improve collaboration</wileyml:listItem>
<wileyml:listItem>Flexible working</wileyml:listItem>
<wileyml:listItem>Consolidation of tooling</wileyml:listItem>
<wileyml:listItem>Reduce expenditure</wileyml:listItem>
<wileyml:listItem>Simplify management</wileyml:listItem>
</wileyml:list></wileyml:p>
</response_label>
</render_choice>
</response_lid>
</presentation>
<resprocessing>
<outcomes>
<decvar varname="REALSCORE"/>
</outcomes>
<respcondition>
<qticomment>Correct answer</qticomment>
<conditionvar>
<varequal respident="fc773344.MSTeAdSG.002">fc773344.MSTeAdSG.002_01</varequal>
</conditionvar>
<setvar action="Add" varname="REALSCORE">1</setvar>
</respcondition>
</resprocessing>
</item>
</questestinterop>