<?xml version="1.0" encoding="UTF-8"?><questestinterop xmlns="http://www.wiley.com/namespaces/wiley/qti" xmlns:ext="http://www.wiley.com/namespaces/wiley/qti/ext" xmlns:mml="http://www.w3.org/1998/Math/MathML" xmlns:wiley="http://www.wiley.com/namespaces/wiley/wiley" xmlns:wileyml="http://www.wiley.com/namespaces/wiley" ext:guid="72d79b86-eb95-4196-831d-7d7f9887b08e" xml:id="fc872924.AzNetEngSG.055">
<wileyml:revisionGroup>
<wileyml:revision agent="Lumina" date="2022-08-27" severity="major" type="created"/>
</wileyml:revisionGroup>
<item ext:type="14" ident="item-0001">
<itemmetadata>
<qmd_computerscored>Yes</qmd_computerscored>
<qmd_feedbackpermitted>Yes</qmd_feedbackpermitted>
<qmd_scoringpermitted>Yes</qmd_scoringpermitted>
<qmd_toolvendor>John Wiley and Sons Inc.</qmd_toolvendor>
<qmd_solutionspermitted>Yes</qmd_solutionspermitted>
</itemmetadata>
<presentation>
<wileyml:p>TRUE or FALSE: Azure networks can combine multiple traffic‐routing methods by nesting Traffic Manager profiles to reap the benefits of multiple traffic‐routing methods.</wileyml:p>
<response_lid ident="fc872924.AzNetEngSG.055">
<render_choice>
<response_label ident="fc872924.AzNetEngSG.055_01">
<wileyml:p><wileyml:b>TRUE:</wileyml:b> A single Traffic Manager profile may not be able to handle all scenarios. You can use nested Traffic Manager profiles to combine traffic routing methods to benefit from multiple traffic‐routing ways. You can create nested profiles to override the default Traffic Manager behavior, so they can support more extensive and complex traffic routing configurations for cloud consumer applications.</wileyml:p>
</response_label>
</render_choice>
</response_lid>
</presentation>
<resprocessing>
<outcomes>
<decvar varname="REALSCORE"/>
</outcomes>
<respcondition>
<qticomment>Correct answer</qticomment>
<conditionvar>
<varequal respident="fc872924.AzNetEngSG.055">fc872924.AzNetEngSG.055_01</varequal>
</conditionvar>
<setvar action="Add" varname="REALSCORE">1</setvar>
</respcondition>
</resprocessing>
</item>
</questestinterop>