<?xml version="1.0" encoding="UTF-8"?><questestinterop xmlns="http://www.wiley.com/namespaces/wiley/qti" xmlns:ext="http://www.wiley.com/namespaces/wiley/qti/ext" xmlns:mml="http://www.w3.org/1998/Math/MathML" xmlns:wiley="http://www.wiley.com/namespaces/wiley/wiley" xmlns:wileyml="http://www.wiley.com/namespaces/wiley" ext:guid="bd7b6a1f-e1fc-41d6-8db7-5898425bf9b2" xml:id="fc872924.AzNetEngSG.015">
<wileyml:revisionGroup>
<wileyml:revision agent="Lumina" date="2022-08-27" severity="major" type="created"/>
</wileyml:revisionGroup>
<item ext:type="14" ident="item-0001">
<itemmetadata>
<qmd_computerscored>Yes</qmd_computerscored>
<qmd_feedbackpermitted>Yes</qmd_feedbackpermitted>
<qmd_scoringpermitted>Yes</qmd_scoringpermitted>
<qmd_toolvendor>John Wiley and Sons Inc.</qmd_toolvendor>
<qmd_solutionspermitted>Yes</qmd_solutionspermitted>
</itemmetadata>
<presentation>
<wileyml:p>TRUE or FALSE: An Azure VPN can set up connections between Azure internal networks.</wileyml:p>
<response_lid ident="fc872924.AzNetEngSG.015">
<render_choice>
<response_label ident="fc872924.AzNetEngSG.015_01">
<wileyml:p><wileyml:b>TRUE:</wileyml:b> VPNs can be used to set up connectivity between internal Azure networks as well. Various configurations options are available within Azure to achieve this configuration.</wileyml:p>
</response_label>
</render_choice>
</response_lid>
</presentation>
<resprocessing>
<outcomes>
<decvar varname="REALSCORE"/>
</outcomes>
<respcondition>
<qticomment>Correct answer</qticomment>
<conditionvar>
<varequal respident="fc872924.AzNetEngSG.015">fc872924.AzNetEngSG.015_01</varequal>
</conditionvar>
<setvar action="Add" varname="REALSCORE">1</setvar>
</respcondition>
</resprocessing>
</item>
</questestinterop>