<?xml version="1.0" encoding="UTF-8"?><questestinterop xmlns="http://www.wiley.com/namespaces/wiley/qti" xmlns:ext="http://www.wiley.com/namespaces/wiley/qti/ext" xmlns:mml="http://www.w3.org/1998/Math/MathML" xmlns:wiley="http://www.wiley.com/namespaces/wiley/wiley" xmlns:wileyml="http://www.wiley.com/namespaces/wiley" ext:guid="bdbc557b-ba0f-4c13-a397-0acd6cb619f2" xml:id="fc872924.AzNetEngSG.024">
<wileyml:revisionGroup>
<wileyml:revision agent="Lumina" date="2022-08-27" severity="major" type="created"/>
</wileyml:revisionGroup>
<item ext:type="14" ident="item-0001">
<itemmetadata>
<qmd_computerscored>Yes</qmd_computerscored>
<qmd_feedbackpermitted>Yes</qmd_feedbackpermitted>
<qmd_scoringpermitted>Yes</qmd_scoringpermitted>
<qmd_toolvendor>John Wiley and Sons Inc.</qmd_toolvendor>
<qmd_solutionspermitted>Yes</qmd_solutionspermitted>
</itemmetadata>
<presentation>
<wileyml:p>TRUE or FALSE: Azure VPN is the right choice to connect Azure and Microsoft 365 services.</wileyml:p>
<response_lid ident="fc872924.AzNetEngSG.024">
<render_choice>
<response_label ident="fc872924.AzNetEngSG.024_01">
<wileyml:p><wileyml:b>FLASE:</wileyml:b> Microsoft 365 services are available through the Internet. You can also connect to Azure PaaS services from Microsoft 365 services through peering. Azure PaaS services and Microsoft 365 services are connected by Microsoft peering. The Microsoft peering routing domain allows bidirectional connectivity between cloud consumer WANs and Microsoft cloud services. To access Microsoft cloud services, cloud consumers must use public IP addresses owned or controlled by the cloud consumers or by their connectivity providers. They should also adhere to all cloud service regulations.</wileyml:p>
</response_label>
</render_choice>
</response_lid>
</presentation>
<resprocessing>
<outcomes>
<decvar varname="REALSCORE"/>
</outcomes>
<respcondition>
<qticomment>Correct answer</qticomment>
<conditionvar>
<varequal respident="fc872924.AzNetEngSG.024">fc872924.AzNetEngSG.024_01</varequal>
</conditionvar>
<setvar action="Add" varname="REALSCORE">1</setvar>
</respcondition>
</resprocessing>
</item>
</questestinterop>