<?xml version="1.0" encoding="UTF-8"?><questestinterop xmlns="http://www.wiley.com/namespaces/wiley/qti" xmlns:ext="http://www.wiley.com/namespaces/wiley/qti/ext" xmlns:mml="http://www.w3.org/1998/Math/MathML" xmlns:wiley="http://www.wiley.com/namespaces/wiley/wiley" xmlns:wileyml="http://www.wiley.com/namespaces/wiley" ext:guid="def11bc9-5df5-4fa8-b280-03b438e43a59" xml:id="fc872924.AzNetEngSG.026">
<wileyml:revisionGroup>
<wileyml:revision agent="Lumina" date="2022-08-27" severity="major" type="created"/>
</wileyml:revisionGroup>
<item ext:type="14" ident="item-0001">
<itemmetadata>
<qmd_computerscored>Yes</qmd_computerscored>
<qmd_feedbackpermitted>Yes</qmd_feedbackpermitted>
<qmd_scoringpermitted>Yes</qmd_scoringpermitted>
<qmd_toolvendor>John Wiley and Sons Inc.</qmd_toolvendor>
<qmd_solutionspermitted>Yes</qmd_solutionspermitted>
</itemmetadata>
<presentation>
<wileyml:p>TRUE or FALSE: Enabling peering between Azure public endpoints is an essential first step for customers to access Azure public PaaS and infrastructure services.</wileyml:p>
<response_lid ident="fc872924.AzNetEngSG.026">
<render_choice>
<response_label ident="fc872924.AzNetEngSG.026_01">
<wileyml:p><wileyml:b>TRUE:</wileyml:b> The following items must be in place before cloud consumers can connect to Azure services and infrastructure services:<wileyml:list style="bulleted"><wileyml:listItem>Peering between Azure public endpoints is enabled.</wileyml:listItem><wileyml:listItem>Each subnet requiring Internet connectivity can be connected to the cloud by using user‐defined routing.</wileyml:listItem><wileyml:listItem>Peering paths with Microsoft with routes tagged with appropriate community values will be advertised publicly by Microsoft. Microsoft, however, will not honor any community values tagged to routes advertised to Microsoft.</wileyml:listItem></wileyml:list></wileyml:p>
</response_label>
</render_choice>
</response_lid>
</presentation>
<resprocessing>
<outcomes>
<decvar varname="REALSCORE"/>
</outcomes>
<respcondition>
<qticomment>Correct answer</qticomment>
<conditionvar>
<varequal respident="fc872924.AzNetEngSG.026">fc872924.AzNetEngSG.026_01</varequal>
</conditionvar>
<setvar action="Add" varname="REALSCORE">1</setvar>
</respcondition>
</resprocessing>
</item>
</questestinterop>