<?xml version="1.0" encoding="UTF-8"?><questestinterop xmlns="http://www.wiley.com/namespaces/wiley/qti" xmlns:ext="http://www.wiley.com/namespaces/wiley/qti/ext" xmlns:mml="http://www.w3.org/1998/Math/MathML" xmlns:wiley="http://www.wiley.com/namespaces/wiley/wiley" xmlns:wileyml="http://www.wiley.com/namespaces/wiley" ext:guid="26396d84-dc4e-4d38-9f5b-102ebb3a00dc" xml:id="fc872924.AzNetEngSG.037">
<wileyml:revisionGroup>
<wileyml:revision agent="Lumina" date="2022-08-27" severity="major" type="created"/>
</wileyml:revisionGroup>
<item ext:type="14" ident="item-0001">
<itemmetadata>
<qmd_computerscored>Yes</qmd_computerscored>
<qmd_feedbackpermitted>Yes</qmd_feedbackpermitted>
<qmd_scoringpermitted>Yes</qmd_scoringpermitted>
<qmd_toolvendor>John Wiley and Sons Inc.</qmd_toolvendor>
<qmd_solutionspermitted>Yes</qmd_solutionspermitted>
</itemmetadata>
<presentation>
<wileyml:p>TRUE or FALSE: Azure supports Layer 2 semantics and VNets are Layer 3 overlays.</wileyml:p>
<response_lid ident="fc872924.AzNetEngSG.037">
<render_choice>
<response_label ident="fc872924.AzNetEngSG.037_01">
<wileyml:p><wileyml:b>FALSE:</wileyml:b> Azure doesn’t support Layer 2 semantics.</wileyml:p>
</response_label>
</render_choice>
</response_lid>
</presentation>
<resprocessing>
<outcomes>
<decvar varname="REALSCORE"/>
</outcomes>
<respcondition>
<qticomment>Correct answer</qticomment>
<conditionvar>
<varequal respident="fc872924.AzNetEngSG.037">fc872924.AzNetEngSG.037_01</varequal>
</conditionvar>
<setvar action="Add" varname="REALSCORE">1</setvar>
</respcondition>
</resprocessing>
</item>
</questestinterop>