<?xml version="1.0" encoding="UTF-8"?>
<manifest xmlns="http://www.imsglobal.org/xsd/imscp_v1p1" xmlns:imsmd="http://ltsc.ieee.org/xsd/LOM" xmlns:imsqti="http://www.imsglobal.org/xsd/imsqti_metadata_v2p1" xmlns:xsi="http://www.w3.org/2001/XMLSchema-instance" identifier="MANIFEST-QTI-DP20150709" xsi:schemaLocation="http://www.imsglobal.org/xsd/imscp_v1p1 http://www.imsglobal.org/xsd/qti/qtiv2p1/qtiv2p1_imscpv1p2_v1p0.xsd http://www.imsglobal.org/xsd/imsqti_metadata_v2p1 http://www.imsglobal.org/xsd/qti/qtiv2p1/imsqti_metadata_v2p1p1.xsd http://ltsc.ieee.org/xsd/LOM http://www.imsglobal.org/xsd/imsmd_loose_v1p3p2.xsd">
  <metadata>
    <schema>QTIv2.1 Item Bank Package</schema>
    <schemaversion>1.0.0</schemaversion>
  </metadata>
  <organizations/>
  <resources>
    <resource identifier="QUE_219408" type="imsqti_item_xmlv2p1" href="QUE_219408.xml">
      <metadata>
        <imsqti:qtiMetadata>
          <imsqti:interactionType>choiceInteraction</imsqti:interactionType>
        </imsqti:qtiMetadata>
        <imsmd:lom>
          <imsmd:general>
            <imsmd:identifier>
              <imsmd:entry>QUE_219408</imsmd:entry>
            </imsmd:identifier>
          </imsmd:general>
          <imsmd:metaMetadata>
            <imsmd:identifier>
              <imsmd:catalog>Question Type</imsmd:catalog>
              <imsmd:entry>Flashcard</imsmd:entry>
            </imsmd:identifier>
            <imsmd:identifier>
              <imsmd:catalog>Topic</imsmd:catalog>
              <imsmd:entry>Math</imsmd:entry>
            </imsmd:identifier>
          </imsmd:metaMetadata>
        </imsmd:lom>
      </metadata>
      <file href="QUE_219408.xml"/>
    </resource>
    <resource identifier="QUE_219409" type="imsqti_item_xmlv2p1" href="QUE_219409.xml">
      <metadata>
        <imsqti:qtiMetadata>
          <imsqti:interactionType>choiceInteraction</imsqti:interactionType>
        </imsqti:qtiMetadata>
        <imsmd:lom>
          <imsmd:general>
            <imsmd:identifier>
              <imsmd:entry>QUE_219409</imsmd:entry>
            </imsmd:identifier>
          </imsmd:general>
          <imsmd:metaMetadata>
            <imsmd:identifier>
              <imsmd:catalog>Question Type</imsmd:catalog>
              <imsmd:entry>Flashcard</imsmd:entry>
            </imsmd:identifier>
            <imsmd:identifier>
              <imsmd:catalog>Topic</imsmd:catalog>
              <imsmd:entry>Math</imsmd:entry>
            </imsmd:identifier>
          </imsmd:metaMetadata>
        </imsmd:lom>
      </metadata>
      <file href="QUE_219409.xml"/>
      <file href="media/media911532_eqfc010011539668576.png"/>
    </resource>
    <resource identifier="QUE_219410" type="imsqti_item_xmlv2p1" href="QUE_219410.xml">
      <metadata>
        <imsqti:qtiMetadata>
          <imsqti:interactionType>choiceInteraction</imsqti:interactionType>
        </imsqti:qtiMetadata>
        <imsmd:lom>
          <imsmd:general>
            <imsmd:identifier>
              <imsmd:entry>QUE_219410</imsmd:entry>
            </imsmd:identifier>
          </imsmd:general>
          <imsmd:metaMetadata>
            <imsmd:identifier>
              <imsmd:catalog>Question Type</imsmd:catalog>
              <imsmd:entry>Flashcard</imsmd:entry>
            </imsmd:identifier>
            <imsmd:identifier>
              <imsmd:catalog>Topic</imsmd:catalog>
              <imsmd:entry>Math</imsmd:entry>
            </imsmd:identifier>
          </imsmd:metaMetadata>
        </imsmd:lom>
      </metadata>
      <file href="QUE_219410.xml"/>
      <file href="media/media911532_eqfc010021539669191.png"/>
    </resource>
    <resource identifier="QUE_219411" type="imsqti_item_xmlv2p1" href="QUE_219411.xml">
      <metadata>
        <imsqti:qtiMetadata>
          <imsqti:interactionType>choiceInteraction</imsqti:interactionType>
        </imsqti:qtiMetadata>
        <imsmd:lom>
          <imsmd:general>
            <imsmd:identifier>
              <imsmd:entry>QUE_219411</imsmd:entry>
            </imsmd:identifier>
          </imsmd:general>
          <imsmd:metaMetadata>
            <imsmd:identifier>
              <imsmd:catalog>Question Type</imsmd:catalog>
              <imsmd:entry>Flashcard</imsmd:entry>
            </imsmd:identifier>
            <imsmd:identifier>
              <imsmd:catalog>Topic</imsmd:catalog>
              <imsmd:entry>Math</imsmd:entry>
            </imsmd:identifier>
          </imsmd:metaMetadata>
        </imsmd:lom>
      </metadata>
      <file href="QUE_219411.xml"/>
    </resource>
    <resource identifier="QUE_219412" type="imsqti_item_xmlv2p1" href="QUE_219412.xml">
      <metadata>
        <imsqti:qtiMetadata>
          <imsqti:interactionType>choiceInteraction</imsqti:interactionType>
        </imsqti:qtiMetadata>
        <imsmd:lom>
          <imsmd:general>
            <imsmd:identifier>
              <imsmd:entry>QUE_219412</imsmd:entry>
            </imsmd:identifier>
          </imsmd:general>
          <imsmd:metaMetadata>
            <imsmd:identifier>
              <imsmd:catalog>Question Type</imsmd:catalog>
              <imsmd:entry>Flashcard</imsmd:entry>
            </imsmd:identifier>
            <imsmd:identifier>
              <imsmd:catalog>Topic</imsmd:catalog>
              <imsmd:entry>Math</imsmd:entry>
            </imsmd:identifier>
          </imsmd:metaMetadata>
        </imsmd:lom>
      </metadata>
      <file href="QUE_219412.xml"/>
      <file href="media/media911532_eqfc010031539670007.png"/>
    </resource>
    <resource identifier="QUE_219413" type="imsqti_item_xmlv2p1" href="QUE_219413.xml">
      <metadata>
        <imsqti:qtiMetadata>
          <imsqti:interactionType>choiceInteraction</imsqti:interactionType>
        </imsqti:qtiMetadata>
        <imsmd:lom>
          <imsmd:general>
            <imsmd:identifier>
              <imsmd:entry>QUE_219413</imsmd:entry>
            </imsmd:identifier>
          </imsmd:general>
          <imsmd:metaMetadata>
            <imsmd:identifier>
              <imsmd:catalog>Question Type</imsmd:catalog>
              <imsmd:entry>Flashcard</imsmd:entry>
            </imsmd:identifier>
            <imsmd:identifier>
              <imsmd:catalog>Topic</imsmd:catalog>
              <imsmd:entry>Math</imsmd:entry>
            </imsmd:identifier>
          </imsmd:metaMetadata>
        </imsmd:lom>
      </metadata>
      <file href="QUE_219413.xml"/>
      <file href="media/media911532_eqfc010041539668576.png"/>
    </resource>
    <resource identifier="QUE_219414" type="imsqti_item_xmlv2p1" href="QUE_219414.xml">
      <metadata>
        <imsqti:qtiMetadata>
          <imsqti:interactionType>choiceInteraction</imsqti:interactionType>
        </imsqti:qtiMetadata>
        <imsmd:lom>
          <imsmd:general>
            <imsmd:identifier>
              <imsmd:entry>QUE_219414</imsmd:entry>
            </imsmd:identifier>
          </imsmd:general>
          <imsmd:metaMetadata>
            <imsmd:identifier>
              <imsmd:catalog>Question Type</imsmd:catalog>
              <imsmd:entry>Flashcard</imsmd:entry>
            </imsmd:identifier>
            <imsmd:identifier>
              <imsmd:catalog>Topic</imsmd:catalog>
              <imsmd:entry>Math</imsmd:entry>
            </imsmd:identifier>
          </imsmd:metaMetadata>
        </imsmd:lom>
      </metadata>
      <file href="QUE_219414.xml"/>
    </resource>
    <resource identifier="QUE_219415" type="imsqti_item_xmlv2p1" href="QUE_219415.xml">
      <metadata>
        <imsqti:qtiMetadata>
          <imsqti:interactionType>choiceInteraction</imsqti:interactionType>
        </imsqti:qtiMetadata>
        <imsmd:lom>
          <imsmd:general>
            <imsmd:identifier>
              <imsmd:entry>QUE_219415</imsmd:entry>
            </imsmd:identifier>
          </imsmd:general>
          <imsmd:metaMetadata>
            <imsmd:identifier>
              <imsmd:catalog>Question Type</imsmd:catalog>
              <imsmd:entry>Flashcard</imsmd:entry>
            </imsmd:identifier>
            <imsmd:identifier>
              <imsmd:catalog>Topic</imsmd:catalog>
              <imsmd:entry>Math</imsmd:entry>
            </imsmd:identifier>
          </imsmd:metaMetadata>
        </imsmd:lom>
      </metadata>
      <file href="QUE_219415.xml"/>
    </resource>
    <resource identifier="QUE_219416" type="imsqti_item_xmlv2p1" href="QUE_219416.xml">
      <metadata>
        <imsqti:qtiMetadata>
          <imsqti:interactionType>choiceInteraction</imsqti:interactionType>
        </imsqti:qtiMetadata>
        <imsmd:lom>
          <imsmd:general>
            <imsmd:identifier>
              <imsmd:entry>QUE_219416</imsmd:entry>
            </imsmd:identifier>
          </imsmd:general>
          <imsmd:metaMetadata>
            <imsmd:identifier>
              <imsmd:catalog>Question Type</imsmd:catalog>
              <imsmd:entry>Flashcard</imsmd:entry>
            </imsmd:identifier>
            <imsmd:identifier>
              <imsmd:catalog>Topic</imsmd:catalog>
              <imsmd:entry>Math</imsmd:entry>
            </imsmd:identifier>
          </imsmd:metaMetadata>
        </imsmd:lom>
      </metadata>
      <file href="QUE_219416.xml"/>
      <file href="media/media911532_eqfc010051539668577.png"/>
    </resource>
    <resource identifier="QUE_219417" type="imsqti_item_xmlv2p1" href="QUE_219417.xml">
      <metadata>
        <imsqti:qtiMetadata>
          <imsqti:interactionType>choiceInteraction</imsqti:interactionType>
        </imsqti:qtiMetadata>
        <imsmd:lom>
          <imsmd:general>
            <imsmd:identifier>
              <imsmd:entry>QUE_219417</imsmd:entry>
            </imsmd:identifier>
          </imsmd:general>
          <imsmd:metaMetadata>
            <imsmd:identifier>
              <imsmd:catalog>Question Type</imsmd:catalog>
              <imsmd:entry>Flashcard</imsmd:entry>
            </imsmd:identifier>
            <imsmd:identifier>
              <imsmd:catalog>Topic</imsmd:catalog>
              <imsmd:entry>Math</imsmd:entry>
            </imsmd:identifier>
          </imsmd:metaMetadata>
        </imsmd:lom>
      </metadata>
      <file href="QUE_219417.xml"/>
    </resource>
    <resource identifier="QUE_219418" type="imsqti_item_xmlv2p1" href="QUE_219418.xml">
      <metadata>
        <imsqti:qtiMetadata>
          <imsqti:interactionType>choiceInteraction</imsqti:interactionType>
        </imsqti:qtiMetadata>
        <imsmd:lom>
          <imsmd:general>
            <imsmd:identifier>
              <imsmd:entry>QUE_219418</imsmd:entry>
            </imsmd:identifier>
          </imsmd:general>
          <imsmd:metaMetadata>
            <imsmd:identifier>
              <imsmd:catalog>Question Type</imsmd:catalog>
              <imsmd:entry>Flashcard</imsmd:entry>
            </imsmd:identifier>
            <imsmd:identifier>
              <imsmd:catalog>Topic</imsmd:catalog>
              <imsmd:entry>Math</imsmd:entry>
            </imsmd:identifier>
          </imsmd:metaMetadata>
        </imsmd:lom>
      </metadata>
      <file href="QUE_219418.xml"/>
    </resource>
    <resource identifier="QUE_219419" type="imsqti_item_xmlv2p1" href="QUE_219419.xml">
      <metadata>
        <imsqti:qtiMetadata>
          <imsqti:interactionType>choiceInteraction</imsqti:interactionType>
        </imsqti:qtiMetadata>
        <imsmd:lom>
          <imsmd:general>
            <imsmd:identifier>
              <imsmd:entry>QUE_219419</imsmd:entry>
            </imsmd:identifier>
          </imsmd:general>
          <imsmd:metaMetadata>
            <imsmd:identifier>
              <imsmd:catalog>Question Type</imsmd:catalog>
              <imsmd:entry>Flashcard</imsmd:entry>
            </imsmd:identifier>
            <imsmd:identifier>
              <imsmd:catalog>Topic</imsmd:catalog>
              <imsmd:entry>Math</imsmd:entry>
            </imsmd:identifier>
          </imsmd:metaMetadata>
        </imsmd:lom>
      </metadata>
      <file href="QUE_219419.xml"/>
      <file href="media/media911532_eqfc010061539668577.png"/>
    </resource>
    <resource identifier="QUE_219420" type="imsqti_item_xmlv2p1" href="QUE_219420.xml">
      <metadata>
        <imsqti:qtiMetadata>
          <imsqti:interactionType>choiceInteraction</imsqti:interactionType>
        </imsqti:qtiMetadata>
        <imsmd:lom>
          <imsmd:general>
            <imsmd:identifier>
              <imsmd:entry>QUE_219420</imsmd:entry>
            </imsmd:identifier>
          </imsmd:general>
          <imsmd:metaMetadata>
            <imsmd:identifier>
              <imsmd:catalog>Question Type</imsmd:catalog>
              <imsmd:entry>Flashcard</imsmd:entry>
            </imsmd:identifier>
            <imsmd:identifier>
              <imsmd:catalog>Topic</imsmd:catalog>
              <imsmd:entry>Math</imsmd:entry>
            </imsmd:identifier>
          </imsmd:metaMetadata>
        </imsmd:lom>
      </metadata>
      <file href="QUE_219420.xml"/>
      <file href="media/media911532_eqfc010071539668578.png"/>
    </resource>
    <resource identifier="QUE_219421" type="imsqti_item_xmlv2p1" href="QUE_219421.xml">
      <metadata>
        <imsqti:qtiMetadata>
          <imsqti:interactionType>choiceInteraction</imsqti:interactionType>
        </imsqti:qtiMetadata>
        <imsmd:lom>
          <imsmd:general>
            <imsmd:identifier>
              <imsmd:entry>QUE_219421</imsmd:entry>
            </imsmd:identifier>
          </imsmd:general>
          <imsmd:metaMetadata>
            <imsmd:identifier>
              <imsmd:catalog>Question Type</imsmd:catalog>
              <imsmd:entry>Flashcard</imsmd:entry>
            </imsmd:identifier>
            <imsmd:identifier>
              <imsmd:catalog>Topic</imsmd:catalog>
              <imsmd:entry>Math</imsmd:entry>
            </imsmd:identifier>
          </imsmd:metaMetadata>
        </imsmd:lom>
      </metadata>
      <file href="QUE_219421.xml"/>
      <file href="media/media911532_eqfc010081539668578.png"/>
    </resource>
    <resource identifier="QUE_219422" type="imsqti_item_xmlv2p1" href="QUE_219422.xml">
      <metadata>
        <imsqti:qtiMetadata>
          <imsqti:interactionType>choiceInteraction</imsqti:interactionType>
        </imsqti:qtiMetadata>
        <imsmd:lom>
          <imsmd:general>
            <imsmd:identifier>
              <imsmd:entry>QUE_219422</imsmd:entry>
            </imsmd:identifier>
          </imsmd:general>
          <imsmd:metaMetadata>
            <imsmd:identifier>
              <imsmd:catalog>Question Type</imsmd:catalog>
              <imsmd:entry>Flashcard</imsmd:entry>
            </imsmd:identifier>
            <imsmd:identifier>
              <imsmd:catalog>Topic</imsmd:catalog>
              <imsmd:entry>Math</imsmd:entry>
            </imsmd:identifier>
          </imsmd:metaMetadata>
        </imsmd:lom>
      </metadata>
      <file href="QUE_219422.xml"/>
      <file href="media/media911532_eqfc010091539668579.png"/>
    </resource>
    <resource identifier="QUE_219423" type="imsqti_item_xmlv2p1" href="QUE_219423.xml">
      <metadata>
        <imsqti:qtiMetadata>
          <imsqti:interactionType>choiceInteraction</imsqti:interactionType>
        </imsqti:qtiMetadata>
        <imsmd:lom>
          <imsmd:general>
            <imsmd:identifier>
              <imsmd:entry>QUE_219423</imsmd:entry>
            </imsmd:identifier>
          </imsmd:general>
          <imsmd:metaMetadata>
            <imsmd:identifier>
              <imsmd:catalog>Question Type</imsmd:catalog>
              <imsmd:entry>Flashcard</imsmd:entry>
            </imsmd:identifier>
            <imsmd:identifier>
              <imsmd:catalog>Topic</imsmd:catalog>
              <imsmd:entry>Math</imsmd:entry>
            </imsmd:identifier>
          </imsmd:metaMetadata>
        </imsmd:lom>
      </metadata>
      <file href="QUE_219423.xml"/>
    </resource>
    <resource identifier="QUE_219424" type="imsqti_item_xmlv2p1" href="QUE_219424.xml">
      <metadata>
        <imsqti:qtiMetadata>
          <imsqti:interactionType>choiceInteraction</imsqti:interactionType>
        </imsqti:qtiMetadata>
        <imsmd:lom>
          <imsmd:general>
            <imsmd:identifier>
              <imsmd:entry>QUE_219424</imsmd:entry>
            </imsmd:identifier>
          </imsmd:general>
          <imsmd:metaMetadata>
            <imsmd:identifier>
              <imsmd:catalog>Question Type</imsmd:catalog>
              <imsmd:entry>Flashcard</imsmd:entry>
            </imsmd:identifier>
            <imsmd:identifier>
              <imsmd:catalog>Topic</imsmd:catalog>
              <imsmd:entry>Math</imsmd:entry>
            </imsmd:identifier>
          </imsmd:metaMetadata>
        </imsmd:lom>
      </metadata>
      <file href="QUE_219424.xml"/>
    </resource>
    <resource identifier="QUE_219425" type="imsqti_item_xmlv2p1" href="QUE_219425.xml">
      <metadata>
        <imsqti:qtiMetadata>
          <imsqti:interactionType>choiceInteraction</imsqti:interactionType>
        </imsqti:qtiMetadata>
        <imsmd:lom>
          <imsmd:general>
            <imsmd:identifier>
              <imsmd:entry>QUE_219425</imsmd:entry>
            </imsmd:identifier>
          </imsmd:general>
          <imsmd:metaMetadata>
            <imsmd:identifier>
              <imsmd:catalog>Question Type</imsmd:catalog>
              <imsmd:entry>Flashcard</imsmd:entry>
            </imsmd:identifier>
            <imsmd:identifier>
              <imsmd:catalog>Topic</imsmd:catalog>
              <imsmd:entry>Math</imsmd:entry>
            </imsmd:identifier>
          </imsmd:metaMetadata>
        </imsmd:lom>
      </metadata>
      <file href="QUE_219425.xml"/>
      <file href="media/media911532_eqfc010101539668579.png"/>
    </resource>
    <resource identifier="QUE_219426" type="imsqti_item_xmlv2p1" href="QUE_219426.xml">
      <metadata>
        <imsqti:qtiMetadata>
          <imsqti:interactionType>choiceInteraction</imsqti:interactionType>
        </imsqti:qtiMetadata>
        <imsmd:lom>
          <imsmd:general>
            <imsmd:identifier>
              <imsmd:entry>QUE_219426</imsmd:entry>
            </imsmd:identifier>
          </imsmd:general>
          <imsmd:metaMetadata>
            <imsmd:identifier>
              <imsmd:catalog>Question Type</imsmd:catalog>
              <imsmd:entry>Flashcard</imsmd:entry>
            </imsmd:identifier>
            <imsmd:identifier>
              <imsmd:catalog>Topic</imsmd:catalog>
              <imsmd:entry>Math</imsmd:entry>
            </imsmd:identifier>
          </imsmd:metaMetadata>
        </imsmd:lom>
      </metadata>
      <file href="QUE_219426.xml"/>
      <file href="media/media911532_eqfc010111539668579.png"/>
    </resource>
    <resource identifier="QUE_219427" type="imsqti_item_xmlv2p1" href="QUE_219427.xml">
      <metadata>
        <imsqti:qtiMetadata>
          <imsqti:interactionType>choiceInteraction</imsqti:interactionType>
        </imsqti:qtiMetadata>
        <imsmd:lom>
          <imsmd:general>
            <imsmd:identifier>
              <imsmd:entry>QUE_219427</imsmd:entry>
            </imsmd:identifier>
          </imsmd:general>
          <imsmd:metaMetadata>
            <imsmd:identifier>
              <imsmd:catalog>Question Type</imsmd:catalog>
              <imsmd:entry>Flashcard</imsmd:entry>
            </imsmd:identifier>
            <imsmd:identifier>
              <imsmd:catalog>Topic</imsmd:catalog>
              <imsmd:entry>Math</imsmd:entry>
            </imsmd:identifier>
          </imsmd:metaMetadata>
        </imsmd:lom>
      </metadata>
      <file href="QUE_219427.xml"/>
      <file href="media/media911532_eqfc010121539668579.png"/>
    </resource>
    <resource identifier="QUE_219428" type="imsqti_item_xmlv2p1" href="QUE_219428.xml">
      <metadata>
        <imsqti:qtiMetadata>
          <imsqti:interactionType>choiceInteraction</imsqti:interactionType>
        </imsqti:qtiMetadata>
        <imsmd:lom>
          <imsmd:general>
            <imsmd:identifier>
              <imsmd:entry>QUE_219428</imsmd:entry>
            </imsmd:identifier>
          </imsmd:general>
          <imsmd:metaMetadata>
            <imsmd:identifier>
              <imsmd:catalog>Question Type</imsmd:catalog>
              <imsmd:entry>Flashcard</imsmd:entry>
            </imsmd:identifier>
            <imsmd:identifier>
              <imsmd:catalog>Topic</imsmd:catalog>
              <imsmd:entry>Math</imsmd:entry>
            </imsmd:identifier>
          </imsmd:metaMetadata>
        </imsmd:lom>
      </metadata>
      <file href="QUE_219428.xml"/>
      <file href="media/media911532_eqfc010131539668580.png"/>
    </resource>
    <resource identifier="QUE_219429" type="imsqti_item_xmlv2p1" href="QUE_219429.xml">
      <metadata>
        <imsqti:qtiMetadata>
          <imsqti:interactionType>choiceInteraction</imsqti:interactionType>
        </imsqti:qtiMetadata>
        <imsmd:lom>
          <imsmd:general>
            <imsmd:identifier>
              <imsmd:entry>QUE_219429</imsmd:entry>
            </imsmd:identifier>
          </imsmd:general>
          <imsmd:metaMetadata>
            <imsmd:identifier>
              <imsmd:catalog>Question Type</imsmd:catalog>
              <imsmd:entry>Flashcard</imsmd:entry>
            </imsmd:identifier>
            <imsmd:identifier>
              <imsmd:catalog>Topic</imsmd:catalog>
              <imsmd:entry>Math</imsmd:entry>
            </imsmd:identifier>
          </imsmd:metaMetadata>
        </imsmd:lom>
      </metadata>
      <file href="QUE_219429.xml"/>
      <file href="media/media911532_eqfc010141539668580.png"/>
    </resource>
    <resource identifier="QUE_219430" type="imsqti_item_xmlv2p1" href="QUE_219430.xml">
      <metadata>
        <imsqti:qtiMetadata>
          <imsqti:interactionType>choiceInteraction</imsqti:interactionType>
        </imsqti:qtiMetadata>
        <imsmd:lom>
          <imsmd:general>
            <imsmd:identifier>
              <imsmd:entry>QUE_219430</imsmd:entry>
            </imsmd:identifier>
          </imsmd:general>
          <imsmd:metaMetadata>
            <imsmd:identifier>
              <imsmd:catalog>Question Type</imsmd:catalog>
              <imsmd:entry>Flashcard</imsmd:entry>
            </imsmd:identifier>
            <imsmd:identifier>
              <imsmd:catalog>Topic</imsmd:catalog>
              <imsmd:entry>Math</imsmd:entry>
            </imsmd:identifier>
          </imsmd:metaMetadata>
        </imsmd:lom>
      </metadata>
      <file href="QUE_219430.xml"/>
    </resource>
    <resource identifier="QUE_219431" type="imsqti_item_xmlv2p1" href="QUE_219431.xml">
      <metadata>
        <imsqti:qtiMetadata>
          <imsqti:interactionType>choiceInteraction</imsqti:interactionType>
        </imsqti:qtiMetadata>
        <imsmd:lom>
          <imsmd:general>
            <imsmd:identifier>
              <imsmd:entry>QUE_219431</imsmd:entry>
            </imsmd:identifier>
          </imsmd:general>
          <imsmd:metaMetadata>
            <imsmd:identifier>
              <imsmd:catalog>Question Type</imsmd:catalog>
              <imsmd:entry>Flashcard</imsmd:entry>
            </imsmd:identifier>
            <imsmd:identifier>
              <imsmd:catalog>Topic</imsmd:catalog>
              <imsmd:entry>Math</imsmd:entry>
            </imsmd:identifier>
          </imsmd:metaMetadata>
        </imsmd:lom>
      </metadata>
      <file href="QUE_219431.xml"/>
    </resource>
    <resource identifier="QUE_219432" type="imsqti_item_xmlv2p1" href="QUE_219432.xml">
      <metadata>
        <imsqti:qtiMetadata>
          <imsqti:interactionType>choiceInteraction</imsqti:interactionType>
        </imsqti:qtiMetadata>
        <imsmd:lom>
          <imsmd:general>
            <imsmd:identifier>
              <imsmd:entry>QUE_219432</imsmd:entry>
            </imsmd:identifier>
          </imsmd:general>
          <imsmd:metaMetadata>
            <imsmd:identifier>
              <imsmd:catalog>Question Type</imsmd:catalog>
              <imsmd:entry>Flashcard</imsmd:entry>
            </imsmd:identifier>
            <imsmd:identifier>
              <imsmd:catalog>Topic</imsmd:catalog>
              <imsmd:entry>Math</imsmd:entry>
            </imsmd:identifier>
          </imsmd:metaMetadata>
        </imsmd:lom>
      </metadata>
      <file href="QUE_219432.xml"/>
    </resource>
    <resource identifier="QUE_219433" type="imsqti_item_xmlv2p1" href="QUE_219433.xml">
      <metadata>
        <imsqti:qtiMetadata>
          <imsqti:interactionType>choiceInteraction</imsqti:interactionType>
        </imsqti:qtiMetadata>
        <imsmd:lom>
          <imsmd:general>
            <imsmd:identifier>
              <imsmd:entry>QUE_219433</imsmd:entry>
            </imsmd:identifier>
          </imsmd:general>
          <imsmd:metaMetadata>
            <imsmd:identifier>
              <imsmd:catalog>Question Type</imsmd:catalog>
              <imsmd:entry>Flashcard</imsmd:entry>
            </imsmd:identifier>
            <imsmd:identifier>
              <imsmd:catalog>Topic</imsmd:catalog>
              <imsmd:entry>Math</imsmd:entry>
            </imsmd:identifier>
          </imsmd:metaMetadata>
        </imsmd:lom>
      </metadata>
      <file href="QUE_219433.xml"/>
      <file href="media/media911532_eqfc010151539668580.png"/>
    </resource>
    <resource identifier="QUE_219434" type="imsqti_item_xmlv2p1" href="QUE_219434.xml">
      <metadata>
        <imsqti:qtiMetadata>
          <imsqti:interactionType>choiceInteraction</imsqti:interactionType>
        </imsqti:qtiMetadata>
        <imsmd:lom>
          <imsmd:general>
            <imsmd:identifier>
              <imsmd:entry>QUE_219434</imsmd:entry>
            </imsmd:identifier>
          </imsmd:general>
          <imsmd:metaMetadata>
            <imsmd:identifier>
              <imsmd:catalog>Question Type</imsmd:catalog>
              <imsmd:entry>Flashcard</imsmd:entry>
            </imsmd:identifier>
            <imsmd:identifier>
              <imsmd:catalog>Topic</imsmd:catalog>
              <imsmd:entry>Math</imsmd:entry>
            </imsmd:identifier>
          </imsmd:metaMetadata>
        </imsmd:lom>
      </metadata>
      <file href="QUE_219434.xml"/>
      <file href="media/media911532_eqfc010161539668580.png"/>
    </resource>
    <resource identifier="QUE_219435" type="imsqti_item_xmlv2p1" href="QUE_219435.xml">
      <metadata>
        <imsqti:qtiMetadata>
          <imsqti:interactionType>choiceInteraction</imsqti:interactionType>
        </imsqti:qtiMetadata>
        <imsmd:lom>
          <imsmd:general>
            <imsmd:identifier>
              <imsmd:entry>QUE_219435</imsmd:entry>
            </imsmd:identifier>
          </imsmd:general>
          <imsmd:metaMetadata>
            <imsmd:identifier>
              <imsmd:catalog>Question Type</imsmd:catalog>
              <imsmd:entry>Flashcard</imsmd:entry>
            </imsmd:identifier>
            <imsmd:identifier>
              <imsmd:catalog>Topic</imsmd:catalog>
              <imsmd:entry>Math</imsmd:entry>
            </imsmd:identifier>
          </imsmd:metaMetadata>
        </imsmd:lom>
      </metadata>
      <file href="QUE_219435.xml"/>
      <file href="media/media911532_eqfc010171539668581.png"/>
    </resource>
    <resource identifier="QUE_219436" type="imsqti_item_xmlv2p1" href="QUE_219436.xml">
      <metadata>
        <imsqti:qtiMetadata>
          <imsqti:interactionType>choiceInteraction</imsqti:interactionType>
        </imsqti:qtiMetadata>
        <imsmd:lom>
          <imsmd:general>
            <imsmd:identifier>
              <imsmd:entry>QUE_219436</imsmd:entry>
            </imsmd:identifier>
          </imsmd:general>
          <imsmd:metaMetadata>
            <imsmd:identifier>
              <imsmd:catalog>Question Type</imsmd:catalog>
              <imsmd:entry>Flashcard</imsmd:entry>
            </imsmd:identifier>
            <imsmd:identifier>
              <imsmd:catalog>Topic</imsmd:catalog>
              <imsmd:entry>Math</imsmd:entry>
            </imsmd:identifier>
          </imsmd:metaMetadata>
        </imsmd:lom>
      </metadata>
      <file href="QUE_219436.xml"/>
      <file href="media/media911532_eqfc010181539668581.png"/>
      <file href="media/media911532_eqfc010191539668581.png"/>
    </resource>
    <resource identifier="QUE_219437" type="imsqti_item_xmlv2p1" href="QUE_219437.xml">
      <metadata>
        <imsqti:qtiMetadata>
          <imsqti:interactionType>choiceInteraction</imsqti:interactionType>
        </imsqti:qtiMetadata>
        <imsmd:lom>
          <imsmd:general>
            <imsmd:identifier>
              <imsmd:entry>QUE_219437</imsmd:entry>
            </imsmd:identifier>
          </imsmd:general>
          <imsmd:metaMetadata>
            <imsmd:identifier>
              <imsmd:catalog>Question Type</imsmd:catalog>
              <imsmd:entry>Flashcard</imsmd:entry>
            </imsmd:identifier>
            <imsmd:identifier>
              <imsmd:catalog>Topic</imsmd:catalog>
              <imsmd:entry>Math</imsmd:entry>
            </imsmd:identifier>
          </imsmd:metaMetadata>
        </imsmd:lom>
      </metadata>
      <file href="QUE_219437.xml"/>
      <file href="media/media911532_eqfc010201539668581.png"/>
      <file href="media/media911532_eqfc010211539668582.png"/>
    </resource>
    <resource identifier="QUE_219438" type="imsqti_item_xmlv2p1" href="QUE_219438.xml">
      <metadata>
        <imsqti:qtiMetadata>
          <imsqti:interactionType>choiceInteraction</imsqti:interactionType>
        </imsqti:qtiMetadata>
        <imsmd:lom>
          <imsmd:general>
            <imsmd:identifier>
              <imsmd:entry>QUE_219438</imsmd:entry>
            </imsmd:identifier>
          </imsmd:general>
          <imsmd:metaMetadata>
            <imsmd:identifier>
              <imsmd:catalog>Question Type</imsmd:catalog>
              <imsmd:entry>Flashcard</imsmd:entry>
            </imsmd:identifier>
            <imsmd:identifier>
              <imsmd:catalog>Topic</imsmd:catalog>
              <imsmd:entry>Math</imsmd:entry>
            </imsmd:identifier>
          </imsmd:metaMetadata>
        </imsmd:lom>
      </metadata>
      <file href="QUE_219438.xml"/>
      <file href="media/media911532_eqfc010221539668582.png"/>
      <file href="media/media911532_eqfc010231539668582.png"/>
    </resource>
    <resource identifier="QUE_219439" type="imsqti_item_xmlv2p1" href="QUE_219439.xml">
      <metadata>
        <imsqti:qtiMetadata>
          <imsqti:interactionType>choiceInteraction</imsqti:interactionType>
        </imsqti:qtiMetadata>
        <imsmd:lom>
          <imsmd:general>
            <imsmd:identifier>
              <imsmd:entry>QUE_219439</imsmd:entry>
            </imsmd:identifier>
          </imsmd:general>
          <imsmd:metaMetadata>
            <imsmd:identifier>
              <imsmd:catalog>Question Type</imsmd:catalog>
              <imsmd:entry>Flashcard</imsmd:entry>
            </imsmd:identifier>
            <imsmd:identifier>
              <imsmd:catalog>Topic</imsmd:catalog>
              <imsmd:entry>Math</imsmd:entry>
            </imsmd:identifier>
          </imsmd:metaMetadata>
        </imsmd:lom>
      </metadata>
      <file href="QUE_219439.xml"/>
      <file href="media/media911532_eqfc010241539668582.png"/>
    </resource>
    <resource identifier="QUE_219440" type="imsqti_item_xmlv2p1" href="QUE_219440.xml">
      <metadata>
        <imsqti:qtiMetadata>
          <imsqti:interactionType>choiceInteraction</imsqti:interactionType>
        </imsqti:qtiMetadata>
        <imsmd:lom>
          <imsmd:general>
            <imsmd:identifier>
              <imsmd:entry>QUE_219440</imsmd:entry>
            </imsmd:identifier>
          </imsmd:general>
          <imsmd:metaMetadata>
            <imsmd:identifier>
              <imsmd:catalog>Question Type</imsmd:catalog>
              <imsmd:entry>Flashcard</imsmd:entry>
            </imsmd:identifier>
            <imsmd:identifier>
              <imsmd:catalog>Topic</imsmd:catalog>
              <imsmd:entry>Math</imsmd:entry>
            </imsmd:identifier>
          </imsmd:metaMetadata>
        </imsmd:lom>
      </metadata>
      <file href="QUE_219440.xml"/>
      <file href="media/media911532_eqfc010251539668582.png"/>
    </resource>
    <resource identifier="QUE_219441" type="imsqti_item_xmlv2p1" href="QUE_219441.xml">
      <metadata>
        <imsqti:qtiMetadata>
          <imsqti:interactionType>choiceInteraction</imsqti:interactionType>
        </imsqti:qtiMetadata>
        <imsmd:lom>
          <imsmd:general>
            <imsmd:identifier>
              <imsmd:entry>QUE_219441</imsmd:entry>
            </imsmd:identifier>
          </imsmd:general>
          <imsmd:metaMetadata>
            <imsmd:identifier>
              <imsmd:catalog>Question Type</imsmd:catalog>
              <imsmd:entry>Flashcard</imsmd:entry>
            </imsmd:identifier>
            <imsmd:identifier>
              <imsmd:catalog>Topic</imsmd:catalog>
              <imsmd:entry>Math</imsmd:entry>
            </imsmd:identifier>
          </imsmd:metaMetadata>
        </imsmd:lom>
      </metadata>
      <file href="QUE_219441.xml"/>
    </resource>
    <resource identifier="QUE_219442" type="imsqti_item_xmlv2p1" href="QUE_219442.xml">
      <metadata>
        <imsqti:qtiMetadata>
          <imsqti:interactionType>choiceInteraction</imsqti:interactionType>
        </imsqti:qtiMetadata>
        <imsmd:lom>
          <imsmd:general>
            <imsmd:identifier>
              <imsmd:entry>QUE_219442</imsmd:entry>
            </imsmd:identifier>
          </imsmd:general>
          <imsmd:metaMetadata>
            <imsmd:identifier>
              <imsmd:catalog>Question Type</imsmd:catalog>
              <imsmd:entry>Flashcard</imsmd:entry>
            </imsmd:identifier>
            <imsmd:identifier>
              <imsmd:catalog>Topic</imsmd:catalog>
              <imsmd:entry>Math</imsmd:entry>
            </imsmd:identifier>
          </imsmd:metaMetadata>
        </imsmd:lom>
      </metadata>
      <file href="QUE_219442.xml"/>
    </resource>
    <resource identifier="QUE_219443" type="imsqti_item_xmlv2p1" href="QUE_219443.xml">
      <metadata>
        <imsqti:qtiMetadata>
          <imsqti:interactionType>choiceInteraction</imsqti:interactionType>
        </imsqti:qtiMetadata>
        <imsmd:lom>
          <imsmd:general>
            <imsmd:identifier>
              <imsmd:entry>QUE_219443</imsmd:entry>
            </imsmd:identifier>
          </imsmd:general>
          <imsmd:metaMetadata>
            <imsmd:identifier>
              <imsmd:catalog>Question Type</imsmd:catalog>
              <imsmd:entry>Flashcard</imsmd:entry>
            </imsmd:identifier>
            <imsmd:identifier>
              <imsmd:catalog>Topic</imsmd:catalog>
              <imsmd:entry>Math</imsmd:entry>
            </imsmd:identifier>
          </imsmd:metaMetadata>
        </imsmd:lom>
      </metadata>
      <file href="QUE_219443.xml"/>
    </resource>
    <resource identifier="QUE_219444" type="imsqti_item_xmlv2p1" href="QUE_219444.xml">
      <metadata>
        <imsqti:qtiMetadata>
          <imsqti:interactionType>choiceInteraction</imsqti:interactionType>
        </imsqti:qtiMetadata>
        <imsmd:lom>
          <imsmd:general>
            <imsmd:identifier>
              <imsmd:entry>QUE_219444</imsmd:entry>
            </imsmd:identifier>
          </imsmd:general>
          <imsmd:metaMetadata>
            <imsmd:identifier>
              <imsmd:catalog>Question Type</imsmd:catalog>
              <imsmd:entry>Flashcard</imsmd:entry>
            </imsmd:identifier>
            <imsmd:identifier>
              <imsmd:catalog>Topic</imsmd:catalog>
              <imsmd:entry>Math</imsmd:entry>
            </imsmd:identifier>
          </imsmd:metaMetadata>
        </imsmd:lom>
      </metadata>
      <file href="QUE_219444.xml"/>
    </resource>
    <resource identifier="QUE_219445" type="imsqti_item_xmlv2p1" href="QUE_219445.xml">
      <metadata>
        <imsqti:qtiMetadata>
          <imsqti:interactionType>choiceInteraction</imsqti:interactionType>
        </imsqti:qtiMetadata>
        <imsmd:lom>
          <imsmd:general>
            <imsmd:identifier>
              <imsmd:entry>QUE_219445</imsmd:entry>
            </imsmd:identifier>
          </imsmd:general>
          <imsmd:metaMetadata>
            <imsmd:identifier>
              <imsmd:catalog>Question Type</imsmd:catalog>
              <imsmd:entry>Flashcard</imsmd:entry>
            </imsmd:identifier>
            <imsmd:identifier>
              <imsmd:catalog>Topic</imsmd:catalog>
              <imsmd:entry>Math</imsmd:entry>
            </imsmd:identifier>
          </imsmd:metaMetadata>
        </imsmd:lom>
      </metadata>
      <file href="QUE_219445.xml"/>
    </resource>
    <resource identifier="QUE_219446" type="imsqti_item_xmlv2p1" href="QUE_219446.xml">
      <metadata>
        <imsqti:qtiMetadata>
          <imsqti:interactionType>choiceInteraction</imsqti:interactionType>
        </imsqti:qtiMetadata>
        <imsmd:lom>
          <imsmd:general>
            <imsmd:identifier>
              <imsmd:entry>QUE_219446</imsmd:entry>
            </imsmd:identifier>
          </imsmd:general>
          <imsmd:metaMetadata>
            <imsmd:identifier>
              <imsmd:catalog>Question Type</imsmd:catalog>
              <imsmd:entry>Flashcard</imsmd:entry>
            </imsmd:identifier>
            <imsmd:identifier>
              <imsmd:catalog>Topic</imsmd:catalog>
              <imsmd:entry>Math</imsmd:entry>
            </imsmd:identifier>
          </imsmd:metaMetadata>
        </imsmd:lom>
      </metadata>
      <file href="QUE_219446.xml"/>
    </resource>
    <resource identifier="QUE_219447" type="imsqti_item_xmlv2p1" href="QUE_219447.xml">
      <metadata>
        <imsqti:qtiMetadata>
          <imsqti:interactionType>choiceInteraction</imsqti:interactionType>
        </imsqti:qtiMetadata>
        <imsmd:lom>
          <imsmd:general>
            <imsmd:identifier>
              <imsmd:entry>QUE_219447</imsmd:entry>
            </imsmd:identifier>
          </imsmd:general>
          <imsmd:metaMetadata>
            <imsmd:identifier>
              <imsmd:catalog>Question Type</imsmd:catalog>
              <imsmd:entry>Flashcard</imsmd:entry>
            </imsmd:identifier>
            <imsmd:identifier>
              <imsmd:catalog>Topic</imsmd:catalog>
              <imsmd:entry>Math</imsmd:entry>
            </imsmd:identifier>
          </imsmd:metaMetadata>
        </imsmd:lom>
      </metadata>
      <file href="QUE_219447.xml"/>
    </resource>
    <resource identifier="QUE_219448" type="imsqti_item_xmlv2p1" href="QUE_219448.xml">
      <metadata>
        <imsqti:qtiMetadata>
          <imsqti:interactionType>choiceInteraction</imsqti:interactionType>
        </imsqti:qtiMetadata>
        <imsmd:lom>
          <imsmd:general>
            <imsmd:identifier>
              <imsmd:entry>QUE_219448</imsmd:entry>
            </imsmd:identifier>
          </imsmd:general>
          <imsmd:metaMetadata>
            <imsmd:identifier>
              <imsmd:catalog>Question Type</imsmd:catalog>
              <imsmd:entry>Flashcard</imsmd:entry>
            </imsmd:identifier>
            <imsmd:identifier>
              <imsmd:catalog>Topic</imsmd:catalog>
              <imsmd:entry>Math</imsmd:entry>
            </imsmd:identifier>
          </imsmd:metaMetadata>
        </imsmd:lom>
      </metadata>
      <file href="QUE_219448.xml"/>
    </resource>
    <resource identifier="QUE_219449" type="imsqti_item_xmlv2p1" href="QUE_219449.xml">
      <metadata>
        <imsqti:qtiMetadata>
          <imsqti:interactionType>choiceInteraction</imsqti:interactionType>
        </imsqti:qtiMetadata>
        <imsmd:lom>
          <imsmd:general>
            <imsmd:identifier>
              <imsmd:entry>QUE_219449</imsmd:entry>
            </imsmd:identifier>
          </imsmd:general>
          <imsmd:metaMetadata>
            <imsmd:identifier>
              <imsmd:catalog>Question Type</imsmd:catalog>
              <imsmd:entry>Flashcard</imsmd:entry>
            </imsmd:identifier>
            <imsmd:identifier>
              <imsmd:catalog>Topic</imsmd:catalog>
              <imsmd:entry>Math</imsmd:entry>
            </imsmd:identifier>
          </imsmd:metaMetadata>
        </imsmd:lom>
      </metadata>
      <file href="QUE_219449.xml"/>
    </resource>
    <resource identifier="QUE_219450" type="imsqti_item_xmlv2p1" href="QUE_219450.xml">
      <metadata>
        <imsqti:qtiMetadata>
          <imsqti:interactionType>choiceInteraction</imsqti:interactionType>
        </imsqti:qtiMetadata>
        <imsmd:lom>
          <imsmd:general>
            <imsmd:identifier>
              <imsmd:entry>QUE_219450</imsmd:entry>
            </imsmd:identifier>
          </imsmd:general>
          <imsmd:metaMetadata>
            <imsmd:identifier>
              <imsmd:catalog>Question Type</imsmd:catalog>
              <imsmd:entry>Flashcard</imsmd:entry>
            </imsmd:identifier>
            <imsmd:identifier>
              <imsmd:catalog>Topic</imsmd:catalog>
              <imsmd:entry>Math</imsmd:entry>
            </imsmd:identifier>
          </imsmd:metaMetadata>
        </imsmd:lom>
      </metadata>
      <file href="QUE_219450.xml"/>
      <file href="media/media911532_eqfc010261539668583.png"/>
      <file href="media/media911532_eqfc010271539668583.png"/>
    </resource>
    <resource identifier="QUE_219451" type="imsqti_item_xmlv2p1" href="QUE_219451.xml">
      <metadata>
        <imsqti:qtiMetadata>
          <imsqti:interactionType>choiceInteraction</imsqti:interactionType>
        </imsqti:qtiMetadata>
        <imsmd:lom>
          <imsmd:general>
            <imsmd:identifier>
              <imsmd:entry>QUE_219451</imsmd:entry>
            </imsmd:identifier>
          </imsmd:general>
          <imsmd:metaMetadata>
            <imsmd:identifier>
              <imsmd:catalog>Question Type</imsmd:catalog>
              <imsmd:entry>Flashcard</imsmd:entry>
            </imsmd:identifier>
            <imsmd:identifier>
              <imsmd:catalog>Topic</imsmd:catalog>
              <imsmd:entry>Math</imsmd:entry>
            </imsmd:identifier>
          </imsmd:metaMetadata>
        </imsmd:lom>
      </metadata>
      <file href="QUE_219451.xml"/>
      <file href="media/media911532_eqfc010281539668583.png"/>
      <file href="media/media911532_eqfc010291539668584.png"/>
    </resource>
    <resource identifier="QUE_219452" type="imsqti_item_xmlv2p1" href="QUE_219452.xml">
      <metadata>
        <imsqti:qtiMetadata>
          <imsqti:interactionType>choiceInteraction</imsqti:interactionType>
        </imsqti:qtiMetadata>
        <imsmd:lom>
          <imsmd:general>
            <imsmd:identifier>
              <imsmd:entry>QUE_219452</imsmd:entry>
            </imsmd:identifier>
          </imsmd:general>
          <imsmd:metaMetadata>
            <imsmd:identifier>
              <imsmd:catalog>Question Type</imsmd:catalog>
              <imsmd:entry>Flashcard</imsmd:entry>
            </imsmd:identifier>
            <imsmd:identifier>
              <imsmd:catalog>Topic</imsmd:catalog>
              <imsmd:entry>Math</imsmd:entry>
            </imsmd:identifier>
          </imsmd:metaMetadata>
        </imsmd:lom>
      </metadata>
      <file href="QUE_219452.xml"/>
      <file href="media/media911532_eqfc010301539668584.png"/>
      <file href="media/media911532_eqfc010311539668584.png"/>
    </resource>
    <resource identifier="QUE_219453" type="imsqti_item_xmlv2p1" href="QUE_219453.xml">
      <metadata>
        <imsqti:qtiMetadata>
          <imsqti:interactionType>choiceInteraction</imsqti:interactionType>
        </imsqti:qtiMetadata>
        <imsmd:lom>
          <imsmd:general>
            <imsmd:identifier>
              <imsmd:entry>QUE_219453</imsmd:entry>
            </imsmd:identifier>
          </imsmd:general>
          <imsmd:metaMetadata>
            <imsmd:identifier>
              <imsmd:catalog>Question Type</imsmd:catalog>
              <imsmd:entry>Flashcard</imsmd:entry>
            </imsmd:identifier>
            <imsmd:identifier>
              <imsmd:catalog>Topic</imsmd:catalog>
              <imsmd:entry>Math</imsmd:entry>
            </imsmd:identifier>
          </imsmd:metaMetadata>
        </imsmd:lom>
      </metadata>
      <file href="QUE_219453.xml"/>
    </resource>
    <resource identifier="QUE_219454" type="imsqti_item_xmlv2p1" href="QUE_219454.xml">
      <metadata>
        <imsqti:qtiMetadata>
          <imsqti:interactionType>choiceInteraction</imsqti:interactionType>
        </imsqti:qtiMetadata>
        <imsmd:lom>
          <imsmd:general>
            <imsmd:identifier>
              <imsmd:entry>QUE_219454</imsmd:entry>
            </imsmd:identifier>
          </imsmd:general>
          <imsmd:metaMetadata>
            <imsmd:identifier>
              <imsmd:catalog>Question Type</imsmd:catalog>
              <imsmd:entry>Flashcard</imsmd:entry>
            </imsmd:identifier>
            <imsmd:identifier>
              <imsmd:catalog>Topic</imsmd:catalog>
              <imsmd:entry>Math</imsmd:entry>
            </imsmd:identifier>
          </imsmd:metaMetadata>
        </imsmd:lom>
      </metadata>
      <file href="QUE_219454.xml"/>
    </resource>
    <resource identifier="QUE_219455" type="imsqti_item_xmlv2p1" href="QUE_219455.xml">
      <metadata>
        <imsqti:qtiMetadata>
          <imsqti:interactionType>choiceInteraction</imsqti:interactionType>
        </imsqti:qtiMetadata>
        <imsmd:lom>
          <imsmd:general>
            <imsmd:identifier>
              <imsmd:entry>QUE_219455</imsmd:entry>
            </imsmd:identifier>
          </imsmd:general>
          <imsmd:metaMetadata>
            <imsmd:identifier>
              <imsmd:catalog>Question Type</imsmd:catalog>
              <imsmd:entry>Flashcard</imsmd:entry>
            </imsmd:identifier>
            <imsmd:identifier>
              <imsmd:catalog>Topic</imsmd:catalog>
              <imsmd:entry>Math</imsmd:entry>
            </imsmd:identifier>
          </imsmd:metaMetadata>
        </imsmd:lom>
      </metadata>
      <file href="QUE_219455.xml"/>
    </resource>
    <resource identifier="QUE_219456" type="imsqti_item_xmlv2p1" href="QUE_219456.xml">
      <metadata>
        <imsqti:qtiMetadata>
          <imsqti:interactionType>choiceInteraction</imsqti:interactionType>
        </imsqti:qtiMetadata>
        <imsmd:lom>
          <imsmd:general>
            <imsmd:identifier>
              <imsmd:entry>QUE_219456</imsmd:entry>
            </imsmd:identifier>
          </imsmd:general>
          <imsmd:metaMetadata>
            <imsmd:identifier>
              <imsmd:catalog>Question Type</imsmd:catalog>
              <imsmd:entry>Flashcard</imsmd:entry>
            </imsmd:identifier>
            <imsmd:identifier>
              <imsmd:catalog>Topic</imsmd:catalog>
              <imsmd:entry>Math</imsmd:entry>
            </imsmd:identifier>
          </imsmd:metaMetadata>
        </imsmd:lom>
      </metadata>
      <file href="QUE_219456.xml"/>
      <file href="media/media811527_eq011621091293.gif"/>
    </resource>
    <resource identifier="QUE_219457" type="imsqti_item_xmlv2p1" href="QUE_219457.xml">
      <metadata>
        <imsqti:qtiMetadata>
          <imsqti:interactionType>choiceInteraction</imsqti:interactionType>
        </imsqti:qtiMetadata>
        <imsmd:lom>
          <imsmd:general>
            <imsmd:identifier>
              <imsmd:entry>QUE_219457</imsmd:entry>
            </imsmd:identifier>
          </imsmd:general>
          <imsmd:metaMetadata>
            <imsmd:identifier>
              <imsmd:catalog>Question Type</imsmd:catalog>
              <imsmd:entry>Flashcard</imsmd:entry>
            </imsmd:identifier>
            <imsmd:identifier>
              <imsmd:catalog>Topic</imsmd:catalog>
              <imsmd:entry>Math</imsmd:entry>
            </imsmd:identifier>
          </imsmd:metaMetadata>
        </imsmd:lom>
      </metadata>
      <file href="QUE_219457.xml"/>
    </resource>
    <resource identifier="QUE_219458" type="imsqti_item_xmlv2p1" href="QUE_219458.xml">
      <metadata>
        <imsqti:qtiMetadata>
          <imsqti:interactionType>choiceInteraction</imsqti:interactionType>
        </imsqti:qtiMetadata>
        <imsmd:lom>
          <imsmd:general>
            <imsmd:identifier>
              <imsmd:entry>QUE_219458</imsmd:entry>
            </imsmd:identifier>
          </imsmd:general>
          <imsmd:metaMetadata>
            <imsmd:identifier>
              <imsmd:catalog>Question Type</imsmd:catalog>
              <imsmd:entry>Flashcard</imsmd:entry>
            </imsmd:identifier>
            <imsmd:identifier>
              <imsmd:catalog>Topic</imsmd:catalog>
              <imsmd:entry>Math</imsmd:entry>
            </imsmd:identifier>
          </imsmd:metaMetadata>
        </imsmd:lom>
      </metadata>
      <file href="QUE_219458.xml"/>
    </resource>
    <resource identifier="QUE_219459" type="imsqti_item_xmlv2p1" href="QUE_219459.xml">
      <metadata>
        <imsqti:qtiMetadata>
          <imsqti:interactionType>choiceInteraction</imsqti:interactionType>
        </imsqti:qtiMetadata>
        <imsmd:lom>
          <imsmd:general>
            <imsmd:identifier>
              <imsmd:entry>QUE_219459</imsmd:entry>
            </imsmd:identifier>
          </imsmd:general>
          <imsmd:metaMetadata>
            <imsmd:identifier>
              <imsmd:catalog>Question Type</imsmd:catalog>
              <imsmd:entry>Flashcard</imsmd:entry>
            </imsmd:identifier>
            <imsmd:identifier>
              <imsmd:catalog>Topic</imsmd:catalog>
              <imsmd:entry>Math</imsmd:entry>
            </imsmd:identifier>
          </imsmd:metaMetadata>
        </imsmd:lom>
      </metadata>
      <file href="QUE_219459.xml"/>
      <file href="media/media811527_eq021621091293.gif"/>
    </resource>
    <resource identifier="QUE_219460" type="imsqti_item_xmlv2p1" href="QUE_219460.xml">
      <metadata>
        <imsqti:qtiMetadata>
          <imsqti:interactionType>choiceInteraction</imsqti:interactionType>
        </imsqti:qtiMetadata>
        <imsmd:lom>
          <imsmd:general>
            <imsmd:identifier>
              <imsmd:entry>QUE_219460</imsmd:entry>
            </imsmd:identifier>
          </imsmd:general>
          <imsmd:metaMetadata>
            <imsmd:identifier>
              <imsmd:catalog>Question Type</imsmd:catalog>
              <imsmd:entry>Flashcard</imsmd:entry>
            </imsmd:identifier>
            <imsmd:identifier>
              <imsmd:catalog>Topic</imsmd:catalog>
              <imsmd:entry>Math</imsmd:entry>
            </imsmd:identifier>
          </imsmd:metaMetadata>
        </imsmd:lom>
      </metadata>
      <file href="QUE_219460.xml"/>
    </resource>
    <resource identifier="QUE_219461" type="imsqti_item_xmlv2p1" href="QUE_219461.xml">
      <metadata>
        <imsqti:qtiMetadata>
          <imsqti:interactionType>choiceInteraction</imsqti:interactionType>
        </imsqti:qtiMetadata>
        <imsmd:lom>
          <imsmd:general>
            <imsmd:identifier>
              <imsmd:entry>QUE_219461</imsmd:entry>
            </imsmd:identifier>
          </imsmd:general>
          <imsmd:metaMetadata>
            <imsmd:identifier>
              <imsmd:catalog>Question Type</imsmd:catalog>
              <imsmd:entry>Flashcard</imsmd:entry>
            </imsmd:identifier>
            <imsmd:identifier>
              <imsmd:catalog>Topic</imsmd:catalog>
              <imsmd:entry>Math</imsmd:entry>
            </imsmd:identifier>
          </imsmd:metaMetadata>
        </imsmd:lom>
      </metadata>
      <file href="QUE_219461.xml"/>
    </resource>
    <resource identifier="QUE_219462" type="imsqti_item_xmlv2p1" href="QUE_219462.xml">
      <metadata>
        <imsqti:qtiMetadata>
          <imsqti:interactionType>choiceInteraction</imsqti:interactionType>
        </imsqti:qtiMetadata>
        <imsmd:lom>
          <imsmd:general>
            <imsmd:identifier>
              <imsmd:entry>QUE_219462</imsmd:entry>
            </imsmd:identifier>
          </imsmd:general>
          <imsmd:metaMetadata>
            <imsmd:identifier>
              <imsmd:catalog>Question Type</imsmd:catalog>
              <imsmd:entry>Flashcard</imsmd:entry>
            </imsmd:identifier>
            <imsmd:identifier>
              <imsmd:catalog>Topic</imsmd:catalog>
              <imsmd:entry>Science</imsmd:entry>
            </imsmd:identifier>
          </imsmd:metaMetadata>
        </imsmd:lom>
      </metadata>
      <file href="QUE_219462.xml"/>
    </resource>
    <resource identifier="QUE_219463" type="imsqti_item_xmlv2p1" href="QUE_219463.xml">
      <metadata>
        <imsqti:qtiMetadata>
          <imsqti:interactionType>choiceInteraction</imsqti:interactionType>
        </imsqti:qtiMetadata>
        <imsmd:lom>
          <imsmd:general>
            <imsmd:identifier>
              <imsmd:entry>QUE_219463</imsmd:entry>
            </imsmd:identifier>
          </imsmd:general>
          <imsmd:metaMetadata>
            <imsmd:identifier>
              <imsmd:catalog>Question Type</imsmd:catalog>
              <imsmd:entry>Flashcard</imsmd:entry>
            </imsmd:identifier>
            <imsmd:identifier>
              <imsmd:catalog>Topic</imsmd:catalog>
              <imsmd:entry>Science</imsmd:entry>
            </imsmd:identifier>
          </imsmd:metaMetadata>
        </imsmd:lom>
      </metadata>
      <file href="QUE_219463.xml"/>
    </resource>
    <resource identifier="QUE_219464" type="imsqti_item_xmlv2p1" href="QUE_219464.xml">
      <metadata>
        <imsqti:qtiMetadata>
          <imsqti:interactionType>choiceInteraction</imsqti:interactionType>
        </imsqti:qtiMetadata>
        <imsmd:lom>
          <imsmd:general>
            <imsmd:identifier>
              <imsmd:entry>QUE_219464</imsmd:entry>
            </imsmd:identifier>
          </imsmd:general>
          <imsmd:metaMetadata>
            <imsmd:identifier>
              <imsmd:catalog>Question Type</imsmd:catalog>
              <imsmd:entry>Flashcard</imsmd:entry>
            </imsmd:identifier>
            <imsmd:identifier>
              <imsmd:catalog>Topic</imsmd:catalog>
              <imsmd:entry>Science</imsmd:entry>
            </imsmd:identifier>
          </imsmd:metaMetadata>
        </imsmd:lom>
      </metadata>
      <file href="QUE_219464.xml"/>
    </resource>
    <resource identifier="QUE_219465" type="imsqti_item_xmlv2p1" href="QUE_219465.xml">
      <metadata>
        <imsqti:qtiMetadata>
          <imsqti:interactionType>choiceInteraction</imsqti:interactionType>
        </imsqti:qtiMetadata>
        <imsmd:lom>
          <imsmd:general>
            <imsmd:identifier>
              <imsmd:entry>QUE_219465</imsmd:entry>
            </imsmd:identifier>
          </imsmd:general>
          <imsmd:metaMetadata>
            <imsmd:identifier>
              <imsmd:catalog>Question Type</imsmd:catalog>
              <imsmd:entry>Flashcard</imsmd:entry>
            </imsmd:identifier>
            <imsmd:identifier>
              <imsmd:catalog>Topic</imsmd:catalog>
              <imsmd:entry>Science</imsmd:entry>
            </imsmd:identifier>
          </imsmd:metaMetadata>
        </imsmd:lom>
      </metadata>
      <file href="QUE_219465.xml"/>
    </resource>
    <resource identifier="QUE_219466" type="imsqti_item_xmlv2p1" href="QUE_219466.xml">
      <metadata>
        <imsqti:qtiMetadata>
          <imsqti:interactionType>choiceInteraction</imsqti:interactionType>
        </imsqti:qtiMetadata>
        <imsmd:lom>
          <imsmd:general>
            <imsmd:identifier>
              <imsmd:entry>QUE_219466</imsmd:entry>
            </imsmd:identifier>
          </imsmd:general>
          <imsmd:metaMetadata>
            <imsmd:identifier>
              <imsmd:catalog>Question Type</imsmd:catalog>
              <imsmd:entry>Flashcard</imsmd:entry>
            </imsmd:identifier>
            <imsmd:identifier>
              <imsmd:catalog>Topic</imsmd:catalog>
              <imsmd:entry>Science</imsmd:entry>
            </imsmd:identifier>
          </imsmd:metaMetadata>
        </imsmd:lom>
      </metadata>
      <file href="QUE_219466.xml"/>
    </resource>
    <resource identifier="QUE_219467" type="imsqti_item_xmlv2p1" href="QUE_219467.xml">
      <metadata>
        <imsqti:qtiMetadata>
          <imsqti:interactionType>choiceInteraction</imsqti:interactionType>
        </imsqti:qtiMetadata>
        <imsmd:lom>
          <imsmd:general>
            <imsmd:identifier>
              <imsmd:entry>QUE_219467</imsmd:entry>
            </imsmd:identifier>
          </imsmd:general>
          <imsmd:metaMetadata>
            <imsmd:identifier>
              <imsmd:catalog>Question Type</imsmd:catalog>
              <imsmd:entry>Flashcard</imsmd:entry>
            </imsmd:identifier>
            <imsmd:identifier>
              <imsmd:catalog>Topic</imsmd:catalog>
              <imsmd:entry>Science</imsmd:entry>
            </imsmd:identifier>
          </imsmd:metaMetadata>
        </imsmd:lom>
      </metadata>
      <file href="QUE_219467.xml"/>
    </resource>
    <resource identifier="QUE_219468" type="imsqti_item_xmlv2p1" href="QUE_219468.xml">
      <metadata>
        <imsqti:qtiMetadata>
          <imsqti:interactionType>choiceInteraction</imsqti:interactionType>
        </imsqti:qtiMetadata>
        <imsmd:lom>
          <imsmd:general>
            <imsmd:identifier>
              <imsmd:entry>QUE_219468</imsmd:entry>
            </imsmd:identifier>
          </imsmd:general>
          <imsmd:metaMetadata>
            <imsmd:identifier>
              <imsmd:catalog>Question Type</imsmd:catalog>
              <imsmd:entry>Flashcard</imsmd:entry>
            </imsmd:identifier>
            <imsmd:identifier>
              <imsmd:catalog>Topic</imsmd:catalog>
              <imsmd:entry>Science</imsmd:entry>
            </imsmd:identifier>
          </imsmd:metaMetadata>
        </imsmd:lom>
      </metadata>
      <file href="QUE_219468.xml"/>
    </resource>
    <resource identifier="QUE_219469" type="imsqti_item_xmlv2p1" href="QUE_219469.xml">
      <metadata>
        <imsqti:qtiMetadata>
          <imsqti:interactionType>choiceInteraction</imsqti:interactionType>
        </imsqti:qtiMetadata>
        <imsmd:lom>
          <imsmd:general>
            <imsmd:identifier>
              <imsmd:entry>QUE_219469</imsmd:entry>
            </imsmd:identifier>
          </imsmd:general>
          <imsmd:metaMetadata>
            <imsmd:identifier>
              <imsmd:catalog>Question Type</imsmd:catalog>
              <imsmd:entry>Flashcard</imsmd:entry>
            </imsmd:identifier>
            <imsmd:identifier>
              <imsmd:catalog>Topic</imsmd:catalog>
              <imsmd:entry>Science</imsmd:entry>
            </imsmd:identifier>
          </imsmd:metaMetadata>
        </imsmd:lom>
      </metadata>
      <file href="QUE_219469.xml"/>
    </resource>
    <resource identifier="QUE_219470" type="imsqti_item_xmlv2p1" href="QUE_219470.xml">
      <metadata>
        <imsqti:qtiMetadata>
          <imsqti:interactionType>choiceInteraction</imsqti:interactionType>
        </imsqti:qtiMetadata>
        <imsmd:lom>
          <imsmd:general>
            <imsmd:identifier>
              <imsmd:entry>QUE_219470</imsmd:entry>
            </imsmd:identifier>
          </imsmd:general>
          <imsmd:metaMetadata>
            <imsmd:identifier>
              <imsmd:catalog>Question Type</imsmd:catalog>
              <imsmd:entry>Flashcard</imsmd:entry>
            </imsmd:identifier>
            <imsmd:identifier>
              <imsmd:catalog>Topic</imsmd:catalog>
              <imsmd:entry>Science</imsmd:entry>
            </imsmd:identifier>
          </imsmd:metaMetadata>
        </imsmd:lom>
      </metadata>
      <file href="QUE_219470.xml"/>
    </resource>
    <resource identifier="QUE_219471" type="imsqti_item_xmlv2p1" href="QUE_219471.xml">
      <metadata>
        <imsqti:qtiMetadata>
          <imsqti:interactionType>choiceInteraction</imsqti:interactionType>
        </imsqti:qtiMetadata>
        <imsmd:lom>
          <imsmd:general>
            <imsmd:identifier>
              <imsmd:entry>QUE_219471</imsmd:entry>
            </imsmd:identifier>
          </imsmd:general>
          <imsmd:metaMetadata>
            <imsmd:identifier>
              <imsmd:catalog>Question Type</imsmd:catalog>
              <imsmd:entry>Flashcard</imsmd:entry>
            </imsmd:identifier>
            <imsmd:identifier>
              <imsmd:catalog>Topic</imsmd:catalog>
              <imsmd:entry>Science</imsmd:entry>
            </imsmd:identifier>
          </imsmd:metaMetadata>
        </imsmd:lom>
      </metadata>
      <file href="QUE_219471.xml"/>
    </resource>
    <resource identifier="QUE_219472" type="imsqti_item_xmlv2p1" href="QUE_219472.xml">
      <metadata>
        <imsqti:qtiMetadata>
          <imsqti:interactionType>choiceInteraction</imsqti:interactionType>
        </imsqti:qtiMetadata>
        <imsmd:lom>
          <imsmd:general>
            <imsmd:identifier>
              <imsmd:entry>QUE_219472</imsmd:entry>
            </imsmd:identifier>
          </imsmd:general>
          <imsmd:metaMetadata>
            <imsmd:identifier>
              <imsmd:catalog>Question Type</imsmd:catalog>
              <imsmd:entry>Flashcard</imsmd:entry>
            </imsmd:identifier>
            <imsmd:identifier>
              <imsmd:catalog>Topic</imsmd:catalog>
              <imsmd:entry>Science</imsmd:entry>
            </imsmd:identifier>
          </imsmd:metaMetadata>
        </imsmd:lom>
      </metadata>
      <file href="QUE_219472.xml"/>
    </resource>
    <resource identifier="QUE_219473" type="imsqti_item_xmlv2p1" href="QUE_219473.xml">
      <metadata>
        <imsqti:qtiMetadata>
          <imsqti:interactionType>choiceInteraction</imsqti:interactionType>
        </imsqti:qtiMetadata>
        <imsmd:lom>
          <imsmd:general>
            <imsmd:identifier>
              <imsmd:entry>QUE_219473</imsmd:entry>
            </imsmd:identifier>
          </imsmd:general>
          <imsmd:metaMetadata>
            <imsmd:identifier>
              <imsmd:catalog>Question Type</imsmd:catalog>
              <imsmd:entry>Flashcard</imsmd:entry>
            </imsmd:identifier>
            <imsmd:identifier>
              <imsmd:catalog>Topic</imsmd:catalog>
              <imsmd:entry>Science</imsmd:entry>
            </imsmd:identifier>
          </imsmd:metaMetadata>
        </imsmd:lom>
      </metadata>
      <file href="QUE_219473.xml"/>
    </resource>
    <resource identifier="QUE_219474" type="imsqti_item_xmlv2p1" href="QUE_219474.xml">
      <metadata>
        <imsqti:qtiMetadata>
          <imsqti:interactionType>choiceInteraction</imsqti:interactionType>
        </imsqti:qtiMetadata>
        <imsmd:lom>
          <imsmd:general>
            <imsmd:identifier>
              <imsmd:entry>QUE_219474</imsmd:entry>
            </imsmd:identifier>
          </imsmd:general>
          <imsmd:metaMetadata>
            <imsmd:identifier>
              <imsmd:catalog>Question Type</imsmd:catalog>
              <imsmd:entry>Flashcard</imsmd:entry>
            </imsmd:identifier>
            <imsmd:identifier>
              <imsmd:catalog>Topic</imsmd:catalog>
              <imsmd:entry>Science</imsmd:entry>
            </imsmd:identifier>
          </imsmd:metaMetadata>
        </imsmd:lom>
      </metadata>
      <file href="QUE_219474.xml"/>
    </resource>
    <resource identifier="QUE_219475" type="imsqti_item_xmlv2p1" href="QUE_219475.xml">
      <metadata>
        <imsqti:qtiMetadata>
          <imsqti:interactionType>choiceInteraction</imsqti:interactionType>
        </imsqti:qtiMetadata>
        <imsmd:lom>
          <imsmd:general>
            <imsmd:identifier>
              <imsmd:entry>QUE_219475</imsmd:entry>
            </imsmd:identifier>
          </imsmd:general>
          <imsmd:metaMetadata>
            <imsmd:identifier>
              <imsmd:catalog>Question Type</imsmd:catalog>
              <imsmd:entry>Flashcard</imsmd:entry>
            </imsmd:identifier>
            <imsmd:identifier>
              <imsmd:catalog>Topic</imsmd:catalog>
              <imsmd:entry>Science</imsmd:entry>
            </imsmd:identifier>
          </imsmd:metaMetadata>
        </imsmd:lom>
      </metadata>
      <file href="QUE_219475.xml"/>
    </resource>
    <resource identifier="QUE_219476" type="imsqti_item_xmlv2p1" href="QUE_219476.xml">
      <metadata>
        <imsqti:qtiMetadata>
          <imsqti:interactionType>choiceInteraction</imsqti:interactionType>
        </imsqti:qtiMetadata>
        <imsmd:lom>
          <imsmd:general>
            <imsmd:identifier>
              <imsmd:entry>QUE_219476</imsmd:entry>
            </imsmd:identifier>
          </imsmd:general>
          <imsmd:metaMetadata>
            <imsmd:identifier>
              <imsmd:catalog>Question Type</imsmd:catalog>
              <imsmd:entry>Flashcard</imsmd:entry>
            </imsmd:identifier>
            <imsmd:identifier>
              <imsmd:catalog>Topic</imsmd:catalog>
              <imsmd:entry>Science</imsmd:entry>
            </imsmd:identifier>
          </imsmd:metaMetadata>
        </imsmd:lom>
      </metadata>
      <file href="QUE_219476.xml"/>
    </resource>
    <resource identifier="QUE_219477" type="imsqti_item_xmlv2p1" href="QUE_219477.xml">
      <metadata>
        <imsqti:qtiMetadata>
          <imsqti:interactionType>choiceInteraction</imsqti:interactionType>
        </imsqti:qtiMetadata>
        <imsmd:lom>
          <imsmd:general>
            <imsmd:identifier>
              <imsmd:entry>QUE_219477</imsmd:entry>
            </imsmd:identifier>
          </imsmd:general>
          <imsmd:metaMetadata>
            <imsmd:identifier>
              <imsmd:catalog>Question Type</imsmd:catalog>
              <imsmd:entry>Flashcard</imsmd:entry>
            </imsmd:identifier>
            <imsmd:identifier>
              <imsmd:catalog>Topic</imsmd:catalog>
              <imsmd:entry>Science</imsmd:entry>
            </imsmd:identifier>
          </imsmd:metaMetadata>
        </imsmd:lom>
      </metadata>
      <file href="QUE_219477.xml"/>
    </resource>
    <resource identifier="QUE_219478" type="imsqti_item_xmlv2p1" href="QUE_219478.xml">
      <metadata>
        <imsqti:qtiMetadata>
          <imsqti:interactionType>choiceInteraction</imsqti:interactionType>
        </imsqti:qtiMetadata>
        <imsmd:lom>
          <imsmd:general>
            <imsmd:identifier>
              <imsmd:entry>QUE_219478</imsmd:entry>
            </imsmd:identifier>
          </imsmd:general>
          <imsmd:metaMetadata>
            <imsmd:identifier>
              <imsmd:catalog>Question Type</imsmd:catalog>
              <imsmd:entry>Flashcard</imsmd:entry>
            </imsmd:identifier>
            <imsmd:identifier>
              <imsmd:catalog>Topic</imsmd:catalog>
              <imsmd:entry>Science</imsmd:entry>
            </imsmd:identifier>
          </imsmd:metaMetadata>
        </imsmd:lom>
      </metadata>
      <file href="QUE_219478.xml"/>
    </resource>
    <resource identifier="QUE_219479" type="imsqti_item_xmlv2p1" href="QUE_219479.xml">
      <metadata>
        <imsqti:qtiMetadata>
          <imsqti:interactionType>choiceInteraction</imsqti:interactionType>
        </imsqti:qtiMetadata>
        <imsmd:lom>
          <imsmd:general>
            <imsmd:identifier>
              <imsmd:entry>QUE_219479</imsmd:entry>
            </imsmd:identifier>
          </imsmd:general>
          <imsmd:metaMetadata>
            <imsmd:identifier>
              <imsmd:catalog>Question Type</imsmd:catalog>
              <imsmd:entry>Flashcard</imsmd:entry>
            </imsmd:identifier>
            <imsmd:identifier>
              <imsmd:catalog>Topic</imsmd:catalog>
              <imsmd:entry>Science</imsmd:entry>
            </imsmd:identifier>
          </imsmd:metaMetadata>
        </imsmd:lom>
      </metadata>
      <file href="QUE_219479.xml"/>
    </resource>
    <resource identifier="QUE_219480" type="imsqti_item_xmlv2p1" href="QUE_219480.xml">
      <metadata>
        <imsqti:qtiMetadata>
          <imsqti:interactionType>choiceInteraction</imsqti:interactionType>
        </imsqti:qtiMetadata>
        <imsmd:lom>
          <imsmd:general>
            <imsmd:identifier>
              <imsmd:entry>QUE_219480</imsmd:entry>
            </imsmd:identifier>
          </imsmd:general>
          <imsmd:metaMetadata>
            <imsmd:identifier>
              <imsmd:catalog>Question Type</imsmd:catalog>
              <imsmd:entry>Flashcard</imsmd:entry>
            </imsmd:identifier>
            <imsmd:identifier>
              <imsmd:catalog>Topic</imsmd:catalog>
              <imsmd:entry>Science</imsmd:entry>
            </imsmd:identifier>
          </imsmd:metaMetadata>
        </imsmd:lom>
      </metadata>
      <file href="QUE_219480.xml"/>
    </resource>
    <resource identifier="QUE_219481" type="imsqti_item_xmlv2p1" href="QUE_219481.xml">
      <metadata>
        <imsqti:qtiMetadata>
          <imsqti:interactionType>choiceInteraction</imsqti:interactionType>
        </imsqti:qtiMetadata>
        <imsmd:lom>
          <imsmd:general>
            <imsmd:identifier>
              <imsmd:entry>QUE_219481</imsmd:entry>
            </imsmd:identifier>
          </imsmd:general>
          <imsmd:metaMetadata>
            <imsmd:identifier>
              <imsmd:catalog>Question Type</imsmd:catalog>
              <imsmd:entry>Flashcard</imsmd:entry>
            </imsmd:identifier>
            <imsmd:identifier>
              <imsmd:catalog>Topic</imsmd:catalog>
              <imsmd:entry>Science</imsmd:entry>
            </imsmd:identifier>
          </imsmd:metaMetadata>
        </imsmd:lom>
      </metadata>
      <file href="QUE_219481.xml"/>
    </resource>
    <resource identifier="QUE_219482" type="imsqti_item_xmlv2p1" href="QUE_219482.xml">
      <metadata>
        <imsqti:qtiMetadata>
          <imsqti:interactionType>choiceInteraction</imsqti:interactionType>
        </imsqti:qtiMetadata>
        <imsmd:lom>
          <imsmd:general>
            <imsmd:identifier>
              <imsmd:entry>QUE_219482</imsmd:entry>
            </imsmd:identifier>
          </imsmd:general>
          <imsmd:metaMetadata>
            <imsmd:identifier>
              <imsmd:catalog>Question Type</imsmd:catalog>
              <imsmd:entry>Flashcard</imsmd:entry>
            </imsmd:identifier>
            <imsmd:identifier>
              <imsmd:catalog>Topic</imsmd:catalog>
              <imsmd:entry>Science</imsmd:entry>
            </imsmd:identifier>
          </imsmd:metaMetadata>
        </imsmd:lom>
      </metadata>
      <file href="QUE_219482.xml"/>
    </resource>
    <resource identifier="QUE_219483" type="imsqti_item_xmlv2p1" href="QUE_219483.xml">
      <metadata>
        <imsqti:qtiMetadata>
          <imsqti:interactionType>choiceInteraction</imsqti:interactionType>
        </imsqti:qtiMetadata>
        <imsmd:lom>
          <imsmd:general>
            <imsmd:identifier>
              <imsmd:entry>QUE_219483</imsmd:entry>
            </imsmd:identifier>
          </imsmd:general>
          <imsmd:metaMetadata>
            <imsmd:identifier>
              <imsmd:catalog>Question Type</imsmd:catalog>
              <imsmd:entry>Flashcard</imsmd:entry>
            </imsmd:identifier>
            <imsmd:identifier>
              <imsmd:catalog>Topic</imsmd:catalog>
              <imsmd:entry>Science</imsmd:entry>
            </imsmd:identifier>
          </imsmd:metaMetadata>
        </imsmd:lom>
      </metadata>
      <file href="QUE_219483.xml"/>
    </resource>
    <resource identifier="QUE_219484" type="imsqti_item_xmlv2p1" href="QUE_219484.xml">
      <metadata>
        <imsqti:qtiMetadata>
          <imsqti:interactionType>choiceInteraction</imsqti:interactionType>
        </imsqti:qtiMetadata>
        <imsmd:lom>
          <imsmd:general>
            <imsmd:identifier>
              <imsmd:entry>QUE_219484</imsmd:entry>
            </imsmd:identifier>
          </imsmd:general>
          <imsmd:metaMetadata>
            <imsmd:identifier>
              <imsmd:catalog>Question Type</imsmd:catalog>
              <imsmd:entry>Flashcard</imsmd:entry>
            </imsmd:identifier>
            <imsmd:identifier>
              <imsmd:catalog>Topic</imsmd:catalog>
              <imsmd:entry>Science</imsmd:entry>
            </imsmd:identifier>
          </imsmd:metaMetadata>
        </imsmd:lom>
      </metadata>
      <file href="QUE_219484.xml"/>
    </resource>
    <resource identifier="QUE_219485" type="imsqti_item_xmlv2p1" href="QUE_219485.xml">
      <metadata>
        <imsqti:qtiMetadata>
          <imsqti:interactionType>choiceInteraction</imsqti:interactionType>
        </imsqti:qtiMetadata>
        <imsmd:lom>
          <imsmd:general>
            <imsmd:identifier>
              <imsmd:entry>QUE_219485</imsmd:entry>
            </imsmd:identifier>
          </imsmd:general>
          <imsmd:metaMetadata>
            <imsmd:identifier>
              <imsmd:catalog>Question Type</imsmd:catalog>
              <imsmd:entry>Flashcard</imsmd:entry>
            </imsmd:identifier>
            <imsmd:identifier>
              <imsmd:catalog>Topic</imsmd:catalog>
              <imsmd:entry>Science</imsmd:entry>
            </imsmd:identifier>
          </imsmd:metaMetadata>
        </imsmd:lom>
      </metadata>
      <file href="QUE_219485.xml"/>
    </resource>
    <resource identifier="QUE_219486" type="imsqti_item_xmlv2p1" href="QUE_219486.xml">
      <metadata>
        <imsqti:qtiMetadata>
          <imsqti:interactionType>choiceInteraction</imsqti:interactionType>
        </imsqti:qtiMetadata>
        <imsmd:lom>
          <imsmd:general>
            <imsmd:identifier>
              <imsmd:entry>QUE_219486</imsmd:entry>
            </imsmd:identifier>
          </imsmd:general>
          <imsmd:metaMetadata>
            <imsmd:identifier>
              <imsmd:catalog>Question Type</imsmd:catalog>
              <imsmd:entry>Flashcard</imsmd:entry>
            </imsmd:identifier>
            <imsmd:identifier>
              <imsmd:catalog>Topic</imsmd:catalog>
              <imsmd:entry>Science</imsmd:entry>
            </imsmd:identifier>
          </imsmd:metaMetadata>
        </imsmd:lom>
      </metadata>
      <file href="QUE_219486.xml"/>
    </resource>
    <resource identifier="QUE_219487" type="imsqti_item_xmlv2p1" href="QUE_219487.xml">
      <metadata>
        <imsqti:qtiMetadata>
          <imsqti:interactionType>choiceInteraction</imsqti:interactionType>
        </imsqti:qtiMetadata>
        <imsmd:lom>
          <imsmd:general>
            <imsmd:identifier>
              <imsmd:entry>QUE_219487</imsmd:entry>
            </imsmd:identifier>
          </imsmd:general>
          <imsmd:metaMetadata>
            <imsmd:identifier>
              <imsmd:catalog>Question Type</imsmd:catalog>
              <imsmd:entry>Flashcard</imsmd:entry>
            </imsmd:identifier>
            <imsmd:identifier>
              <imsmd:catalog>Topic</imsmd:catalog>
              <imsmd:entry>Science</imsmd:entry>
            </imsmd:identifier>
          </imsmd:metaMetadata>
        </imsmd:lom>
      </metadata>
      <file href="QUE_219487.xml"/>
    </resource>
    <resource identifier="QUE_219488" type="imsqti_item_xmlv2p1" href="QUE_219488.xml">
      <metadata>
        <imsqti:qtiMetadata>
          <imsqti:interactionType>choiceInteraction</imsqti:interactionType>
        </imsqti:qtiMetadata>
        <imsmd:lom>
          <imsmd:general>
            <imsmd:identifier>
              <imsmd:entry>QUE_219488</imsmd:entry>
            </imsmd:identifier>
          </imsmd:general>
          <imsmd:metaMetadata>
            <imsmd:identifier>
              <imsmd:catalog>Question Type</imsmd:catalog>
              <imsmd:entry>Flashcard</imsmd:entry>
            </imsmd:identifier>
            <imsmd:identifier>
              <imsmd:catalog>Topic</imsmd:catalog>
              <imsmd:entry>Science</imsmd:entry>
            </imsmd:identifier>
          </imsmd:metaMetadata>
        </imsmd:lom>
      </metadata>
      <file href="QUE_219488.xml"/>
    </resource>
    <resource identifier="QUE_219489" type="imsqti_item_xmlv2p1" href="QUE_219489.xml">
      <metadata>
        <imsqti:qtiMetadata>
          <imsqti:interactionType>choiceInteraction</imsqti:interactionType>
        </imsqti:qtiMetadata>
        <imsmd:lom>
          <imsmd:general>
            <imsmd:identifier>
              <imsmd:entry>QUE_219489</imsmd:entry>
            </imsmd:identifier>
          </imsmd:general>
          <imsmd:metaMetadata>
            <imsmd:identifier>
              <imsmd:catalog>Question Type</imsmd:catalog>
              <imsmd:entry>Flashcard</imsmd:entry>
            </imsmd:identifier>
            <imsmd:identifier>
              <imsmd:catalog>Topic</imsmd:catalog>
              <imsmd:entry>Science</imsmd:entry>
            </imsmd:identifier>
          </imsmd:metaMetadata>
        </imsmd:lom>
      </metadata>
      <file href="QUE_219489.xml"/>
    </resource>
    <resource identifier="QUE_219490" type="imsqti_item_xmlv2p1" href="QUE_219490.xml">
      <metadata>
        <imsqti:qtiMetadata>
          <imsqti:interactionType>choiceInteraction</imsqti:interactionType>
        </imsqti:qtiMetadata>
        <imsmd:lom>
          <imsmd:general>
            <imsmd:identifier>
              <imsmd:entry>QUE_219490</imsmd:entry>
            </imsmd:identifier>
          </imsmd:general>
          <imsmd:metaMetadata>
            <imsmd:identifier>
              <imsmd:catalog>Question Type</imsmd:catalog>
              <imsmd:entry>Flashcard</imsmd:entry>
            </imsmd:identifier>
            <imsmd:identifier>
              <imsmd:catalog>Topic</imsmd:catalog>
              <imsmd:entry>Science</imsmd:entry>
            </imsmd:identifier>
          </imsmd:metaMetadata>
        </imsmd:lom>
      </metadata>
      <file href="QUE_219490.xml"/>
    </resource>
    <resource identifier="QUE_219491" type="imsqti_item_xmlv2p1" href="QUE_219491.xml">
      <metadata>
        <imsqti:qtiMetadata>
          <imsqti:interactionType>choiceInteraction</imsqti:interactionType>
        </imsqti:qtiMetadata>
        <imsmd:lom>
          <imsmd:general>
            <imsmd:identifier>
              <imsmd:entry>QUE_219491</imsmd:entry>
            </imsmd:identifier>
          </imsmd:general>
          <imsmd:metaMetadata>
            <imsmd:identifier>
              <imsmd:catalog>Question Type</imsmd:catalog>
              <imsmd:entry>Flashcard</imsmd:entry>
            </imsmd:identifier>
            <imsmd:identifier>
              <imsmd:catalog>Topic</imsmd:catalog>
              <imsmd:entry>Science</imsmd:entry>
            </imsmd:identifier>
          </imsmd:metaMetadata>
        </imsmd:lom>
      </metadata>
      <file href="QUE_219491.xml"/>
    </resource>
    <resource identifier="QUE_219492" type="imsqti_item_xmlv2p1" href="QUE_219492.xml">
      <metadata>
        <imsqti:qtiMetadata>
          <imsqti:interactionType>choiceInteraction</imsqti:interactionType>
        </imsqti:qtiMetadata>
        <imsmd:lom>
          <imsmd:general>
            <imsmd:identifier>
              <imsmd:entry>QUE_219492</imsmd:entry>
            </imsmd:identifier>
          </imsmd:general>
          <imsmd:metaMetadata>
            <imsmd:identifier>
              <imsmd:catalog>Question Type</imsmd:catalog>
              <imsmd:entry>Flashcard</imsmd:entry>
            </imsmd:identifier>
            <imsmd:identifier>
              <imsmd:catalog>Topic</imsmd:catalog>
              <imsmd:entry>Science</imsmd:entry>
            </imsmd:identifier>
          </imsmd:metaMetadata>
        </imsmd:lom>
      </metadata>
      <file href="QUE_219492.xml"/>
    </resource>
    <resource identifier="QUE_219493" type="imsqti_item_xmlv2p1" href="QUE_219493.xml">
      <metadata>
        <imsqti:qtiMetadata>
          <imsqti:interactionType>choiceInteraction</imsqti:interactionType>
        </imsqti:qtiMetadata>
        <imsmd:lom>
          <imsmd:general>
            <imsmd:identifier>
              <imsmd:entry>QUE_219493</imsmd:entry>
            </imsmd:identifier>
          </imsmd:general>
          <imsmd:metaMetadata>
            <imsmd:identifier>
              <imsmd:catalog>Question Type</imsmd:catalog>
              <imsmd:entry>Flashcard</imsmd:entry>
            </imsmd:identifier>
            <imsmd:identifier>
              <imsmd:catalog>Topic</imsmd:catalog>
              <imsmd:entry>Science</imsmd:entry>
            </imsmd:identifier>
          </imsmd:metaMetadata>
        </imsmd:lom>
      </metadata>
      <file href="QUE_219493.xml"/>
    </resource>
    <resource identifier="QUE_219494" type="imsqti_item_xmlv2p1" href="QUE_219494.xml">
      <metadata>
        <imsqti:qtiMetadata>
          <imsqti:interactionType>choiceInteraction</imsqti:interactionType>
        </imsqti:qtiMetadata>
        <imsmd:lom>
          <imsmd:general>
            <imsmd:identifier>
              <imsmd:entry>QUE_219494</imsmd:entry>
            </imsmd:identifier>
          </imsmd:general>
          <imsmd:metaMetadata>
            <imsmd:identifier>
              <imsmd:catalog>Question Type</imsmd:catalog>
              <imsmd:entry>Flashcard</imsmd:entry>
            </imsmd:identifier>
            <imsmd:identifier>
              <imsmd:catalog>Topic</imsmd:catalog>
              <imsmd:entry>Science</imsmd:entry>
            </imsmd:identifier>
          </imsmd:metaMetadata>
        </imsmd:lom>
      </metadata>
      <file href="QUE_219494.xml"/>
    </resource>
    <resource identifier="QUE_219495" type="imsqti_item_xmlv2p1" href="QUE_219495.xml">
      <metadata>
        <imsqti:qtiMetadata>
          <imsqti:interactionType>choiceInteraction</imsqti:interactionType>
        </imsqti:qtiMetadata>
        <imsmd:lom>
          <imsmd:general>
            <imsmd:identifier>
              <imsmd:entry>QUE_219495</imsmd:entry>
            </imsmd:identifier>
          </imsmd:general>
          <imsmd:metaMetadata>
            <imsmd:identifier>
              <imsmd:catalog>Question Type</imsmd:catalog>
              <imsmd:entry>Flashcard</imsmd:entry>
            </imsmd:identifier>
            <imsmd:identifier>
              <imsmd:catalog>Topic</imsmd:catalog>
              <imsmd:entry>Science</imsmd:entry>
            </imsmd:identifier>
          </imsmd:metaMetadata>
        </imsmd:lom>
      </metadata>
      <file href="QUE_219495.xml"/>
    </resource>
    <resource identifier="QUE_219496" type="imsqti_item_xmlv2p1" href="QUE_219496.xml">
      <metadata>
        <imsqti:qtiMetadata>
          <imsqti:interactionType>choiceInteraction</imsqti:interactionType>
        </imsqti:qtiMetadata>
        <imsmd:lom>
          <imsmd:general>
            <imsmd:identifier>
              <imsmd:entry>QUE_219496</imsmd:entry>
            </imsmd:identifier>
          </imsmd:general>
          <imsmd:metaMetadata>
            <imsmd:identifier>
              <imsmd:catalog>Question Type</imsmd:catalog>
              <imsmd:entry>Flashcard</imsmd:entry>
            </imsmd:identifier>
            <imsmd:identifier>
              <imsmd:catalog>Topic</imsmd:catalog>
              <imsmd:entry>Science</imsmd:entry>
            </imsmd:identifier>
          </imsmd:metaMetadata>
        </imsmd:lom>
      </metadata>
      <file href="QUE_219496.xml"/>
    </resource>
    <resource identifier="QUE_219497" type="imsqti_item_xmlv2p1" href="QUE_219497.xml">
      <metadata>
        <imsqti:qtiMetadata>
          <imsqti:interactionType>choiceInteraction</imsqti:interactionType>
        </imsqti:qtiMetadata>
        <imsmd:lom>
          <imsmd:general>
            <imsmd:identifier>
              <imsmd:entry>QUE_219497</imsmd:entry>
            </imsmd:identifier>
          </imsmd:general>
          <imsmd:metaMetadata>
            <imsmd:identifier>
              <imsmd:catalog>Question Type</imsmd:catalog>
              <imsmd:entry>Flashcard</imsmd:entry>
            </imsmd:identifier>
            <imsmd:identifier>
              <imsmd:catalog>Topic</imsmd:catalog>
              <imsmd:entry>Science</imsmd:entry>
            </imsmd:identifier>
          </imsmd:metaMetadata>
        </imsmd:lom>
      </metadata>
      <file href="QUE_219497.xml"/>
    </resource>
    <resource identifier="QUE_219498" type="imsqti_item_xmlv2p1" href="QUE_219498.xml">
      <metadata>
        <imsqti:qtiMetadata>
          <imsqti:interactionType>choiceInteraction</imsqti:interactionType>
        </imsqti:qtiMetadata>
        <imsmd:lom>
          <imsmd:general>
            <imsmd:identifier>
              <imsmd:entry>QUE_219498</imsmd:entry>
            </imsmd:identifier>
          </imsmd:general>
          <imsmd:metaMetadata>
            <imsmd:identifier>
              <imsmd:catalog>Question Type</imsmd:catalog>
              <imsmd:entry>Flashcard</imsmd:entry>
            </imsmd:identifier>
            <imsmd:identifier>
              <imsmd:catalog>Topic</imsmd:catalog>
              <imsmd:entry>Science</imsmd:entry>
            </imsmd:identifier>
          </imsmd:metaMetadata>
        </imsmd:lom>
      </metadata>
      <file href="QUE_219498.xml"/>
    </resource>
    <resource identifier="QUE_219499" type="imsqti_item_xmlv2p1" href="QUE_219499.xml">
      <metadata>
        <imsqti:qtiMetadata>
          <imsqti:interactionType>choiceInteraction</imsqti:interactionType>
        </imsqti:qtiMetadata>
        <imsmd:lom>
          <imsmd:general>
            <imsmd:identifier>
              <imsmd:entry>QUE_219499</imsmd:entry>
            </imsmd:identifier>
          </imsmd:general>
          <imsmd:metaMetadata>
            <imsmd:identifier>
              <imsmd:catalog>Question Type</imsmd:catalog>
              <imsmd:entry>Flashcard</imsmd:entry>
            </imsmd:identifier>
            <imsmd:identifier>
              <imsmd:catalog>Topic</imsmd:catalog>
              <imsmd:entry>Science</imsmd:entry>
            </imsmd:identifier>
          </imsmd:metaMetadata>
        </imsmd:lom>
      </metadata>
      <file href="QUE_219499.xml"/>
    </resource>
    <resource identifier="QUE_219500" type="imsqti_item_xmlv2p1" href="QUE_219500.xml">
      <metadata>
        <imsqti:qtiMetadata>
          <imsqti:interactionType>choiceInteraction</imsqti:interactionType>
        </imsqti:qtiMetadata>
        <imsmd:lom>
          <imsmd:general>
            <imsmd:identifier>
              <imsmd:entry>QUE_219500</imsmd:entry>
            </imsmd:identifier>
          </imsmd:general>
          <imsmd:metaMetadata>
            <imsmd:identifier>
              <imsmd:catalog>Question Type</imsmd:catalog>
              <imsmd:entry>Flashcard</imsmd:entry>
            </imsmd:identifier>
            <imsmd:identifier>
              <imsmd:catalog>Topic</imsmd:catalog>
              <imsmd:entry>Science</imsmd:entry>
            </imsmd:identifier>
          </imsmd:metaMetadata>
        </imsmd:lom>
      </metadata>
      <file href="QUE_219500.xml"/>
    </resource>
    <resource identifier="QUE_219501" type="imsqti_item_xmlv2p1" href="QUE_219501.xml">
      <metadata>
        <imsqti:qtiMetadata>
          <imsqti:interactionType>choiceInteraction</imsqti:interactionType>
        </imsqti:qtiMetadata>
        <imsmd:lom>
          <imsmd:general>
            <imsmd:identifier>
              <imsmd:entry>QUE_219501</imsmd:entry>
            </imsmd:identifier>
          </imsmd:general>
          <imsmd:metaMetadata>
            <imsmd:identifier>
              <imsmd:catalog>Question Type</imsmd:catalog>
              <imsmd:entry>Flashcard</imsmd:entry>
            </imsmd:identifier>
            <imsmd:identifier>
              <imsmd:catalog>Topic</imsmd:catalog>
              <imsmd:entry>Science</imsmd:entry>
            </imsmd:identifier>
          </imsmd:metaMetadata>
        </imsmd:lom>
      </metadata>
      <file href="QUE_219501.xml"/>
    </resource>
    <resource identifier="QUE_219502" type="imsqti_item_xmlv2p1" href="QUE_219502.xml">
      <metadata>
        <imsqti:qtiMetadata>
          <imsqti:interactionType>choiceInteraction</imsqti:interactionType>
        </imsqti:qtiMetadata>
        <imsmd:lom>
          <imsmd:general>
            <imsmd:identifier>
              <imsmd:entry>QUE_219502</imsmd:entry>
            </imsmd:identifier>
          </imsmd:general>
          <imsmd:metaMetadata>
            <imsmd:identifier>
              <imsmd:catalog>Question Type</imsmd:catalog>
              <imsmd:entry>Flashcard</imsmd:entry>
            </imsmd:identifier>
            <imsmd:identifier>
              <imsmd:catalog>Topic</imsmd:catalog>
              <imsmd:entry>Science</imsmd:entry>
            </imsmd:identifier>
          </imsmd:metaMetadata>
        </imsmd:lom>
      </metadata>
      <file href="QUE_219502.xml"/>
    </resource>
    <resource identifier="QUE_219503" type="imsqti_item_xmlv2p1" href="QUE_219503.xml">
      <metadata>
        <imsqti:qtiMetadata>
          <imsqti:interactionType>choiceInteraction</imsqti:interactionType>
        </imsqti:qtiMetadata>
        <imsmd:lom>
          <imsmd:general>
            <imsmd:identifier>
              <imsmd:entry>QUE_219503</imsmd:entry>
            </imsmd:identifier>
          </imsmd:general>
          <imsmd:metaMetadata>
            <imsmd:identifier>
              <imsmd:catalog>Question Type</imsmd:catalog>
              <imsmd:entry>Flashcard</imsmd:entry>
            </imsmd:identifier>
            <imsmd:identifier>
              <imsmd:catalog>Topic</imsmd:catalog>
              <imsmd:entry>Science</imsmd:entry>
            </imsmd:identifier>
          </imsmd:metaMetadata>
        </imsmd:lom>
      </metadata>
      <file href="QUE_219503.xml"/>
    </resource>
    <resource identifier="QUE_219504" type="imsqti_item_xmlv2p1" href="QUE_219504.xml">
      <metadata>
        <imsqti:qtiMetadata>
          <imsqti:interactionType>choiceInteraction</imsqti:interactionType>
        </imsqti:qtiMetadata>
        <imsmd:lom>
          <imsmd:general>
            <imsmd:identifier>
              <imsmd:entry>QUE_219504</imsmd:entry>
            </imsmd:identifier>
          </imsmd:general>
          <imsmd:metaMetadata>
            <imsmd:identifier>
              <imsmd:catalog>Question Type</imsmd:catalog>
              <imsmd:entry>Flashcard</imsmd:entry>
            </imsmd:identifier>
            <imsmd:identifier>
              <imsmd:catalog>Topic</imsmd:catalog>
              <imsmd:entry>Science</imsmd:entry>
            </imsmd:identifier>
          </imsmd:metaMetadata>
        </imsmd:lom>
      </metadata>
      <file href="QUE_219504.xml"/>
    </resource>
    <resource identifier="QUE_219505" type="imsqti_item_xmlv2p1" href="QUE_219505.xml">
      <metadata>
        <imsqti:qtiMetadata>
          <imsqti:interactionType>choiceInteraction</imsqti:interactionType>
        </imsqti:qtiMetadata>
        <imsmd:lom>
          <imsmd:general>
            <imsmd:identifier>
              <imsmd:entry>QUE_219505</imsmd:entry>
            </imsmd:identifier>
          </imsmd:general>
          <imsmd:metaMetadata>
            <imsmd:identifier>
              <imsmd:catalog>Question Type</imsmd:catalog>
              <imsmd:entry>Flashcard</imsmd:entry>
            </imsmd:identifier>
            <imsmd:identifier>
              <imsmd:catalog>Topic</imsmd:catalog>
              <imsmd:entry>Science</imsmd:entry>
            </imsmd:identifier>
          </imsmd:metaMetadata>
        </imsmd:lom>
      </metadata>
      <file href="QUE_219505.xml"/>
    </resource>
    <resource identifier="QUE_219506" type="imsqti_item_xmlv2p1" href="QUE_219506.xml">
      <metadata>
        <imsqti:qtiMetadata>
          <imsqti:interactionType>choiceInteraction</imsqti:interactionType>
        </imsqti:qtiMetadata>
        <imsmd:lom>
          <imsmd:general>
            <imsmd:identifier>
              <imsmd:entry>QUE_219506</imsmd:entry>
            </imsmd:identifier>
          </imsmd:general>
          <imsmd:metaMetadata>
            <imsmd:identifier>
              <imsmd:catalog>Question Type</imsmd:catalog>
              <imsmd:entry>Flashcard</imsmd:entry>
            </imsmd:identifier>
            <imsmd:identifier>
              <imsmd:catalog>Topic</imsmd:catalog>
              <imsmd:entry>Science</imsmd:entry>
            </imsmd:identifier>
          </imsmd:metaMetadata>
        </imsmd:lom>
      </metadata>
      <file href="QUE_219506.xml"/>
    </resource>
    <resource identifier="QUE_219507" type="imsqti_item_xmlv2p1" href="QUE_219507.xml">
      <metadata>
        <imsqti:qtiMetadata>
          <imsqti:interactionType>choiceInteraction</imsqti:interactionType>
        </imsqti:qtiMetadata>
        <imsmd:lom>
          <imsmd:general>
            <imsmd:identifier>
              <imsmd:entry>QUE_219507</imsmd:entry>
            </imsmd:identifier>
          </imsmd:general>
          <imsmd:metaMetadata>
            <imsmd:identifier>
              <imsmd:catalog>Question Type</imsmd:catalog>
              <imsmd:entry>Flashcard</imsmd:entry>
            </imsmd:identifier>
            <imsmd:identifier>
              <imsmd:catalog>Topic</imsmd:catalog>
              <imsmd:entry>Science</imsmd:entry>
            </imsmd:identifier>
          </imsmd:metaMetadata>
        </imsmd:lom>
      </metadata>
      <file href="QUE_219507.xml"/>
    </resource>
    <resource identifier="QUE_219508" type="imsqti_item_xmlv2p1" href="QUE_219508.xml">
      <metadata>
        <imsqti:qtiMetadata>
          <imsqti:interactionType>choiceInteraction</imsqti:interactionType>
        </imsqti:qtiMetadata>
        <imsmd:lom>
          <imsmd:general>
            <imsmd:identifier>
              <imsmd:entry>QUE_219508</imsmd:entry>
            </imsmd:identifier>
          </imsmd:general>
          <imsmd:metaMetadata>
            <imsmd:identifier>
              <imsmd:catalog>Question Type</imsmd:catalog>
              <imsmd:entry>Flashcard</imsmd:entry>
            </imsmd:identifier>
            <imsmd:identifier>
              <imsmd:catalog>Topic</imsmd:catalog>
              <imsmd:entry>Science</imsmd:entry>
            </imsmd:identifier>
          </imsmd:metaMetadata>
        </imsmd:lom>
      </metadata>
      <file href="QUE_219508.xml"/>
    </resource>
    <resource identifier="QUE_219509" type="imsqti_item_xmlv2p1" href="QUE_219509.xml">
      <metadata>
        <imsqti:qtiMetadata>
          <imsqti:interactionType>choiceInteraction</imsqti:interactionType>
        </imsqti:qtiMetadata>
        <imsmd:lom>
          <imsmd:general>
            <imsmd:identifier>
              <imsmd:entry>QUE_219509</imsmd:entry>
            </imsmd:identifier>
          </imsmd:general>
          <imsmd:metaMetadata>
            <imsmd:identifier>
              <imsmd:catalog>Question Type</imsmd:catalog>
              <imsmd:entry>Flashcard</imsmd:entry>
            </imsmd:identifier>
            <imsmd:identifier>
              <imsmd:catalog>Topic</imsmd:catalog>
              <imsmd:entry>Science</imsmd:entry>
            </imsmd:identifier>
          </imsmd:metaMetadata>
        </imsmd:lom>
      </metadata>
      <file href="QUE_219509.xml"/>
    </resource>
    <resource identifier="QUE_219510" type="imsqti_item_xmlv2p1" href="QUE_219510.xml">
      <metadata>
        <imsqti:qtiMetadata>
          <imsqti:interactionType>choiceInteraction</imsqti:interactionType>
        </imsqti:qtiMetadata>
        <imsmd:lom>
          <imsmd:general>
            <imsmd:identifier>
              <imsmd:entry>QUE_219510</imsmd:entry>
            </imsmd:identifier>
          </imsmd:general>
          <imsmd:metaMetadata>
            <imsmd:identifier>
              <imsmd:catalog>Question Type</imsmd:catalog>
              <imsmd:entry>Flashcard</imsmd:entry>
            </imsmd:identifier>
            <imsmd:identifier>
              <imsmd:catalog>Topic</imsmd:catalog>
              <imsmd:entry>Science</imsmd:entry>
            </imsmd:identifier>
          </imsmd:metaMetadata>
        </imsmd:lom>
      </metadata>
      <file href="QUE_219510.xml"/>
    </resource>
    <resource identifier="QUE_219511" type="imsqti_item_xmlv2p1" href="QUE_219511.xml">
      <metadata>
        <imsqti:qtiMetadata>
          <imsqti:interactionType>choiceInteraction</imsqti:interactionType>
        </imsqti:qtiMetadata>
        <imsmd:lom>
          <imsmd:general>
            <imsmd:identifier>
              <imsmd:entry>QUE_219511</imsmd:entry>
            </imsmd:identifier>
          </imsmd:general>
          <imsmd:metaMetadata>
            <imsmd:identifier>
              <imsmd:catalog>Question Type</imsmd:catalog>
              <imsmd:entry>Flashcard</imsmd:entry>
            </imsmd:identifier>
            <imsmd:identifier>
              <imsmd:catalog>Topic</imsmd:catalog>
              <imsmd:entry>Science</imsmd:entry>
            </imsmd:identifier>
          </imsmd:metaMetadata>
        </imsmd:lom>
      </metadata>
      <file href="QUE_219511.xml"/>
    </resource>
    <resource identifier="QUE_219512" type="imsqti_item_xmlv2p1" href="QUE_219512.xml">
      <metadata>
        <imsqti:qtiMetadata>
          <imsqti:interactionType>choiceInteraction</imsqti:interactionType>
        </imsqti:qtiMetadata>
        <imsmd:lom>
          <imsmd:general>
            <imsmd:identifier>
              <imsmd:entry>QUE_219512</imsmd:entry>
            </imsmd:identifier>
          </imsmd:general>
          <imsmd:metaMetadata>
            <imsmd:identifier>
              <imsmd:catalog>Question Type</imsmd:catalog>
              <imsmd:entry>Flashcard</imsmd:entry>
            </imsmd:identifier>
            <imsmd:identifier>
              <imsmd:catalog>Topic</imsmd:catalog>
              <imsmd:entry>Science</imsmd:entry>
            </imsmd:identifier>
          </imsmd:metaMetadata>
        </imsmd:lom>
      </metadata>
      <file href="QUE_219512.xml"/>
    </resource>
  </resources>
</manifest>
