<?xml version="1.0" encoding="UTF-8"?><questestinterop xmlns="http://www.wiley.com/namespaces/wiley/qti" xmlns:ext="http://www.wiley.com/namespaces/wiley/qti/ext" xmlns:mml="http://www.w3.org/1998/Math/MathML" xmlns:wiley="http://www.wiley.com/namespaces/wiley/wiley" xmlns:wileyml="http://www.wiley.com/namespaces/wiley" ext:guid="29582bfa-4b3b-460a-a8e3-86d643277821" xml:id="fc649472.AWSCDASG.070">
<wileyml:revisionGroup>
<wileyml:revision agent="Wiley" date="2020-10-28" severity="major" type="created"/>
</wileyml:revisionGroup>
<item ext:type="14" ident="item-0001">
<itemmetadata>
<qmd_computerscored>Yes</qmd_computerscored>
<qmd_feedbackpermitted>Yes</qmd_feedbackpermitted>
<qmd_scoringpermitted>Yes</qmd_scoringpermitted>
<qmd_toolvendor>John Wiley and Sons Inc.</qmd_toolvendor>
<qmd_solutionspermitted>Yes</qmd_solutionspermitted>
</itemmetadata>
<presentation>
<wileyml:p>What types of secondary indexes are offered by DynamoDB?</wileyml:p>
<response_lid ident="fc649472.AWSCDASG.070">
<render_choice>
<response_label ident="fc649472.AWSCDASG.070_01">
<wileyml:p>Local secondary index (LSI) ‐ An LSI is an index that has the same partition key as the base table but a different sort key. The total size of indexed items for any one partition key value can’t exceed 10 GB. You can define up to five LSIs per table.</wileyml:p>
<wileyml:p>Global secondary indexes (GSI) – A GSI is an index with a partition key and a sort key that can be different from those on the base table. A GSI has no size limitation like an LSI and you can define up to five GSIs per table.</wileyml:p>
</response_label>
</render_choice>
</response_lid>
</presentation>
<resprocessing>
<outcomes>
<decvar varname="REALSCORE"/>
</outcomes>
<respcondition>
<qticomment>Correct answer</qticomment>
<conditionvar>
<varequal respident="fc649472.AWSCDASG.070">fc649472.AWSCDASG.070_01</varequal>
</conditionvar>
<setvar action="Add" varname="REALSCORE">1</setvar>
</respcondition>
</resprocessing>
</item>
</questestinterop>