<?xml version="1.0" encoding="UTF-8"?><questestinterop xmlns="http://www.wiley.com/namespaces/wiley/qti" xmlns:ext="http://www.wiley.com/namespaces/wiley/qti/ext" xmlns:mml="http://www.w3.org/1998/Math/MathML" xmlns:wiley="http://www.wiley.com/namespaces/wiley/wiley" xmlns:wileyml="http://www.wiley.com/namespaces/wiley" ext:guid="e8c2a250-e92a-4cfb-abc5-1230388d2fbc" xml:id="fc649472.AWSCDASG.123">
<wileyml:revisionGroup>
<wileyml:revision agent="Wiley" date="2020-10-28" severity="major" type="created"/>
</wileyml:revisionGroup>
<item ext:type="14" ident="item-0001">
<itemmetadata>
<qmd_computerscored>Yes</qmd_computerscored>
<qmd_feedbackpermitted>Yes</qmd_feedbackpermitted>
<qmd_scoringpermitted>Yes</qmd_scoringpermitted>
<qmd_toolvendor>John Wiley and Sons Inc.</qmd_toolvendor>
<qmd_solutionspermitted>Yes</qmd_solutionspermitted>
</itemmetadata>
<presentation>
<wileyml:p>Which operations in Spark cause a shuffle?</wileyml:p>
<response_lid ident="fc649472.AWSCDASG.123">
<render_choice>
<response_label ident="fc649472.AWSCDASG.123_01">
<wileyml:p><wileyml:span semantics="computerUserInput">repartition()</wileyml:span></wileyml:p>
<wileyml:p><wileyml:span semantics="computerUserInput">coalesce()</wileyml:span></wileyml:p>
<wileyml:p>All <wileyml:span semantics="computerUserInput">ByKey</wileyml:span> operations, such as <wileyml:span semantics="computerUserInput">groupByKey()</wileyml:span>, <wileyml:span semantics="computerUserInput">reduceByKey()</wileyml:span> (except Counts)</wileyml:p>
<wileyml:p><wileyml:span semantics="computerUserInput">cogroup()</wileyml:span></wileyml:p>
<wileyml:p><wileyml:span semantics="computerUserInput">join()</wileyml:span></wileyml:p>
</response_label>
</render_choice>
</response_lid>
</presentation>
<resprocessing>
<outcomes>
<decvar varname="REALSCORE"/>
</outcomes>
<respcondition>
<qticomment>Correct answer</qticomment>
<conditionvar>
<varequal respident="fc649472.AWSCDASG.123">fc649472.AWSCDASG.123_01</varequal>
</conditionvar>
<setvar action="Add" varname="REALSCORE">1</setvar>
</respcondition>
</resprocessing>
</item>
</questestinterop>