<?xml version="1.0" encoding="UTF-8"?><questestinterop xmlns="http://www.wiley.com/namespaces/wiley/qti" xmlns:ext="http://www.wiley.com/namespaces/wiley/qti/ext" xmlns:mml="http://www.w3.org/1998/Math/MathML" xmlns:wiley="http://www.wiley.com/namespaces/wiley/wiley" xmlns:wileyml="http://www.wiley.com/namespaces/wiley" ext:guid="423a58fe-8e98-4195-9079-e88a6fb09647" xml:id="fc649472.AWSCDASG.017">
<wileyml:revisionGroup>
<wileyml:revision agent="Wiley" date="2020-10-28" severity="major" type="created"/>
</wileyml:revisionGroup>
<item ext:type="14" ident="item-0001">
<itemmetadata>
<qmd_computerscored>Yes</qmd_computerscored>
<qmd_feedbackpermitted>Yes</qmd_feedbackpermitted>
<qmd_scoringpermitted>Yes</qmd_scoringpermitted>
<qmd_toolvendor>John Wiley and Sons Inc.</qmd_toolvendor>
<qmd_solutionspermitted>Yes</qmd_solutionspermitted>
</itemmetadata>
<presentation>
<wileyml:p>What is KPL?</wileyml:p>
<response_lid ident="fc649472.AWSCDASG.017">
<render_choice>
<response_label ident="fc649472.AWSCDASG.017_01">
<wileyml:p>KPL stands for Kinesis producer library, a library designed to enable applications (aka producers) to write data to Kinesis streams, which simplifies the entire process of writing data to a stream and achieve better throughput. Key benefits of KPL are as follows:</wileyml:p>
<wileyml:p><wileyml:list style="plain">
<wileyml:listItem>Performance benefits (batching/aggregation)</wileyml:listItem>
<wileyml:listItem>Producer monitoring with Amazon CloudWatch</wileyml:listItem>
<wileyml:listItem>Asynchronous architecture (non‐blocking)</wileyml:listItem>
</wileyml:list></wileyml:p>
</response_label>
</render_choice>
</response_lid>
</presentation>
<resprocessing>
<outcomes>
<decvar varname="REALSCORE"/>
</outcomes>
<respcondition>
<qticomment>Correct answer</qticomment>
<conditionvar>
<varequal respident="fc649472.AWSCDASG.017">fc649472.AWSCDASG.017_01</varequal>
</conditionvar>
<setvar action="Add" varname="REALSCORE">1</setvar>
</respcondition>
</resprocessing>
</item>
</questestinterop>