<?xml version="1.0" encoding="UTF-8"?><questestinterop xmlns="http://www.wiley.com/namespaces/wiley/qti" xmlns:ext="http://www.wiley.com/namespaces/wiley/qti/ext" xmlns:mml="http://www.w3.org/1998/Math/MathML" xmlns:wiley="http://www.wiley.com/namespaces/wiley/wiley" xmlns:wileyml="http://www.wiley.com/namespaces/wiley" ext:guid="df4a1e00-8ab3-4bfb-9f7d-513faf4c44b0" xml:id="fc649472.AWSCDASG.094">
<wileyml:revisionGroup>
<wileyml:revision agent="Wiley" date="2020-10-28" severity="major" type="created"/>
</wileyml:revisionGroup>
<item ext:type="14" ident="item-0001">
<itemmetadata>
<qmd_computerscored>Yes</qmd_computerscored>
<qmd_feedbackpermitted>Yes</qmd_feedbackpermitted>
<qmd_scoringpermitted>Yes</qmd_scoringpermitted>
<qmd_toolvendor>John Wiley and Sons Inc.</qmd_toolvendor>
<qmd_solutionspermitted>Yes</qmd_solutionspermitted>
</itemmetadata>
<presentation>
<wileyml:p>What are the key use cases for Amazon Athena?</wileyml:p>
<response_lid ident="fc649472.AWSCDASG.094">
<render_choice>
<response_label ident="fc649472.AWSCDASG.094_01">
<wileyml:p>Query data in your Amazon S3–based data lake</wileyml:p>
<wileyml:p>Analyze infrastructure, operation, and application logs</wileyml:p>
<wileyml:p>Interactive analytics using popular BI tools</wileyml:p>
<wileyml:p>Self‐service data exploration for data scientists</wileyml:p>
<wileyml:p>Embed analytics capabilities into your applications.</wileyml:p>
</response_label>
</render_choice>
</response_lid>
</presentation>
<resprocessing>
<outcomes>
<decvar varname="REALSCORE"/>
</outcomes>
<respcondition>
<qticomment>Correct answer</qticomment>
<conditionvar>
<varequal respident="fc649472.AWSCDASG.094">fc649472.AWSCDASG.094_01</varequal>
</conditionvar>
<setvar action="Add" varname="REALSCORE">1</setvar>
</respcondition>
</resprocessing>
</item>
</questestinterop>