<?xml version="1.0" encoding="UTF-8"?><questestinterop xmlns="http://www.wiley.com/namespaces/wiley/qti" xmlns:ext="http://www.wiley.com/namespaces/wiley/qti/ext" xmlns:mml="http://www.w3.org/1998/Math/MathML" xmlns:wiley="http://www.wiley.com/namespaces/wiley/wiley" xmlns:wileyml="http://www.wiley.com/namespaces/wiley" ext:guid="145b84d9-70f9-48ac-b0e0-785e6a169403" xml:id="fc649472.AWSCDASG.178">
<wileyml:revisionGroup>
<wileyml:revision agent="Wiley" date="2020-10-28" severity="major" type="created"/>
</wileyml:revisionGroup>
<item ext:type="14" ident="item-0001">
<itemmetadata>
<qmd_computerscored>Yes</qmd_computerscored>
<qmd_feedbackpermitted>Yes</qmd_feedbackpermitted>
<qmd_scoringpermitted>Yes</qmd_scoringpermitted>
<qmd_toolvendor>John Wiley and Sons Inc.</qmd_toolvendor>
<qmd_solutionspermitted>Yes</qmd_solutionspermitted>
</itemmetadata>
<presentation>
<wileyml:p>What are Amazon Kinesis best practices for security?</wileyml:p>
<response_lid ident="fc649472.AWSCDASG.178">
<render_choice>
<response_label ident="fc649472.AWSCDASG.178_01">
<wileyml:p><wileyml:list style="1">
<wileyml:listItem>Create an IAM entity for Admin actions. For example, CreateStream, DeleteStream, AddTagsToStream, and RemoveTagsFromStream.</wileyml:listItem>
<wileyml:listItem>Create an IAM entity for re‐sharding of a stream. For example, MergeShards and SplitShard.</wileyml:listItem>
<wileyml:listItem>Create an IAM entity for producers to writes. For example, DescribeStream, PutRecord, and PutRecords.</wileyml:listItem>
<wileyml:listItem>Use temporary security credentials (IAM roles) instead of long‐term access keys wherever appropriate.</wileyml:listItem>
<wileyml:listItem>If data encryption is required in flight, perform client‐side encryption before sending to Amazon Kinesis.</wileyml:listItem>
<wileyml:listItem>Allow producers/consumers based on their expected user agent and source IP addresses.</wileyml:listItem>
<wileyml:listItem>Enforce use of the aws:SecureTransport condition key for every API call made to AWS.</wileyml:listItem>
</wileyml:list></wileyml:p>
</response_label>
</render_choice>
</response_lid>
</presentation>
<resprocessing>
<outcomes>
<decvar varname="REALSCORE"/>
</outcomes>
<respcondition>
<qticomment>Correct answer</qticomment>
<conditionvar>
<varequal respident="fc649472.AWSCDASG.178">fc649472.AWSCDASG.178_01</varequal>
</conditionvar>
<setvar action="Add" varname="REALSCORE">1</setvar>
</respcondition>
</resprocessing>
</item>
</questestinterop>