<?xml version="1.0" encoding="UTF-8"?><questestinterop xmlns="http://www.wiley.com/namespaces/wiley/qti" xmlns:ext="http://www.wiley.com/namespaces/wiley/qti/ext" xmlns:mml="http://www.w3.org/1998/Math/MathML" xmlns:wiley="http://www.wiley.com/namespaces/wiley/wiley" xmlns:wileyml="http://www.wiley.com/namespaces/wiley" ext:guid="f31179f0-8a9e-43a0-8603-17e046e82604" xml:id="fc649472.AWSCDASG.054">
<wileyml:revisionGroup>
<wileyml:revision agent="Wiley" date="2020-10-28" severity="major" type="created"/>
</wileyml:revisionGroup>
<item ext:type="14" ident="item-0001">
<itemmetadata>
<qmd_computerscored>Yes</qmd_computerscored>
<qmd_feedbackpermitted>Yes</qmd_feedbackpermitted>
<qmd_scoringpermitted>Yes</qmd_scoringpermitted>
<qmd_toolvendor>John Wiley and Sons Inc.</qmd_toolvendor>
<qmd_solutionspermitted>Yes</qmd_solutionspermitted>
</itemmetadata>
<presentation>
<wileyml:p>What are the key benefits of an S3 data lake?</wileyml:p>
<response_lid ident="fc649472.AWSCDASG.054">
<render_choice>
<response_label ident="fc649472.AWSCDASG.054_01">
<wileyml:p>The key benefits for setting up a data lake:</wileyml:p>
<wileyml:p><wileyml:list style="plain">
<wileyml:listItem>Central data storage – The ability to store the data in a central location and to use a variety of services to analyze it depending on the use case.</wileyml:listItem>
<wileyml:listItem>Flexibility of ingestion via schema‐on‐read – The ingesting of data to a central repository without a predefined schema.</wileyml:listItem>
<wileyml:listItem>Scalability – Separate storage and computation, allowing each layer to scale independently of the other.</wileyml:listItem>
<wileyml:listItem>Flexibility of compute – The ability to perform ad hoc analysis of the data and to move the computation of the data for optimal processing.</wileyml:listItem>
</wileyml:list></wileyml:p>
</response_label>
</render_choice>
</response_lid>
</presentation>
<resprocessing>
<outcomes>
<decvar varname="REALSCORE"/>
</outcomes>
<respcondition>
<qticomment>Correct answer</qticomment>
<conditionvar>
<varequal respident="fc649472.AWSCDASG.054">fc649472.AWSCDASG.054_01</varequal>
</conditionvar>
<setvar action="Add" varname="REALSCORE">1</setvar>
</respcondition>
</resprocessing>
</item>
</questestinterop>