<?xml version="1.0" encoding="UTF-8"?><questestinterop xmlns="http://www.wiley.com/namespaces/wiley/qti" xmlns:ext="http://www.wiley.com/namespaces/wiley/qti/ext" xmlns:mml="http://www.w3.org/1998/Math/MathML" xmlns:wiley="http://www.wiley.com/namespaces/wiley/wiley" xmlns:wileyml="http://www.wiley.com/namespaces/wiley" ext:guid="1eb6f30b-b2e2-48e5-a8e4-98187e6f1e72" xml:id="fc649472.AWSCDASG.157">
<wileyml:revisionGroup>
<wileyml:revision agent="Wiley" date="2020-10-28" severity="major" type="created"/>
</wileyml:revisionGroup>
<item ext:type="14" ident="item-0001">
<itemmetadata>
<qmd_computerscored>Yes</qmd_computerscored>
<qmd_feedbackpermitted>Yes</qmd_feedbackpermitted>
<qmd_scoringpermitted>Yes</qmd_scoringpermitted>
<qmd_toolvendor>John Wiley and Sons Inc.</qmd_toolvendor>
<qmd_solutionspermitted>Yes</qmd_solutionspermitted>
</itemmetadata>
<presentation>
<wileyml:p>What relational data sources does Amazon QuickSight support?</wileyml:p>
<response_lid ident="fc649472.AWSCDASG.157">
<render_choice>
<response_label ident="fc649472.AWSCDASG.157_01">
<wileyml:p><wileyml:tabularFixed>
<wileyml:table frame="none">
<wileyml:tgroup cols="2">
<wileyml:colspec align="left" colname="col1" colnum="1"/>
<wileyml:colspec align="left" colname="col2" colnum="2"/>
<wileyml:tbody>
<wileyml:row>
<wileyml:entry valign="top">Amazon Athena</wileyml:entry>
<wileyml:entry valign="top">Maria DB</wileyml:entry>
</wileyml:row>
<wileyml:row>
<wileyml:entry valign="top">Amazon RDS</wileyml:entry>
<wileyml:entry valign="top">Apache Presto</wileyml:entry>
</wileyml:row>
<wileyml:row>
<wileyml:entry valign="top">Amazon Redshift (auto‐discovered)</wileyml:entry>
<wileyml:entry valign="top">Apache Spark</wileyml:entry>
</wileyml:row>
<wileyml:row>
<wileyml:entry valign="top">Amazon Redshift (manual connect)</wileyml:entry>
<wileyml:entry valign="top">Teradata</wileyml:entry>
</wileyml:row>
<wileyml:row>
<wileyml:entry valign="top">MySQL</wileyml:entry>
<wileyml:entry valign="top">Snowflake</wileyml:entry>
</wileyml:row>
<wileyml:row>
<wileyml:entry valign="top">PostgreSQL</wileyml:entry>
<wileyml:entry valign="top">Amazon S3 Analytics</wileyml:entry>
</wileyml:row>
<wileyml:row>
<wileyml:entry valign="top">Microsoft SQL Server</wileyml:entry>
<wileyml:entry valign="top">Amazon S3</wileyml:entry>
</wileyml:row>
<wileyml:row>
<wileyml:entry valign="top">Amazon Aurora</wileyml:entry>
<wileyml:entry valign="top">AWS IoT Analytics</wileyml:entry>
</wileyml:row>
</wileyml:tbody>
</wileyml:tgroup>
</wileyml:table>
</wileyml:tabularFixed></wileyml:p>
</response_label>
</render_choice>
</response_lid>
</presentation>
<resprocessing>
<outcomes>
<decvar varname="REALSCORE"/>
</outcomes>
<respcondition>
<qticomment>Correct answer</qticomment>
<conditionvar>
<varequal respident="fc649472.AWSCDASG.157">fc649472.AWSCDASG.157_01</varequal>
</conditionvar>
<setvar action="Add" varname="REALSCORE">1</setvar>
</respcondition>
</resprocessing>
</item>
</questestinterop>