<?xml version="1.0" encoding="UTF-8"?><questestinterop xmlns="http://www.wiley.com/namespaces/wiley/qti" xmlns:ext="http://www.wiley.com/namespaces/wiley/qti/ext" xmlns:mml="http://www.w3.org/1998/Math/MathML" xmlns:wiley="http://www.wiley.com/namespaces/wiley/wiley" xmlns:wileyml="http://www.wiley.com/namespaces/wiley" ext:guid="c0de9fb0-be69-4a01-92d8-64d0facc33da" xml:id="fc649472.AWSCDASG.033">
<wileyml:revisionGroup>
<wileyml:revision agent="Wiley" date="2020-10-28" severity="major" type="created"/>
</wileyml:revisionGroup>
<item ext:type="14" ident="item-0001">
<itemmetadata>
<qmd_computerscored>Yes</qmd_computerscored>
<qmd_feedbackpermitted>Yes</qmd_feedbackpermitted>
<qmd_scoringpermitted>Yes</qmd_scoringpermitted>
<qmd_toolvendor>John Wiley and Sons Inc.</qmd_toolvendor>
<qmd_solutionspermitted>Yes</qmd_solutionspermitted>
</itemmetadata>
<presentation>
<wileyml:p>What are the key benefits of Amazon Kinesis Video Streams?</wileyml:p>
<response_lid ident="fc649472.AWSCDASG.033">
<render_choice>
<response_label ident="fc649472.AWSCDASG.033_01">
<wileyml:p>The key benefits of Kinesis video streams for a customer are as follows:</wileyml:p>
<wileyml:p><wileyml:list style="plain">
<wileyml:listItem>Connect and stream from millions of devices.</wileyml:listItem>
<wileyml:listItem>Store and index the data in a durable manner.</wileyml:listItem>
<wileyml:listItem>Focus on the business case rather than the infrastructure management.</wileyml:listItem>
<wileyml:listItem>Pay‐as‐you‐go model for pricing.</wileyml:listItem>
<wileyml:listItem>Stream your data in a secure manner.</wileyml:listItem>
<wileyml:listItem>Build real‐time and batch applications.</wileyml:listItem>
</wileyml:list></wileyml:p>
</response_label>
</render_choice>
</response_lid>
</presentation>
<resprocessing>
<outcomes>
<decvar varname="REALSCORE"/>
</outcomes>
<respcondition>
<qticomment>Correct answer</qticomment>
<conditionvar>
<varequal respident="fc649472.AWSCDASG.033">fc649472.AWSCDASG.033_01</varequal>
</conditionvar>
<setvar action="Add" varname="REALSCORE">1</setvar>
</respcondition>
</resprocessing>
</item>
</questestinterop>