<?xml version="1.0" encoding="UTF-8"?><questestinterop xmlns="http://www.wiley.com/namespaces/wiley/qti" xmlns:ext="http://www.wiley.com/namespaces/wiley/qti/ext" xmlns:mml="http://www.w3.org/1998/Math/MathML" xmlns:wiley="http://www.wiley.com/namespaces/wiley/wiley" xmlns:wileyml="http://www.wiley.com/namespaces/wiley" ext:guid="57199292-e047-495f-9238-4369ad71839d" xml:id="fc649472.AWSCDASG.086">
<wileyml:revisionGroup>
<wileyml:revision agent="Wiley" date="2020-10-28" severity="major" type="created"/>
</wileyml:revisionGroup>
<item ext:type="14" ident="item-0001">
<itemmetadata>
<qmd_computerscored>Yes</qmd_computerscored>
<qmd_feedbackpermitted>Yes</qmd_feedbackpermitted>
<qmd_scoringpermitted>Yes</qmd_scoringpermitted>
<qmd_toolvendor>John Wiley and Sons Inc.</qmd_toolvendor>
<qmd_solutionspermitted>Yes</qmd_solutionspermitted>
</itemmetadata>
<presentation>
<wileyml:p>What are the two configurations for Volume Gateway?</wileyml:p>
<response_lid ident="fc649472.AWSCDASG.086">
<render_choice>
<response_label ident="fc649472.AWSCDASG.086_01">
<wileyml:p>Cached volume – Store all data in Amazon S3, store frequently accessed data locally, thus providing lower latency for applications requiring tighter SLAs. Cached volumes range from 1–32 GB in size, where each gateway can support up to 32 volumes, thus giving a maximum storage of 1,024 TB (1 PB).</wileyml:p>
<wileyml:p>Stored volumes – Store all data locally but asynchronously back up to Amazon S3. Great option for durable low‐cost backups.</wileyml:p>
</response_label>
</render_choice>
</response_lid>
</presentation>
<resprocessing>
<outcomes>
<decvar varname="REALSCORE"/>
</outcomes>
<respcondition>
<qticomment>Correct answer</qticomment>
<conditionvar>
<varequal respident="fc649472.AWSCDASG.086">fc649472.AWSCDASG.086_01</varequal>
</conditionvar>
<setvar action="Add" varname="REALSCORE">1</setvar>
</respcondition>
</resprocessing>
</item>
</questestinterop>