<?xml version="1.0" encoding="UTF-8"?><questestinterop xmlns="http://www.wiley.com/namespaces/wiley/qti" xmlns:ext="http://www.wiley.com/namespaces/wiley/qti/ext" xmlns:mml="http://www.w3.org/1998/Math/MathML" xmlns:wiley="http://www.wiley.com/namespaces/wiley/wiley" xmlns:wileyml="http://www.wiley.com/namespaces/wiley" ext:guid="5849e3e6-ef2c-4fdb-af4d-cbccb10293c2" xml:id="fc649472.AWSCDASG.005">
<wileyml:revisionGroup>
<wileyml:revision agent="Wiley" date="2020-10-28" severity="major" type="created"/>
</wileyml:revisionGroup>
<item ext:type="14" ident="item-0001">
<itemmetadata>
<qmd_computerscored>Yes</qmd_computerscored>
<qmd_feedbackpermitted>Yes</qmd_feedbackpermitted>
<qmd_scoringpermitted>Yes</qmd_scoringpermitted>
<qmd_toolvendor>John Wiley and Sons Inc.</qmd_toolvendor>
<qmd_solutionspermitted>Yes</qmd_solutionspermitted>
</itemmetadata>
<presentation>
<wileyml:p>Name some of the benefits of S3 storage that make S3 a key choice for your data and analytics pipeline storage and a landing zone for all of your data?</wileyml:p>
<response_lid ident="fc649472.AWSCDASG.005">
<render_choice>
<response_label ident="fc649472.AWSCDASG.005_01">
<wileyml:p>S3 provides the following benefits, which makes it a de facto storage engine for your analytics pipeline:</wileyml:p>
<wileyml:p><wileyml:list style="bulleted">
<wileyml:listItem>Support for infinite volumes of data (can easily scale your storage to Exabytes)</wileyml:listItem>
<wileyml:listItem>Support for big data frameworks (Spark, Hive, Presto, etc.)</wileyml:listItem>
<wileyml:listItem>High durability</wileyml:listItem>
<wileyml:listItem>Intelligent tiering (move the data from high‐durability/high‐cost to low‐durability/low‐cost automatically)</wileyml:listItem>
<wileyml:listItem>Secure</wileyml:listItem>
<wileyml:listItem>Low cost per GB</wileyml:listItem>
</wileyml:list></wileyml:p>
</response_label>
</render_choice>
</response_lid>
</presentation>
<resprocessing>
<outcomes>
<decvar varname="REALSCORE"/>
</outcomes>
<respcondition>
<qticomment>Correct answer</qticomment>
<conditionvar>
<varequal respident="fc649472.AWSCDASG.005">fc649472.AWSCDASG.005_01</varequal>
</conditionvar>
<setvar action="Add" varname="REALSCORE">1</setvar>
</respcondition>
</resprocessing>
</item>
</questestinterop>