<?xml version="1.0" encoding="UTF-8"?><questestinterop xmlns="http://www.wiley.com/namespaces/wiley/qti" xmlns:ext="http://www.wiley.com/namespaces/wiley/qti/ext" xmlns:mml="http://www.w3.org/1998/Math/MathML" xmlns:wiley="http://www.wiley.com/namespaces/wiley/wiley" xmlns:wileyml="http://www.wiley.com/namespaces/wiley" ext:guid="a2cf2741-04c3-484b-a062-caaac8c6a195" xml:id="fc649472.AWSCDASG.007">
<wileyml:revisionGroup>
<wileyml:revision agent="Wiley" date="2020-10-28" severity="major" type="created"/>
</wileyml:revisionGroup>
<item ext:type="14" ident="item-0001">
<itemmetadata>
<qmd_computerscored>Yes</qmd_computerscored>
<qmd_feedbackpermitted>Yes</qmd_feedbackpermitted>
<qmd_scoringpermitted>Yes</qmd_scoringpermitted>
<qmd_toolvendor>John Wiley and Sons Inc.</qmd_toolvendor>
<qmd_solutionspermitted>Yes</qmd_solutionspermitted>
</itemmetadata>
<presentation>
<wileyml:p>What are the major categories of analytics?</wileyml:p>
<response_lid ident="fc649472.AWSCDASG.007">
<render_choice>
<response_label ident="fc649472.AWSCDASG.007_01">
<wileyml:p>Analytics can be categorized as follows:</wileyml:p>
<wileyml:p><wileyml:list style="plain">
<wileyml:listItem>Batch processing and analytics: Workloads that take minutes to hours to run e.g. daily, monthly reports. These are often handled using Amazon EMR and AWS Glue.</wileyml:listItem>
<wileyml:listItem>Interactive analytics: Workloads that take seconds. Examples include self-service dashboards built using technologies like Amazon QuickSight or adhoc access via Amazon Athena.</wileyml:listItem>
<wileyml:listItem>Stream processing analytics: Workloads like fraud detection, where the latency is seconds to milliseconds and includes technologies like Spark Streaming (within Amazon EMR).</wileyml:listItem>
<wileyml:listItem>Predictive analytics: Workloads like churn prediction, fraud detection, anomaly detection, demand forecasting and speech recognition with response time from milliseconds (real-time predictive analytics) to minutes(batch) using technologies like Lex and Polly.</wileyml:listItem>
</wileyml:list></wileyml:p>
</response_label>
</render_choice>
</response_lid>
</presentation>
<resprocessing>
<outcomes>
<decvar varname="REALSCORE"/>
</outcomes>
<respcondition>
<qticomment>Correct answer</qticomment>
<conditionvar>
<varequal respident="fc649472.AWSCDASG.007">fc649472.AWSCDASG.007_01</varequal>
</conditionvar>
<setvar action="Add" varname="REALSCORE">1</setvar>
</respcondition>
</resprocessing>
</item>
</questestinterop>