<?xml version="1.0" encoding="UTF-8"?><questestinterop xmlns="http://www.wiley.com/namespaces/wiley/qti" xmlns:ext="http://www.wiley.com/namespaces/wiley/qti/ext" xmlns:mml="http://www.w3.org/1998/Math/MathML" xmlns:wiley="http://www.wiley.com/namespaces/wiley/wiley" xmlns:wileyml="http://www.wiley.com/namespaces/wiley" ext:guid="d9f7940d-2a76-44bf-859a-d2354d770ae5" xml:id="fc649472.AWSCDASG.063">
<wileyml:revisionGroup>
<wileyml:revision agent="Wiley" date="2020-10-28" severity="major" type="created"/>
</wileyml:revisionGroup>
<item ext:type="14" ident="item-0001">
<itemmetadata>
<qmd_computerscored>Yes</qmd_computerscored>
<qmd_feedbackpermitted>Yes</qmd_feedbackpermitted>
<qmd_scoringpermitted>Yes</qmd_scoringpermitted>
<qmd_toolvendor>John Wiley and Sons Inc.</qmd_toolvendor>
<qmd_solutionspermitted>Yes</qmd_solutionspermitted>
</itemmetadata>
<presentation>
<wileyml:p>What are the data types of Amazon DynamoDB?</wileyml:p>
<response_lid ident="fc649472.AWSCDASG.063">
<render_choice>
<response_label ident="fc649472.AWSCDASG.063_01">
<wileyml:p>Amazon DynamoDB offers three categories of data types Scalar, Document and Set:</wileyml:p>
<wileyml:p><wileyml:list style="1">
<wileyml:listItem><wileyml:p><wileyml:b>Scalar – Needed to represent a single value</wileyml:b></wileyml:p>
<wileyml:p>Number – Up to 38‐digit precision</wileyml:p>
<wileyml:p>String – UTF‐8 encoded strings</wileyml:p>
<wileyml:p>Binary – Length ˃0 and up to 400 KB (DynamoDB max item size limit)</wileyml:p>
<wileyml:p>Boolean – Boolean data type</wileyml:p>
<wileyml:p>Null – Null to represent an unknown or undefined state</wileyml:p></wileyml:listItem>
<wileyml:listItem><wileyml:p><wileyml:b>Document – Needed to represent complex</wileyml:b></wileyml:p>
<wileyml:p>List – List type can store an ordered collection of values.</wileyml:p>
<wileyml:p>Map – Map type can store an unordered collection of name‐value pairs.</wileyml:p></wileyml:listItem>
<wileyml:listItem><wileyml:p><wileyml:b>Set – A set type represents multiple scalar values.</wileyml:b></wileyml:p>
<wileyml:p>Examples of set types are string set, number set, and binary set.</wileyml:p></wileyml:listItem>
</wileyml:list></wileyml:p>
</response_label>
</render_choice>
</response_lid>
</presentation>
<resprocessing>
<outcomes>
<decvar varname="REALSCORE"/>
</outcomes>
<respcondition>
<qticomment>Correct answer</qticomment>
<conditionvar>
<varequal respident="fc649472.AWSCDASG.063">fc649472.AWSCDASG.063_01</varequal>
</conditionvar>
<setvar action="Add" varname="REALSCORE">1</setvar>
</respcondition>
</resprocessing>
</item>
</questestinterop>