<?xml version="1.0" encoding="UTF-8"?><questestinterop xmlns="http://www.wiley.com/namespaces/wiley/qti" xmlns:ext="http://www.wiley.com/namespaces/wiley/qti/ext" xmlns:mml="http://www.w3.org/1998/Math/MathML" xmlns:wiley="http://www.wiley.com/namespaces/wiley/wiley" xmlns:wileyml="http://www.wiley.com/namespaces/wiley" ext:guid="55ccf0ef-d508-4231-884c-a71e5c019f23" xml:id="fc649472.AWSCDASG.120">
<wileyml:revisionGroup>
<wileyml:revision agent="Wiley" date="2020-10-28" severity="major" type="created"/>
</wileyml:revisionGroup>
<item ext:type="14" ident="item-0001">
<itemmetadata>
<qmd_computerscored>Yes</qmd_computerscored>
<qmd_feedbackpermitted>Yes</qmd_feedbackpermitted>
<qmd_scoringpermitted>Yes</qmd_scoringpermitted>
<qmd_toolvendor>John Wiley and Sons Inc.</qmd_toolvendor>
<qmd_solutionspermitted>Yes</qmd_solutionspermitted>
</itemmetadata>
<presentation>
<wileyml:p>What cluster managers does Spark support?</wileyml:p>
<response_lid ident="fc649472.AWSCDASG.120">
<render_choice>
<response_label ident="fc649472.AWSCDASG.120_01">
<wileyml:p>Apache Spark supports a number of different cluster managers:</wileyml:p>
<wileyml:p><wileyml:list style="plain">
<wileyml:listItem>Standalone: Apache Spark distribution supports a simple cluster manager that is included with Spark, which makes it easy to set up a cluster.</wileyml:listItem>
<wileyml:listItem>Apache Mesos: Apache Mesos is a general‐purpose cluster manager, which is very popular in the open‐source world and allows effective resource sharing between applications running on a cluster of computers. Apache Mesos can also run Hadoop MapReduce applications.</wileyml:listItem>
<wileyml:listItem>Hadoop YARN: Hadoop YARN is the default resource manager for Hadoop clusters and supports running of Spark.</wileyml:listItem>
<wileyml:listItem>Kubernetes –Kubernetes is an open‐source system for automating, scaling, and managing the deployment of containerized applications.</wileyml:listItem>
</wileyml:list></wileyml:p>
</response_label>
</render_choice>
</response_lid>
</presentation>
<resprocessing>
<outcomes>
<decvar varname="REALSCORE"/>
</outcomes>
<respcondition>
<qticomment>Correct answer</qticomment>
<conditionvar>
<varequal respident="fc649472.AWSCDASG.120">fc649472.AWSCDASG.120_01</varequal>
</conditionvar>
<setvar action="Add" varname="REALSCORE">1</setvar>
</respcondition>
</resprocessing>
</item>
</questestinterop>