<?xml version="1.0" encoding="UTF-8"?><questestinterop xmlns="http://www.wiley.com/namespaces/wiley/qti" xmlns:ext="http://www.wiley.com/namespaces/wiley/qti/ext" xmlns:mml="http://www.w3.org/1998/Math/MathML" xmlns:wiley="http://www.wiley.com/namespaces/wiley/wiley" xmlns:wileyml="http://www.wiley.com/namespaces/wiley" ext:guid="fbc951f2-dc8e-4f12-bdbb-7d694db6acdc" xml:id="fc649472.AWSCDASG.030">
<wileyml:revisionGroup>
<wileyml:revision agent="Wiley" date="2020-10-28" severity="major" type="created"/>
</wileyml:revisionGroup>
<item ext:type="14" ident="item-0001">
<itemmetadata>
<qmd_computerscored>Yes</qmd_computerscored>
<qmd_feedbackpermitted>Yes</qmd_feedbackpermitted>
<qmd_scoringpermitted>Yes</qmd_scoringpermitted>
<qmd_toolvendor>John Wiley and Sons Inc.</qmd_toolvendor>
<qmd_solutionspermitted>Yes</qmd_solutionspermitted>
</itemmetadata>
<presentation>
<wileyml:p>What is a KPU?</wileyml:p>
<response_lid ident="fc649472.AWSCDASG.030">
<render_choice>
<response_label ident="fc649472.AWSCDASG.030_01">
<wileyml:p>A KPU is a Kinesis processing unit, which is a unit of stream processing capacity comprising 1 vCPU compute and 4 GB memory. Amazon Kinesis Data Analytics automatically scales the number of KPUs required for your stream processing application based on the demands from the application code.</wileyml:p>
<wileyml:p>Java applications require a single KPU for application orchestration in addition to the KPUs for processing the stream of data.</wileyml:p>
</response_label>
</render_choice>
</response_lid>
</presentation>
<resprocessing>
<outcomes>
<decvar varname="REALSCORE"/>
</outcomes>
<respcondition>
<qticomment>Correct answer</qticomment>
<conditionvar>
<varequal respident="fc649472.AWSCDASG.030">fc649472.AWSCDASG.030_01</varequal>
</conditionvar>
<setvar action="Add" varname="REALSCORE">1</setvar>
</respcondition>
</resprocessing>
</item>
</questestinterop>