<?xml version="1.0" encoding="UTF-8"?><questestinterop xmlns="http://www.wiley.com/namespaces/wiley/qti" xmlns:ext="http://www.wiley.com/namespaces/wiley/qti/ext" xmlns:mml="http://www.w3.org/1998/Math/MathML" xmlns:wiley="http://www.wiley.com/namespaces/wiley/wiley" xmlns:wileyml="http://www.wiley.com/namespaces/wiley" ext:guid="1debfd2e-5d46-49fc-a615-4d6aafd0a9d1" xml:id="fc649472.AWSCDASG.108">
<wileyml:revisionGroup>
<wileyml:revision agent="Wiley" date="2020-10-28" severity="major" type="created"/>
</wileyml:revisionGroup>
<item ext:type="14" ident="item-0001">
<itemmetadata>
<qmd_computerscored>Yes</qmd_computerscored>
<qmd_feedbackpermitted>Yes</qmd_feedbackpermitted>
<qmd_scoringpermitted>Yes</qmd_scoringpermitted>
<qmd_toolvendor>John Wiley and Sons Inc.</qmd_toolvendor>
<qmd_solutionspermitted>Yes</qmd_solutionspermitted>
</itemmetadata>
<presentation>
<wileyml:p>Where are logs for Hadoop cluster stored?</wileyml:p>
<response_lid ident="fc649472.AWSCDASG.108">
<render_choice>
<response_label ident="fc649472.AWSCDASG.108_01">
<wileyml:p>By default, logs are written to the master node in <wileyml:span semantics="computerUserInput">/mnt/var/log</wileyml:span> for the following components:</wileyml:p>
<wileyml:p><wileyml:list style="plain">
<wileyml:listItem>Step logs</wileyml:listItem>
<wileyml:listItem>Hadoop and YARN component logs</wileyml:listItem>
<wileyml:listItem>Bootstrap action logs</wileyml:listItem>
<wileyml:listItem>Instance state logs</wileyml:listItem>
</wileyml:list></wileyml:p>
<wileyml:p>If you have checked the logging box while configuring your cluster, the logs will also be written to S3 on a 5‐minute interval.</wileyml:p>
</response_label>
</render_choice>
</response_lid>
</presentation>
<resprocessing>
<outcomes>
<decvar varname="REALSCORE"/>
</outcomes>
<respcondition>
<qticomment>Correct answer</qticomment>
<conditionvar>
<varequal respident="fc649472.AWSCDASG.108">fc649472.AWSCDASG.108_01</varequal>
</conditionvar>
<setvar action="Add" varname="REALSCORE">1</setvar>
</respcondition>
</resprocessing>
</item>
</questestinterop>