<?xml version="1.0" encoding="UTF-8"?><questestinterop xmlns="http://www.wiley.com/namespaces/wiley/qti" xmlns:ext="http://www.wiley.com/namespaces/wiley/qti/ext" xmlns:mml="http://www.w3.org/1998/Math/MathML" xmlns:wiley="http://www.wiley.com/namespaces/wiley/wiley" xmlns:wileyml="http://www.wiley.com/namespaces/wiley" ext:guid="b5bb99c9-985e-4dcf-a3e0-8d87d53fa777" xml:id="fc649472.AWSCDASG.028">
<wileyml:revisionGroup>
<wileyml:revision agent="Wiley" date="2020-10-28" severity="major" type="created"/>
</wileyml:revisionGroup>
<item ext:type="14" ident="item-0001">
<itemmetadata>
<qmd_computerscored>Yes</qmd_computerscored>
<qmd_feedbackpermitted>Yes</qmd_feedbackpermitted>
<qmd_scoringpermitted>Yes</qmd_scoringpermitted>
<qmd_toolvendor>John Wiley and Sons Inc.</qmd_toolvendor>
<qmd_solutionspermitted>Yes</qmd_solutionspermitted>
</itemmetadata>
<presentation>
<wileyml:p>Using a lambda function in your Kinesis application can be useful in the following scenarios:</wileyml:p>
<response_lid ident="fc649472.AWSCDASG.028">
<render_choice>
<response_label ident="fc649472.AWSCDASG.028_01">
<wileyml:p><wileyml:list style="a">
<wileyml:listItem>Transforming records from other formats (such as KPL or GZIP) into formats that Kinesis Data Analytics can analyze. Kinesis Data Analytics currently supports JSON or CSV data formats.</wileyml:listItem>
<wileyml:listItem>Expanding data into a format that is more accessible for operations such as aggregation or anomaly detection. For instance, if several data values are stored together in a string, you can expand the data into separate columns.</wileyml:listItem>
<wileyml:listItem>Data enrichment with other AWS services, such as extrapolation or error correction.</wileyml:listItem>
<wileyml:listItem>Applying complex string transformation to record fields.</wileyml:listItem>
<wileyml:listItem>Data filtering for cleaning up the data.</wileyml:listItem>
</wileyml:list></wileyml:p>
</response_label>
</render_choice>
</response_lid>
</presentation>
<resprocessing>
<outcomes>
<decvar varname="REALSCORE"/>
</outcomes>
<respcondition>
<qticomment>Correct answer</qticomment>
<conditionvar>
<varequal respident="fc649472.AWSCDASG.028">fc649472.AWSCDASG.028_01</varequal>
</conditionvar>
<setvar action="Add" varname="REALSCORE">1</setvar>
</respcondition>
</resprocessing>
</item>
</questestinterop>