<?xml version="1.0" encoding="UTF-8"?><questestinterop xmlns="http://www.wiley.com/namespaces/wiley/qti" xmlns:ext="http://www.wiley.com/namespaces/wiley/qti/ext" xmlns:mml="http://www.w3.org/1998/Math/MathML" xmlns:wiley="http://www.wiley.com/namespaces/wiley/wiley" xmlns:wileyml="http://www.wiley.com/namespaces/wiley" ext:guid="a963ec1b-0ad4-461d-a253-be708318ca07" xml:id="fc649472.AWSCDASG.103">
<wileyml:revisionGroup>
<wileyml:revision agent="Wiley" date="2020-10-28" severity="major" type="created"/>
</wileyml:revisionGroup>
<item ext:type="14" ident="item-0001">
<itemmetadata>
<qmd_computerscored>Yes</qmd_computerscored>
<qmd_feedbackpermitted>Yes</qmd_feedbackpermitted>
<qmd_scoringpermitted>Yes</qmd_scoringpermitted>
<qmd_toolvendor>John Wiley and Sons Inc.</qmd_toolvendor>
<qmd_solutionspermitted>Yes</qmd_solutionspermitted>
</itemmetadata>
<presentation>
<wileyml:p>What types of EMR clusters do customers run?</wileyml:p>
<response_lid ident="fc649472.AWSCDASG.103">
<render_choice>
<response_label ident="fc649472.AWSCDASG.103_01">
<wileyml:p>Persistent clusters – Long running, 24x7 workloads.</wileyml:p>
<wileyml:p>Transient clusters – Suitable for batch jobs. Help in separation of storage and compute.</wileyml:p>
<wileyml:p>Workload‐specific clusters – Tailored toward individual workload specifics.</wileyml:p>
</response_label>
</render_choice>
</response_lid>
</presentation>
<resprocessing>
<outcomes>
<decvar varname="REALSCORE"/>
</outcomes>
<respcondition>
<qticomment>Correct answer</qticomment>
<conditionvar>
<varequal respident="fc649472.AWSCDASG.103">fc649472.AWSCDASG.103_01</varequal>
</conditionvar>
<setvar action="Add" varname="REALSCORE">1</setvar>
</respcondition>
</resprocessing>
</item>
</questestinterop>