<?xml version="1.0" encoding="UTF-8"?><questestinterop xmlns="http://www.wiley.com/namespaces/wiley/qti" xmlns:ext="http://www.wiley.com/namespaces/wiley/qti/ext" xmlns:mml="http://www.w3.org/1998/Math/MathML" xmlns:wiley="http://www.wiley.com/namespaces/wiley/wiley" xmlns:wileyml="http://www.wiley.com/namespaces/wiley" ext:guid="94745ae5-d348-44ed-ae11-f55db14e956c" xml:id="fc649472.AWSCDASG.018">
<wileyml:revisionGroup>
<wileyml:revision agent="Wiley" date="2020-10-28" severity="major" type="created"/>
</wileyml:revisionGroup>
<item ext:type="14" ident="item-0001">
<itemmetadata>
<qmd_computerscored>Yes</qmd_computerscored>
<qmd_feedbackpermitted>Yes</qmd_feedbackpermitted>
<qmd_scoringpermitted>Yes</qmd_scoringpermitted>
<qmd_toolvendor>John Wiley and Sons Inc.</qmd_toolvendor>
<qmd_solutionspermitted>Yes</qmd_solutionspermitted>
</itemmetadata>
<presentation>
<wileyml:p>How can you read data from a Kinesis stream?</wileyml:p>
<response_lid ident="fc649472.AWSCDASG.018">
<render_choice>
<response_label ident="fc649472.AWSCDASG.018_01">
<wileyml:p>You can consume data from a Kinesis stream using the following</wileyml:p>
<wileyml:p><wileyml:list style="plain">
<wileyml:listItem>KDA (Kinesis Data Analytics)</wileyml:listItem>
<wileyml:listItem>Kinesis Data Firehose</wileyml:listItem>
<wileyml:listItem>AWS Lambda</wileyml:listItem>
<wileyml:listItem>Custom consumers using KCL (Kinesis Client Library)</wileyml:listItem>
</wileyml:list></wileyml:p>
</response_label>
</render_choice>
</response_lid>
</presentation>
<resprocessing>
<outcomes>
<decvar varname="REALSCORE"/>
</outcomes>
<respcondition>
<qticomment>Correct answer</qticomment>
<conditionvar>
<varequal respident="fc649472.AWSCDASG.018">fc649472.AWSCDASG.018_01</varequal>
</conditionvar>
<setvar action="Add" varname="REALSCORE">1</setvar>
</respcondition>
</resprocessing>
</item>
</questestinterop>