<?xml version="1.0" encoding="UTF-8"?><questestinterop xmlns="http://www.wiley.com/namespaces/wiley/qti" xmlns:ext="http://www.wiley.com/namespaces/wiley/qti/ext" xmlns:mml="http://www.w3.org/1998/Math/MathML" xmlns:wiley="http://www.wiley.com/namespaces/wiley/wiley" xmlns:wileyml="http://www.wiley.com/namespaces/wiley" ext:guid="4d773509-2987-4b63-a704-7c5c2b32a744" xml:id="fc649472.AWSCDASG.176">
<wileyml:revisionGroup>
<wileyml:revision agent="Wiley" date="2020-10-28" severity="major" type="created"/>
</wileyml:revisionGroup>
<item ext:type="14" ident="item-0001">
<itemmetadata>
<qmd_computerscored>Yes</qmd_computerscored>
<qmd_feedbackpermitted>Yes</qmd_feedbackpermitted>
<qmd_scoringpermitted>Yes</qmd_scoringpermitted>
<qmd_toolvendor>John Wiley and Sons Inc.</qmd_toolvendor>
<qmd_solutionspermitted>Yes</qmd_solutionspermitted>
</itemmetadata>
<presentation>
<wileyml:p>Amazon Elasticsearch service has what three main layers of security?</wileyml:p>
<response_lid ident="fc649472.AWSCDASG.176">
<render_choice>
<response_label ident="fc649472.AWSCDASG.176_01">
<wileyml:p>Network – This is the first layer that determines if a request can reach an Amazon Elasticsearch domain at all.</wileyml:p>
<wileyml:p>Domain access policy – Once the request reaches the Amazon Elasticsearch domain or a domain endpoint, you can use a resource‐based access policy to accept or deny the request to a specific URI. The access policy therefore rejects requests at the end of a domain before they reach Elasticsearch itself.</wileyml:p>
<wileyml:p>Fine‐grained access control (FGAC) – Once the request has passed the network and domain access policy check, FGAC checks the user credentials and authenticates or denies a request. Once FGAC authenticates the request, all the roles mapped to that user and the complete set of permissions are fetched to determine how to best handle the request.</wileyml:p>
</response_label>
</render_choice>
</response_lid>
</presentation>
<resprocessing>
<outcomes>
<decvar varname="REALSCORE"/>
</outcomes>
<respcondition>
<qticomment>Correct answer</qticomment>
<conditionvar>
<varequal respident="fc649472.AWSCDASG.176">fc649472.AWSCDASG.176_01</varequal>
</conditionvar>
<setvar action="Add" varname="REALSCORE">1</setvar>
</respcondition>
</resprocessing>
</item>
</questestinterop>