<?xml version="1.0" encoding="UTF-8"?><questestinterop xmlns="http://www.wiley.com/namespaces/wiley/qti" xmlns:ext="http://www.wiley.com/namespaces/wiley/qti/ext" xmlns:mml="http://www.w3.org/1998/Math/MathML" xmlns:wiley="http://www.wiley.com/namespaces/wiley/wiley" xmlns:wileyml="http://www.wiley.com/namespaces/wiley" ext:guid="544795dd-9a63-4b31-b7e2-9467d038399c" xml:id="fc649472.AWSCDASG.117">
<wileyml:revisionGroup>
<wileyml:revision agent="Wiley" date="2020-10-28" severity="major" type="created"/>
</wileyml:revisionGroup>
<item ext:type="14" ident="item-0001">
<itemmetadata>
<qmd_computerscored>Yes</qmd_computerscored>
<qmd_feedbackpermitted>Yes</qmd_feedbackpermitted>
<qmd_scoringpermitted>Yes</qmd_scoringpermitted>
<qmd_toolvendor>John Wiley and Sons Inc.</qmd_toolvendor>
<qmd_solutionspermitted>Yes</qmd_solutionspermitted>
</itemmetadata>
<presentation>
<wileyml:p>What are major components of Apache Spark?</wileyml:p>
<response_lid ident="fc649472.AWSCDASG.117">
<render_choice>
<response_label ident="fc649472.AWSCDASG.117_01">
<wileyml:p>Apache Spark has the following major components:</wileyml:p>
<wileyml:p><wileyml:list style="plain">
<wileyml:listItem>Driver program</wileyml:listItem>
<wileyml:listItem>Cluster manager</wileyml:listItem>
<wileyml:listItem>Worker nodes</wileyml:listItem>
<wileyml:listItem>Executors</wileyml:listItem>
<wileyml:listItem>Tasks</wileyml:listItem>
</wileyml:list></wileyml:p>
</response_label>
</render_choice>
</response_lid>
</presentation>
<resprocessing>
<outcomes>
<decvar varname="REALSCORE"/>
</outcomes>
<respcondition>
<qticomment>Correct answer</qticomment>
<conditionvar>
<varequal respident="fc649472.AWSCDASG.117">fc649472.AWSCDASG.117_01</varequal>
</conditionvar>
<setvar action="Add" varname="REALSCORE">1</setvar>
</respcondition>
</resprocessing>
</item>
</questestinterop>