<?xml version="1.0" encoding="UTF-8"?><questestinterop xmlns="http://www.wiley.com/namespaces/wiley/qti" xmlns:ext="http://www.wiley.com/namespaces/wiley/qti/ext" xmlns:mml="http://www.w3.org/1998/Math/MathML" xmlns:wiley="http://www.wiley.com/namespaces/wiley/wiley" xmlns:wileyml="http://www.wiley.com/namespaces/wiley" ext:guid="0849fcba-5779-4690-a765-7e906fe80eb8" xml:id="fc649472.AWSCDASG.074">
<wileyml:revisionGroup>
<wileyml:revision agent="Wiley" date="2020-10-28" severity="major" type="created"/>
</wileyml:revisionGroup>
<item ext:type="14" ident="item-0001">
<itemmetadata>
<qmd_computerscored>Yes</qmd_computerscored>
<qmd_feedbackpermitted>Yes</qmd_feedbackpermitted>
<qmd_scoringpermitted>Yes</qmd_scoringpermitted>
<qmd_toolvendor>John Wiley and Sons Inc.</qmd_toolvendor>
<qmd_solutionspermitted>Yes</qmd_solutionspermitted>
</itemmetadata>
<presentation>
<wileyml:p>What are DynamoDB WCU and RCU?</wileyml:p>
<response_lid ident="fc649472.AWSCDASG.074">
<render_choice>
<response_label ident="fc649472.AWSCDASG.074_01">
<wileyml:p>WCU stands for <wileyml:i>write capacity unit</wileyml:i> for DynamoDB. One write capacity unit represents one write per second for an item up to 1 KB in size. If you need to write an item larger than 1 KB in size, DynamoDB will consume additional WCU.</wileyml:p>
<wileyml:p>RCU stands for <wileyml:i>read capacity unit</wileyml:i> for DynamoDB. O. One read capacity unit represents one strongly consistent read per second, or two eventually consistent reads per second, for an item up to 4 KB in size. </wileyml:p>
<wileyml:p>WCU and RCU are specified when you choose the provisioned mode for your tables.</wileyml:p>
</response_label>
</render_choice>
</response_lid>
</presentation>
<resprocessing>
<outcomes>
<decvar varname="REALSCORE"/>
</outcomes>
<respcondition>
<qticomment>Correct answer</qticomment>
<conditionvar>
<varequal respident="fc649472.AWSCDASG.074">fc649472.AWSCDASG.074_01</varequal>
</conditionvar>
<setvar action="Add" varname="REALSCORE">1</setvar>
</respcondition>
</resprocessing>
</item>
</questestinterop>