<?xml version="1.0" encoding="UTF-8"?><questestinterop xmlns="http://www.wiley.com/namespaces/wiley/qti" xmlns:ext="http://www.wiley.com/namespaces/wiley/qti/ext" xmlns:mml="http://www.w3.org/1998/Math/MathML" xmlns:wiley="http://www.wiley.com/namespaces/wiley/wiley" xmlns:wileyml="http://www.wiley.com/namespaces/wiley" ext:guid="9fb0a97c-6902-4a2c-a1d9-aee7fdcbc2fe" xml:id="fc649472.AWSCDASG.126">
<wileyml:revisionGroup>
<wileyml:revision agent="Wiley" date="2020-10-28" severity="major" type="created"/>
</wileyml:revisionGroup>
<item ext:type="14" ident="item-0001">
<itemmetadata>
<qmd_computerscored>Yes</qmd_computerscored>
<qmd_feedbackpermitted>Yes</qmd_feedbackpermitted>
<qmd_scoringpermitted>Yes</qmd_scoringpermitted>
<qmd_toolvendor>John Wiley and Sons Inc.</qmd_toolvendor>
<qmd_solutionspermitted>Yes</qmd_solutionspermitted>
</itemmetadata>
<presentation>
<wileyml:p>What window operations are available with Spark streaming?</wileyml:p>
<response_lid ident="fc649472.AWSCDASG.126">
<render_choice>
<response_label ident="fc649472.AWSCDASG.126_01">
<wileyml:p><wileyml:span semantics="computerUserInput">window(windowLength, slideInterval)</wileyml:span></wileyml:p>
<wileyml:p><wileyml:span semantics="computerUserInput">countByWindow(windowLength,slideInterval)</wileyml:span></wileyml:p>
<wileyml:p><wileyml:span semantics="computerUserInput">reduceByWindow(func, windowLength, slideInterval)</wileyml:span></wileyml:p>
<wileyml:p><wileyml:span semantics="computerUserInput">reduceByKeyAndWindow(func, windowLength, slideInterval, [numTasks])</wileyml:span></wileyml:p>
<wileyml:p><wileyml:span semantics="computerUserInput">reduceByKeyAndWindow</wileyml:span></wileyml:p>
<wileyml:p><wileyml:span semantics="computerUserInput">countByValueAndWindow</wileyml:span></wileyml:p>
</response_label>
</render_choice>
</response_lid>
</presentation>
<resprocessing>
<outcomes>
<decvar varname="REALSCORE"/>
</outcomes>
<respcondition>
<qticomment>Correct answer</qticomment>
<conditionvar>
<varequal respident="fc649472.AWSCDASG.126">fc649472.AWSCDASG.126_01</varequal>
</conditionvar>
<setvar action="Add" varname="REALSCORE">1</setvar>
</respcondition>
</resprocessing>
</item>
</questestinterop>