<?xml version="1.0" encoding="UTF-8"?><questestinterop xmlns="http://www.wiley.com/namespaces/wiley/qti" xmlns:ext="http://www.wiley.com/namespaces/wiley/qti/ext" xmlns:mml="http://www.w3.org/1998/Math/MathML" xmlns:wiley="http://www.wiley.com/namespaces/wiley/wiley" xmlns:wileyml="http://www.wiley.com/namespaces/wiley" ext:guid="70685104-072a-4291-a280-72e550576004" xml:id="fc649472.AWSCDASG.152">
<wileyml:revisionGroup>
<wileyml:revision agent="Wiley" date="2020-10-28" severity="major" type="created"/>
</wileyml:revisionGroup>
<item ext:type="14" ident="item-0001">
<itemmetadata>
<qmd_computerscored>Yes</qmd_computerscored>
<qmd_feedbackpermitted>Yes</qmd_feedbackpermitted>
<qmd_scoringpermitted>Yes</qmd_scoringpermitted>
<qmd_toolvendor>John Wiley and Sons Inc.</qmd_toolvendor>
<qmd_solutionspermitted>Yes</qmd_solutionspermitted>
</itemmetadata>
<presentation>
<wileyml:p>What are the types of network transmissions for data in Redshift?</wileyml:p>
<response_lid ident="fc649472.AWSCDASG.152">
<render_choice>
<response_label ident="fc649472.AWSCDASG.152_01">
<wileyml:p>DS_DIST_NONE – This is the ideal situation that indicates that the data for the join is co-located on the same slice; this is the most efficient option as no network transfer will occur.</wileyml:p>
<wileyml:p>DS_DIST_ALL_NONE – Indicates that the join is occurring with a table that has DISTSTYLE ALL and also does not incur network transfer.</wileyml:p>
<wileyml:p>DS_DIST_ALL_INNER – Indicates that the “inner” join table is being sent to a single node because the join table uses DISTSTYLE ALL; this join is executed on a single node and will likely be very slow.</wileyml:p>
<wileyml:p>DS_BCAST_BOTH – Indicates that both tables in the join are being broadcast to all nodes. This is the worst possible option.</wileyml:p>
</response_label>
</render_choice>
</response_lid>
</presentation>
<resprocessing>
<outcomes>
<decvar varname="REALSCORE"/>
</outcomes>
<respcondition>
<qticomment>Correct answer</qticomment>
<conditionvar>
<varequal respident="fc649472.AWSCDASG.152">fc649472.AWSCDASG.152_01</varequal>
</conditionvar>
<setvar action="Add" varname="REALSCORE">1</setvar>
</respcondition>
</resprocessing>
</item>
</questestinterop>