<?xml version="1.0" encoding="UTF-8"?><questestinterop xmlns="http://www.wiley.com/namespaces/wiley/qti" xmlns:ext="http://www.wiley.com/namespaces/wiley/qti/ext" xmlns:mml="http://www.w3.org/1998/Math/MathML" xmlns:wiley="http://www.wiley.com/namespaces/wiley/wiley" xmlns:wileyml="http://www.wiley.com/namespaces/wiley" ext:guid="85e99d84-bb87-4923-8c8b-ced49473239f" xml:id="fc649472.AWSCDASG.045">
<wileyml:revisionGroup>
<wileyml:revision agent="Wiley" date="2020-10-28" severity="major" type="created"/>
</wileyml:revisionGroup>
<item ext:type="14" ident="item-0001">
<itemmetadata>
<qmd_computerscored>Yes</qmd_computerscored>
<qmd_feedbackpermitted>Yes</qmd_feedbackpermitted>
<qmd_scoringpermitted>Yes</qmd_scoringpermitted>
<qmd_toolvendor>John Wiley and Sons Inc.</qmd_toolvendor>
<qmd_solutionspermitted>Yes</qmd_solutionspermitted>
</itemmetadata>
<presentation>
<wileyml:p>What sources does AWS DMS support?</wileyml:p>
<response_lid ident="fc649472.AWSCDASG.045">
<render_choice>
<response_label ident="fc649472.AWSCDASG.045_01">
<wileyml:p>AWS DMS supports the following databases as data sources:</wileyml:p>
<wileyml:p><wileyml:list style="plain">
<wileyml:listItem>Oracle</wileyml:listItem>
<wileyml:listItem>Microsoft SQL Server</wileyml:listItem>
<wileyml:listItem>MySQL</wileyml:listItem>
<wileyml:listItem>MariaDB</wileyml:listItem>
<wileyml:listItem>PostgreSQL</wileyml:listItem>
<wileyml:listItem>Db2 LUW</wileyml:listItem>
<wileyml:listItem>SAP</wileyml:listItem>
<wileyml:listItem>MongoDB</wileyml:listItem>
<wileyml:listItem>Amazon Aurora</wileyml:listItem>
</wileyml:list></wileyml:p>
</response_label>
</render_choice>
</response_lid>
</presentation>
<resprocessing>
<outcomes>
<decvar varname="REALSCORE"/>
</outcomes>
<respcondition>
<qticomment>Correct answer</qticomment>
<conditionvar>
<varequal respident="fc649472.AWSCDASG.045">fc649472.AWSCDASG.045_01</varequal>
</conditionvar>
<setvar action="Add" varname="REALSCORE">1</setvar>
</respcondition>
</resprocessing>
</item>
</questestinterop>