<?xml version="1.0" encoding="UTF-8"?><questestinterop xmlns="http://www.wiley.com/namespaces/wiley/qti" xmlns:ext="http://www.wiley.com/namespaces/wiley/qti/ext" xmlns:mml="http://www.w3.org/1998/Math/MathML" xmlns:wiley="http://www.wiley.com/namespaces/wiley/wiley" xmlns:wileyml="http://www.wiley.com/namespaces/wiley" ext:guid="b9409163-5638-4af2-bf6d-5c4fd0932e87" xml:id="fc649472.AWSCDASG.175">
<wileyml:revisionGroup>
<wileyml:revision agent="Wiley" date="2020-10-28" severity="major" type="created"/>
</wileyml:revisionGroup>
<item ext:type="14" ident="item-0001">
<itemmetadata>
<qmd_computerscored>Yes</qmd_computerscored>
<qmd_feedbackpermitted>Yes</qmd_feedbackpermitted>
<qmd_scoringpermitted>Yes</qmd_scoringpermitted>
<qmd_toolvendor>John Wiley and Sons Inc.</qmd_toolvendor>
<qmd_solutionspermitted>Yes</qmd_solutionspermitted>
</itemmetadata>
<presentation>
<wileyml:p>Amazon Redshift logs information in the following log files:</wileyml:p>
<response_lid ident="fc649472.AWSCDASG.175">
<render_choice>
<response_label ident="fc649472.AWSCDASG.175_01">
<wileyml:p>Connection log – This log file logs all connection attempts, connections, and disconnections. This log is primarily for security purposes.</wileyml:p>
<wileyml:p>User log – This log file logs information about changes to database user definitions. This log is primarily for security purposes.</wileyml:p>
<wileyml:p>User activity log – This log provides every query that is submitted to the database. The user activity log is primarily for debugging purposes as it helps you understand all the queries sent to the database, which includes queries from the users and the database itself.</wileyml:p>
</response_label>
</render_choice>
</response_lid>
</presentation>
<resprocessing>
<outcomes>
<decvar varname="REALSCORE"/>
</outcomes>
<respcondition>
<qticomment>Correct answer</qticomment>
<conditionvar>
<varequal respident="fc649472.AWSCDASG.175">fc649472.AWSCDASG.175_01</varequal>
</conditionvar>
<setvar action="Add" varname="REALSCORE">1</setvar>
</respcondition>
</resprocessing>
</item>
</questestinterop>