<?xml version="1.0" encoding="UTF-8"?><questestinterop xmlns="http://www.wiley.com/namespaces/wiley/qti" xmlns:ext="http://www.wiley.com/namespaces/wiley/qti/ext" xmlns:mml="http://www.w3.org/1998/Math/MathML" xmlns:wiley="http://www.wiley.com/namespaces/wiley/wiley" xmlns:wileyml="http://www.wiley.com/namespaces/wiley" ext:guid="8f0ef125-6948-419e-b585-c975c3994559" xml:id="fc649472.AWSCDASG.142">
<wileyml:revisionGroup>
<wileyml:revision agent="Wiley" date="2020-10-28" severity="major" type="created"/>
</wileyml:revisionGroup>
<item ext:type="14" ident="item-0001">
<itemmetadata>
<qmd_computerscored>Yes</qmd_computerscored>
<qmd_feedbackpermitted>Yes</qmd_feedbackpermitted>
<qmd_scoringpermitted>Yes</qmd_scoringpermitted>
<qmd_toolvendor>John Wiley and Sons Inc.</qmd_toolvendor>
<qmd_solutionspermitted>Yes</qmd_solutionspermitted>
</itemmetadata>
<presentation>
<wileyml:p>Redshift supports JSON data handling using what functions?</wileyml:p>
<response_lid ident="fc649472.AWSCDASG.142">
<render_choice>
<response_label ident="fc649472.AWSCDASG.142_01">
<wileyml:p><wileyml:span semantics="computerUserInput">IS_VALID_JSON</wileyml:span></wileyml:p>
<wileyml:p><wileyml:span semantics="computerUserInput">IS_VALID_JSON_ARRAY</wileyml:span></wileyml:p>
<wileyml:p><wileyml:span semantics="computerUserInput">JSON_ARRAY_LENGTH</wileyml:span></wileyml:p>
<wileyml:p><wileyml:span semantics="computerUserInput">JSON_EXTRACT_ARRAY_ELEMENT_TEXT</wileyml:span></wileyml:p>
<wileyml:p><wileyml:span semantics="computerUserInput">JSON_EXTRACT_PATH_TEXT</wileyml:span></wileyml:p>
</response_label>
</render_choice>
</response_lid>
</presentation>
<resprocessing>
<outcomes>
<decvar varname="REALSCORE"/>
</outcomes>
<respcondition>
<qticomment>Correct answer</qticomment>
<conditionvar>
<varequal respident="fc649472.AWSCDASG.142">fc649472.AWSCDASG.142_01</varequal>
</conditionvar>
<setvar action="Add" varname="REALSCORE">1</setvar>
</respcondition>
</resprocessing>
</item>
</questestinterop>