<?xml version="1.0" encoding="UTF-8"?><questestinterop xmlns="http://www.wiley.com/namespaces/wiley/qti" xmlns:ext="http://www.wiley.com/namespaces/wiley/qti/ext" xmlns:mml="http://www.w3.org/1998/Math/MathML" xmlns:wiley="http://www.wiley.com/namespaces/wiley/wiley" xmlns:wileyml="http://www.wiley.com/namespaces/wiley" ext:guid="17429616-1e91-4c04-9ba0-26ec6fa0afa0" xml:id="fc649472.AWSCDASG.013">
<wileyml:revisionGroup>
<wileyml:revision agent="Wiley" date="2020-10-28" severity="major" type="created"/>
</wileyml:revisionGroup>
<item ext:type="14" ident="item-0001">
<itemmetadata>
<qmd_computerscored>Yes</qmd_computerscored>
<qmd_feedbackpermitted>Yes</qmd_feedbackpermitted>
<qmd_scoringpermitted>Yes</qmd_scoringpermitted>
<qmd_toolvendor>John Wiley and Sons Inc.</qmd_toolvendor>
<qmd_solutionspermitted>Yes</qmd_solutionspermitted>
</itemmetadata>
<presentation>
<wileyml:p>What technologies are available on the AWS platform to handle streaming data?</wileyml:p>
<response_lid ident="fc649472.AWSCDASG.013">
<render_choice>
<response_label ident="fc649472.AWSCDASG.013_01">
<wileyml:p>Amazon Kinesis Data Streams</wileyml:p>
<wileyml:p>Amazon Kinesis Video Streams</wileyml:p>
<wileyml:p>Amazon Kinesis Firehose</wileyml:p>
<wileyml:p>Amazon Kinesis Analytics (SQL and Managed Apache Flink)</wileyml:p>
<wileyml:p>Amazon Managed Streaming for Kafka</wileyml:p>
<wileyml:p>Apache Flink on Amazon EMR</wileyml:p>
<wileyml:p>Any streaming technology on EC2 instances</wileyml:p>
<wileyml:p>Streaming products on AWS Marketplace</wileyml:p>
</response_label>
</render_choice>
</response_lid>
</presentation>
<resprocessing>
<outcomes>
<decvar varname="REALSCORE"/>
</outcomes>
<respcondition>
<qticomment>Correct answer</qticomment>
<conditionvar>
<varequal respident="fc649472.AWSCDASG.013">fc649472.AWSCDASG.013_01</varequal>
</conditionvar>
<setvar action="Add" varname="REALSCORE">1</setvar>
</respcondition>
</resprocessing>
</item>
</questestinterop>