<?xml version="1.0" encoding="UTF-8"?><questestinterop xmlns="http://www.wiley.com/namespaces/wiley/qti" xmlns:ext="http://www.wiley.com/namespaces/wiley/qti/ext" xmlns:mml="http://www.w3.org/1998/Math/MathML" xmlns:wiley="http://www.wiley.com/namespaces/wiley/wiley" xmlns:wileyml="http://www.wiley.com/namespaces/wiley" ext:guid="13575215-eeaf-4f76-8682-f576acb48f31" xml:id="fc649472.AWSCDASG.159">
<wileyml:revisionGroup>
<wileyml:revision agent="Wiley" date="2020-10-28" severity="major" type="created"/>
</wileyml:revisionGroup>
<item ext:type="14" ident="item-0001">
<itemmetadata>
<qmd_computerscored>Yes</qmd_computerscored>
<qmd_feedbackpermitted>Yes</qmd_feedbackpermitted>
<qmd_scoringpermitted>Yes</qmd_scoringpermitted>
<qmd_toolvendor>John Wiley and Sons Inc.</qmd_toolvendor>
<qmd_solutionspermitted>Yes</qmd_solutionspermitted>
</itemmetadata>
<presentation>
<wileyml:p>What are some key SPICE limits?</wileyml:p>
<response_lid ident="fc649472.AWSCDASG.159">
<render_choice>
<response_label ident="fc649472.AWSCDASG.159_01">
<wileyml:p>Number of columns per dataset: 1000</wileyml:p>
<wileyml:p>Number of Unicode characters per column name: 127</wileyml:p>
<wileyml:p>Number of Unicode characters per column value: 2047</wileyml:p>
<wileyml:p>Number of files in Amazon S3 Manifest: 1000</wileyml:p>
<wileyml:p>Number of rows per data set (Standard Edition): 25 million (25,000,000) rows per dataset</wileyml:p>
<wileyml:p>Number of rows per data set (Enterprise Edition): 100 million (100,000,000) rows per dataset.</wileyml:p>
<wileyml:p>Maximum size of dataset (Standard Edition): 25 GB</wileyml:p>
<wileyml:p>Maximum size of the dataset (Enterprise Edition): 200 GB</wileyml:p>
<wileyml:p>Query timeout to a database: 2 minutes</wileyml:p>
<wileyml:p>Query projection list: 1000 columns</wileyml:p>
</response_label>
</render_choice>
</response_lid>
</presentation>
<resprocessing>
<outcomes>
<decvar varname="REALSCORE"/>
</outcomes>
<respcondition>
<qticomment>Correct answer</qticomment>
<conditionvar>
<varequal respident="fc649472.AWSCDASG.159">fc649472.AWSCDASG.159_01</varequal>
</conditionvar>
<setvar action="Add" varname="REALSCORE">1</setvar>
</respcondition>
</resprocessing>
</item>
</questestinterop>