<?xml version="1.0" encoding="UTF-8"?><questestinterop xmlns="http://www.wiley.com/namespaces/wiley/qti" xmlns:ext="http://www.wiley.com/namespaces/wiley/qti/ext" xmlns:mml="http://www.w3.org/1998/Math/MathML" xmlns:wiley="http://www.wiley.com/namespaces/wiley/wiley" xmlns:wileyml="http://www.wiley.com/namespaces/wiley" ext:guid="a69adcf0-eaac-478a-bcc2-86dc3f8e06f3" xml:id="fc649472.AWSCDASG.151">
<wileyml:revisionGroup>
<wileyml:revision agent="Wiley" date="2020-10-28" severity="major" type="created"/>
</wileyml:revisionGroup>
<item ext:type="14" ident="item-0001">
<itemmetadata>
<qmd_computerscored>Yes</qmd_computerscored>
<qmd_feedbackpermitted>Yes</qmd_feedbackpermitted>
<qmd_scoringpermitted>Yes</qmd_scoringpermitted>
<qmd_toolvendor>John Wiley and Sons Inc.</qmd_toolvendor>
<qmd_solutionspermitted>Yes</qmd_solutionspermitted>
</itemmetadata>
<presentation>
<wileyml:p>What are Redshift data loading best practices?</wileyml:p>
<response_lid ident="fc649472.AWSCDASG.151">
<render_choice>
<response_label ident="fc649472.AWSCDASG.151_01">
<wileyml:p>Use COPY command to load data whenever possible.</wileyml:p>
<wileyml:p>Use a single COPY command per table.</wileyml:p>
<wileyml:p>Writes are serial per table whereas commits are serial per cluster.</wileyml:p>
<wileyml:p>Use multi‐row inserts if COPY is not possible.</wileyml:p>
<wileyml:p>Bulk insert operations provide high performance data insertion.</wileyml:p>
<wileyml:p>Load your data in sort key order to reduce the potential need of (auto‐)VACUUM.</wileyml:p>
<wileyml:p>Split your data into multiple files.</wileyml:p>
<wileyml:p>Compress your data files.</wileyml:p>
</response_label>
</render_choice>
</response_lid>
</presentation>
<resprocessing>
<outcomes>
<decvar varname="REALSCORE"/>
</outcomes>
<respcondition>
<qticomment>Correct answer</qticomment>
<conditionvar>
<varequal respident="fc649472.AWSCDASG.151">fc649472.AWSCDASG.151_01</varequal>
</conditionvar>
<setvar action="Add" varname="REALSCORE">1</setvar>
</respcondition>
</resprocessing>
</item>
</questestinterop>