<?xml version="1.0" encoding="UTF-8"?><questestinterop xmlns="http://www.wiley.com/namespaces/wiley/qti" xmlns:ext="http://www.wiley.com/namespaces/wiley/qti/ext" xmlns:mml="http://www.w3.org/1998/Math/MathML" xmlns:wiley="http://www.wiley.com/namespaces/wiley/wiley" xmlns:wileyml="http://www.wiley.com/namespaces/wiley" ext:guid="7c190eab-d074-46ad-8eda-08f0f7890e00" xml:id="fc649472.AWSCDASG.067">
<wileyml:revisionGroup>
<wileyml:revision agent="Wiley" date="2020-10-28" severity="major" type="created"/>
</wileyml:revisionGroup>
<item ext:type="14" ident="item-0001">
<itemmetadata>
<qmd_computerscored>Yes</qmd_computerscored>
<qmd_feedbackpermitted>Yes</qmd_feedbackpermitted>
<qmd_scoringpermitted>Yes</qmd_scoringpermitted>
<qmd_toolvendor>John Wiley and Sons Inc.</qmd_toolvendor>
<qmd_solutionspermitted>Yes</qmd_solutionspermitted>
</itemmetadata>
<presentation>
<wileyml:p>What are the two consistency models offered for reads by Amazon DynamoDB?</wileyml:p>
<response_lid ident="fc649472.AWSCDASG.067">
<render_choice>
<response_label ident="fc649472.AWSCDASG.067_01">
<wileyml:p>Amazon DynamoDB offers two consistency models.</wileyml:p>
<wileyml:p>Eventually consistent reads – When you read data from a DynamoDB table after a recent operation, you may not get the latest data, and hence the reads by default are called eventually consistent, which are important elements from a distributed computing perspective.</wileyml:p>
<wileyml:p>Strongly consistent reads – You can design a table such that it offers strongly consistent reads, which means that DynamoDB will always respond by providing the most up‐to‐date data.</wileyml:p>
</response_label>
</render_choice>
</response_lid>
</presentation>
<resprocessing>
<outcomes>
<decvar varname="REALSCORE"/>
</outcomes>
<respcondition>
<qticomment>Correct answer</qticomment>
<conditionvar>
<varequal respident="fc649472.AWSCDASG.067">fc649472.AWSCDASG.067_01</varequal>
</conditionvar>
<setvar action="Add" varname="REALSCORE">1</setvar>
</respcondition>
</resprocessing>
</item>
</questestinterop>