<?xml version="1.0" encoding="UTF-8"?><questestinterop xmlns="http://www.wiley.com/namespaces/wiley/qti" xmlns:ext="http://www.wiley.com/namespaces/wiley/qti/ext" xmlns:mml="http://www.w3.org/1998/Math/MathML" xmlns:wiley="http://www.wiley.com/namespaces/wiley/wiley" xmlns:wileyml="http://www.wiley.com/namespaces/wiley" ext:guid="0a65941e-f75f-4e54-9db5-c4a6042b5b94" xml:id="fc649472.AWSCDASG.008">
<wileyml:revisionGroup>
<wileyml:revision agent="Wiley" date="2020-10-28" severity="major" type="created"/>
</wileyml:revisionGroup>
<item ext:type="14" ident="item-0001">
<itemmetadata>
<qmd_computerscored>Yes</qmd_computerscored>
<qmd_feedbackpermitted>Yes</qmd_feedbackpermitted>
<qmd_scoringpermitted>Yes</qmd_scoringpermitted>
<qmd_toolvendor>John Wiley and Sons Inc.</qmd_toolvendor>
<qmd_solutionspermitted>Yes</qmd_solutionspermitted>
</itemmetadata>
<presentation>
<wileyml:p>What is a data lake?</wileyml:p>
<response_lid ident="fc649472.AWSCDASG.008">
<render_choice>
<response_label ident="fc649472.AWSCDASG.008_01">
<wileyml:p>A data lake is a centralized repository of data with the following properties:</wileyml:p>
<wileyml:p><wileyml:list style="bulleted">
<wileyml:listItem>Holds all data in a single place.</wileyml:listItem>
<wileyml:listItem>Handles structured/semi‐structured/unstructured/raw data.</wileyml:listItem>
<wileyml:listItem>Supports fast ingestion and consumption.</wileyml:listItem>
<wileyml:listItem>Schema on read vs. schema on write.</wileyml:listItem>
<wileyml:listItem>Designed for low‐cost, multi‐tiered storage.</wileyml:listItem>
<wileyml:listItem>Decouples storage and compute. The key objective is to scale the storage tier independently of the compute tier. This is required in cases where your storage would grow exponentially but your compute grows linearly.</wileyml:listItem>
<wileyml:listItem>Supports protection and security rules.</wileyml:listItem>
</wileyml:list></wileyml:p>
</response_label>
</render_choice>
</response_lid>
</presentation>
<resprocessing>
<outcomes>
<decvar varname="REALSCORE"/>
</outcomes>
<respcondition>
<qticomment>Correct answer</qticomment>
<conditionvar>
<varequal respident="fc649472.AWSCDASG.008">fc649472.AWSCDASG.008_01</varequal>
</conditionvar>
<setvar action="Add" varname="REALSCORE">1</setvar>
</respcondition>
</resprocessing>
</item>
</questestinterop>