<?xml version="1.0" encoding="UTF-8"?><questestinterop xmlns="http://www.wiley.com/namespaces/wiley/qti" xmlns:ext="http://www.wiley.com/namespaces/wiley/qti/ext" xmlns:mml="http://www.w3.org/1998/Math/MathML" xmlns:wiley="http://www.wiley.com/namespaces/wiley/wiley" xmlns:wileyml="http://www.wiley.com/namespaces/wiley" ext:guid="a90ba203-8f76-4912-8c72-08641ba85e20" xml:id="fc649472.AWSCDASG.016">
<wileyml:revisionGroup>
<wileyml:revision agent="Wiley" date="2020-10-28" severity="major" type="created"/>
</wileyml:revisionGroup>
<item ext:type="14" ident="item-0001">
<itemmetadata>
<qmd_computerscored>Yes</qmd_computerscored>
<qmd_feedbackpermitted>Yes</qmd_feedbackpermitted>
<qmd_scoringpermitted>Yes</qmd_scoringpermitted>
<qmd_toolvendor>John Wiley and Sons Inc.</qmd_toolvendor>
<qmd_solutionspermitted>Yes</qmd_solutionspermitted>
</itemmetadata>
<presentation>
<wileyml:p>How can you write data to a Kinesis stream?</wileyml:p>
<response_lid ident="fc649472.AWSCDASG.016">
<render_choice>
<response_label ident="fc649472.AWSCDASG.016_01">
<wileyml:p>You can use Kinesis Producer Library (KPL), AWS SDK, and Kinesis agents to write data to a stream. The method to write data to Kinesis via API is called putRecord(), which takes the following arguments:</wileyml:p>
<wileyml:p><wileyml:list style="plain">
<wileyml:listItem>Name of Kinesis data stream.</wileyml:listItem>
<wileyml:listItem>Partition key (used to determine the shard for the stream)</wileyml:listItem>
<wileyml:listItem>Data blob</wileyml:listItem>
</wileyml:list></wileyml:p>
</response_label>
</render_choice>
</response_lid>
</presentation>
<resprocessing>
<outcomes>
<decvar varname="REALSCORE"/>
</outcomes>
<respcondition>
<qticomment>Correct answer</qticomment>
<conditionvar>
<varequal respident="fc649472.AWSCDASG.016">fc649472.AWSCDASG.016_01</varequal>
</conditionvar>
<setvar action="Add" varname="REALSCORE">1</setvar>
</respcondition>
</resprocessing>
</item>
</questestinterop>