<?xml version="1.0" encoding="UTF-8"?><questestinterop xmlns="http://www.wiley.com/namespaces/wiley/qti" xmlns:ext="http://www.wiley.com/namespaces/wiley/qti/ext" xmlns:mml="http://www.w3.org/1998/Math/MathML" xmlns:wiley="http://www.wiley.com/namespaces/wiley/wiley" xmlns:wileyml="http://www.wiley.com/namespaces/wiley" ext:guid="94ca8e07-a38b-45e3-873c-5e6ae07eabd1" xml:id="fc649472.AWSCDASG.154">
<wileyml:revisionGroup>
<wileyml:revision agent="Wiley" date="2020-10-28" severity="major" type="created"/>
</wileyml:revisionGroup>
<item ext:type="14" ident="item-0001">
<itemmetadata>
<qmd_computerscored>Yes</qmd_computerscored>
<qmd_feedbackpermitted>Yes</qmd_feedbackpermitted>
<qmd_scoringpermitted>Yes</qmd_scoringpermitted>
<qmd_toolvendor>John Wiley and Sons Inc.</qmd_toolvendor>
<qmd_solutionspermitted>Yes</qmd_solutionspermitted>
</itemmetadata>
<presentation>
<wileyml:p>What are the types of windows supported in Kinesis Data Analytics?</wileyml:p>
<response_lid ident="fc649472.AWSCDASG.154">
<render_choice>
<response_label ident="fc649472.AWSCDASG.154_01">
<wileyml:p>Staggered windows – Useful for data arriving at inconsistent times.</wileyml:p>
<wileyml:p>Tumbling windows – Useful when analyzing data in nonoverlapping time windows.</wileyml:p>
<wileyml:p>Sliding windows – Useful when analyzing data based on interval. The interview cane be based on a set amount of time or number of records.</wileyml:p>
</response_label>
</render_choice>
</response_lid>
</presentation>
<resprocessing>
<outcomes>
<decvar varname="REALSCORE"/>
</outcomes>
<respcondition>
<qticomment>Correct answer</qticomment>
<conditionvar>
<varequal respident="fc649472.AWSCDASG.154">fc649472.AWSCDASG.154_01</varequal>
</conditionvar>
<setvar action="Add" varname="REALSCORE">1</setvar>
</respcondition>
</resprocessing>
</item>
</questestinterop>