<?xml version="1.0" encoding="UTF-8"?><questestinterop xmlns="http://www.wiley.com/namespaces/wiley/qti" xmlns:ext="http://www.wiley.com/namespaces/wiley/qti/ext" xmlns:mml="http://www.w3.org/1998/Math/MathML" xmlns:wiley="http://www.wiley.com/namespaces/wiley/wiley" xmlns:wileyml="http://www.wiley.com/namespaces/wiley" ext:guid="410ab3a3-80eb-424e-b6cd-d5d6c6641f78" xml:id="fc649472.AWSCDASG.071">
<wileyml:revisionGroup>
<wileyml:revision agent="Wiley" date="2020-10-28" severity="major" type="created"/>
</wileyml:revisionGroup>
<item ext:type="14" ident="item-0001">
<itemmetadata>
<qmd_computerscored>Yes</qmd_computerscored>
<qmd_feedbackpermitted>Yes</qmd_feedbackpermitted>
<qmd_scoringpermitted>Yes</qmd_scoringpermitted>
<qmd_toolvendor>John Wiley and Sons Inc.</qmd_toolvendor>
<qmd_solutionspermitted>Yes</qmd_solutionspermitted>
</itemmetadata>
<presentation>
<wileyml:p>What are the read/write capacity modes for DynamoDB?</wileyml:p>
<response_lid ident="fc649472.AWSCDASG.071">
<render_choice>
<response_label ident="fc649472.AWSCDASG.071_01">
<wileyml:p>On‐demand and provisioned</wileyml:p>
<wileyml:p><wileyml:list style="1">
<wileyml:listItem>On‐demand: As the name indicates, is a flexible option provided by DynamoDB that adjusts your capacity per the demands of your workloads and scales them up and down</wileyml:listItem>
<wileyml:listItem>Provisioned mode: You can specify the number of reads and writes per second required for your application. This is also flexible as you can use auto‐scaling to scale up and down the provisioned resources based on your workload demands.</wileyml:listItem>
</wileyml:list></wileyml:p>
</response_label>
</render_choice>
</response_lid>
</presentation>
<resprocessing>
<outcomes>
<decvar varname="REALSCORE"/>
</outcomes>
<respcondition>
<qticomment>Correct answer</qticomment>
<conditionvar>
<varequal respident="fc649472.AWSCDASG.071">fc649472.AWSCDASG.071_01</varequal>
</conditionvar>
<setvar action="Add" varname="REALSCORE">1</setvar>
</respcondition>
</resprocessing>
</item>
</questestinterop>