<?xml version="1.0" encoding="UTF-8"?><questestinterop xmlns="http://www.wiley.com/namespaces/wiley/qti" xmlns:ext="http://www.wiley.com/namespaces/wiley/qti/ext" xmlns:mml="http://www.w3.org/1998/Math/MathML" xmlns:wiley="http://www.wiley.com/namespaces/wiley/wiley" xmlns:wileyml="http://www.wiley.com/namespaces/wiley" ext:guid="c88c1999-5372-4eb6-9669-0b0f56734cc7" xml:id="fc649472.AWSCDASG.092">
<wileyml:revisionGroup>
<wileyml:revision agent="Wiley" date="2020-10-28" severity="major" type="created"/>
</wileyml:revisionGroup>
<item ext:type="14" ident="item-0001">
<itemmetadata>
<qmd_computerscored>Yes</qmd_computerscored>
<qmd_feedbackpermitted>Yes</qmd_feedbackpermitted>
<qmd_scoringpermitted>Yes</qmd_scoringpermitted>
<qmd_toolvendor>John Wiley and Sons Inc.</qmd_toolvendor>
<qmd_solutionspermitted>Yes</qmd_solutionspermitted>
</itemmetadata>
<presentation>
<wileyml:p>What are the most common types of analytical workloads?</wileyml:p>
<response_lid ident="fc649472.AWSCDASG.092">
<render_choice>
<response_label ident="fc649472.AWSCDASG.092_01">
<wileyml:p>Analytical workloads can be split into five different categories:</wileyml:p>
<wileyml:p><wileyml:list style="plain">
<wileyml:listItem>Batch workloads</wileyml:listItem>
<wileyml:listItem>Interactive analysis</wileyml:listItem>
<wileyml:listItem>Messaging</wileyml:listItem>
<wileyml:listItem>Streaming workloads</wileyml:listItem>
<wileyml:listItem>Machine learning</wileyml:listItem>
</wileyml:list></wileyml:p>
</response_label>
</render_choice>
</response_lid>
</presentation>
<resprocessing>
<outcomes>
<decvar varname="REALSCORE"/>
</outcomes>
<respcondition>
<qticomment>Correct answer</qticomment>
<conditionvar>
<varequal respident="fc649472.AWSCDASG.092">fc649472.AWSCDASG.092_01</varequal>
</conditionvar>
<setvar action="Add" varname="REALSCORE">1</setvar>
</respcondition>
</resprocessing>
</item>
</questestinterop>