<?xml version="1.0" encoding="UTF-8"?><questestinterop xmlns="http://www.wiley.com/namespaces/wiley/qti" xmlns:ext="http://www.wiley.com/namespaces/wiley/qti/ext" xmlns:mml="http://www.w3.org/1998/Math/MathML" xmlns:wiley="http://www.wiley.com/namespaces/wiley/wiley" xmlns:wileyml="http://www.wiley.com/namespaces/wiley" ext:guid="475d82bc-af39-42af-8b20-81055ef30e86" xml:id="fc649472.AWSCDASG.073">
<wileyml:revisionGroup>
<wileyml:revision agent="Wiley" date="2020-10-28" severity="major" type="created"/>
</wileyml:revisionGroup>
<item ext:type="14" ident="item-0001">
<itemmetadata>
<qmd_computerscored>Yes</qmd_computerscored>
<qmd_feedbackpermitted>Yes</qmd_feedbackpermitted>
<qmd_scoringpermitted>Yes</qmd_scoringpermitted>
<qmd_toolvendor>John Wiley and Sons Inc.</qmd_toolvendor>
<qmd_solutionspermitted>Yes</qmd_solutionspermitted>
</itemmetadata>
<presentation>
<wileyml:p>Provisioned mode means you can specify the number of reads and writes per second required for your application. This is also flexible as you can use auto‐scaling to scale up and down the provisioned resources based on your workload demands.</wileyml:p>
<wileyml:p>Provisioned mode is a good option if any of the following are true:</wileyml:p>
<response_lid ident="fc649472.AWSCDASG.073">
<render_choice>
<response_label ident="fc649472.AWSCDASG.073_01">
<wileyml:p>You have predictable application traffic.</wileyml:p>
<wileyml:p>You run applications whose traffic is consistent or ramps gradually.</wileyml:p>
<wileyml:p>You can forecast capacity requirements to control costs.</wileyml:p>
</response_label>
</render_choice>
</response_lid>
</presentation>
<resprocessing>
<outcomes>
<decvar varname="REALSCORE"/>
</outcomes>
<respcondition>
<qticomment>Correct answer</qticomment>
<conditionvar>
<varequal respident="fc649472.AWSCDASG.073">fc649472.AWSCDASG.073_01</varequal>
</conditionvar>
<setvar action="Add" varname="REALSCORE">1</setvar>
</respcondition>
</resprocessing>
</item>
</questestinterop>