<?xml version="1.0" encoding="UTF-8"?><questestinterop xmlns="http://www.wiley.com/namespaces/wiley/qti" xmlns:ext="http://www.wiley.com/namespaces/wiley/qti/ext" xmlns:mml="http://www.w3.org/1998/Math/MathML" xmlns:wiley="http://www.wiley.com/namespaces/wiley/wiley" xmlns:wileyml="http://www.wiley.com/namespaces/wiley" ext:guid="d65fb81f-a140-4a55-8e41-51f55c6c6756" xml:id="fc649472.AWSCDASG.049">
<wileyml:revisionGroup>
<wileyml:revision agent="Wiley" date="2020-10-28" severity="major" type="created"/>
</wileyml:revisionGroup>
<item ext:type="14" ident="item-0001">
<itemmetadata>
<qmd_computerscored>Yes</qmd_computerscored>
<qmd_feedbackpermitted>Yes</qmd_feedbackpermitted>
<qmd_scoringpermitted>Yes</qmd_scoringpermitted>
<qmd_toolvendor>John Wiley and Sons Inc.</qmd_toolvendor>
<qmd_solutionspermitted>Yes</qmd_solutionspermitted>
</itemmetadata>
<presentation>
<wileyml:p>AWS Data pipeline offers the following pre‐packaged activities for common data processing scenarios:</wileyml:p>
<response_lid ident="fc649472.AWSCDASG.049">
<render_choice>
<response_label ident="fc649472.AWSCDASG.049_01">
<wileyml:p><wileyml:list style="bulleted">
<wileyml:listItem>CopyActivity – Copy data from one location to another</wileyml:listItem>
<wileyml:listItem>EmrActivity – Run an Amazon EMR cluster.</wileyml:listItem>
<wileyml:listItem>HiveActivity – Run a hive query on an Amazon EMR cluster.</wileyml:listItem>
<wileyml:listItem>HiveCopyActivity – Run a Hive query on an Amazon EMR. cluster with support for advanced filtering and support for S3 data node.</wileyml:listItem>
<wileyml:listItem>PigActivity – Run a Pig script on an Amazon EMR cluster.</wileyml:listItem>
<wileyml:listItem>RedshiftCopyActivity – Copy data to and from Amazon Redshift tables.</wileyml:listItem>
<wileyml:listItem>ShellCommandActivity – Run a custom Unix/Linux shell command activity.</wileyml:listItem>
<wileyml:listItem>SqlActivity – Run an SQL query on a database.</wileyml:listItem>
</wileyml:list></wileyml:p>
</response_label>
</render_choice>
</response_lid>
</presentation>
<resprocessing>
<outcomes>
<decvar varname="REALSCORE"/>
</outcomes>
<respcondition>
<qticomment>Correct answer</qticomment>
<conditionvar>
<varequal respident="fc649472.AWSCDASG.049">fc649472.AWSCDASG.049_01</varequal>
</conditionvar>
<setvar action="Add" varname="REALSCORE">1</setvar>
</respcondition>
</resprocessing>
</item>
</questestinterop>