<?xml version="1.0" encoding="UTF-8"?><questestinterop xmlns="http://www.wiley.com/namespaces/wiley/qti" xmlns:ext="http://www.wiley.com/namespaces/wiley/qti/ext" xmlns:mml="http://www.w3.org/1998/Math/MathML" xmlns:wiley="http://www.wiley.com/namespaces/wiley/wiley" xmlns:wileyml="http://www.wiley.com/namespaces/wiley" ext:guid="c33dfdcd-5b1e-4246-870a-e999ee8eb240" xml:id="fc649472.AWSCDASG.056">
<wileyml:revisionGroup>
<wileyml:revision agent="Wiley" date="2020-10-28" severity="major" type="created"/>
</wileyml:revisionGroup>
<item ext:type="14" ident="item-0001">
<itemmetadata>
<qmd_computerscored>Yes</qmd_computerscored>
<qmd_feedbackpermitted>Yes</qmd_feedbackpermitted>
<qmd_scoringpermitted>Yes</qmd_scoringpermitted>
<qmd_toolvendor>John Wiley and Sons Inc.</qmd_toolvendor>
<qmd_solutionspermitted>Yes</qmd_solutionspermitted>
</itemmetadata>
<presentation>
<wileyml:p>How can Amazon S3 replicate data?</wileyml:p>
<response_lid ident="fc649472.AWSCDASG.056">
<render_choice>
<response_label ident="fc649472.AWSCDASG.056_01">
<wileyml:p>Amazon S3 can automatically replicate data from one bucket to another in the same account or to a different account. You can also copy objects within the same AWS Region using (SRR, or same‐region replication) or to a different AWS Region using (CRR, or cross‐region replication). Replication can be done as follows:</wileyml:p>
<wileyml:p><wileyml:list style="plain">
<wileyml:listItem>Replicating objects including metadata (e.g., creation time, versions, etc.)</wileyml:listItem>
<wileyml:listItem>Replicating objects to a different storage class</wileyml:listItem>
<wileyml:listItem>Replicating objects using Replication Time Control (RTC) for a predicable time frame of replication.</wileyml:listItem>
</wileyml:list></wileyml:p>
</response_label>
</render_choice>
</response_lid>
</presentation>
<resprocessing>
<outcomes>
<decvar varname="REALSCORE"/>
</outcomes>
<respcondition>
<qticomment>Correct answer</qticomment>
<conditionvar>
<varequal respident="fc649472.AWSCDASG.056">fc649472.AWSCDASG.056_01</varequal>
</conditionvar>
<setvar action="Add" varname="REALSCORE">1</setvar>
</respcondition>
</resprocessing>
</item>
</questestinterop>