<?xml version="1.0" encoding="UTF-8"?><questestinterop xmlns="http://www.wiley.com/namespaces/wiley/qti" xmlns:ext="http://www.wiley.com/namespaces/wiley/qti/ext" xmlns:mml="http://www.w3.org/1998/Math/MathML" xmlns:wiley="http://www.wiley.com/namespaces/wiley/wiley" xmlns:wileyml="http://www.wiley.com/namespaces/wiley" ext:guid="559ebfc8-c742-42a7-b0b7-9998a46146a7" xml:id="fc649472.AWSCDASG.149">
<wileyml:revisionGroup>
<wileyml:revision agent="Wiley" date="2020-10-28" severity="major" type="created"/>
</wileyml:revisionGroup>
<item ext:type="14" ident="item-0001">
<itemmetadata>
<qmd_computerscored>Yes</qmd_computerscored>
<qmd_feedbackpermitted>Yes</qmd_feedbackpermitted>
<qmd_scoringpermitted>Yes</qmd_scoringpermitted>
<qmd_toolvendor>John Wiley and Sons Inc.</qmd_toolvendor>
<qmd_solutionspermitted>Yes</qmd_solutionspermitted>
</itemmetadata>
<presentation>
<wileyml:p>What are the Redshift data loading operations that traverse a leader node once using a single transaction and then engage compute nodes in parallel?</wileyml:p>
<response_lid ident="fc649472.AWSCDASG.149">
<render_choice>
<response_label ident="fc649472.AWSCDASG.149_01">
<wileyml:p>COPY</wileyml:p>
<wileyml:p>UNLOAD</wileyml:p>
<wileyml:p>CTAS</wileyml:p>
<wileyml:p>CREATE TABLE (LIKE …)</wileyml:p>
<wileyml:p>INSERT INTO (SELECT …)</wileyml:p>
<wileyml:p>Loading data from S3, Dynamo DB, EMR and SSH commands</wileyml:p>
</response_label>
</render_choice>
</response_lid>
</presentation>
<resprocessing>
<outcomes>
<decvar varname="REALSCORE"/>
</outcomes>
<respcondition>
<qticomment>Correct answer</qticomment>
<conditionvar>
<varequal respident="fc649472.AWSCDASG.149">fc649472.AWSCDASG.149_01</varequal>
</conditionvar>
<setvar action="Add" varname="REALSCORE">1</setvar>
</respcondition>
</resprocessing>
</item>
</questestinterop>