<?xml version="1.0" encoding="UTF-8"?><questestinterop xmlns="http://www.wiley.com/namespaces/wiley/qti" xmlns:ext="http://www.wiley.com/namespaces/wiley/qti/ext" xmlns:mml="http://www.w3.org/1998/Math/MathML" xmlns:wiley="http://www.wiley.com/namespaces/wiley/wiley" xmlns:wileyml="http://www.wiley.com/namespaces/wiley" ext:guid="cc6af90e-dba9-444a-ac16-8c542c4ef02f" xml:id="fc649472.AWSCDASG.155">
<wileyml:revisionGroup>
<wileyml:revision agent="Wiley" date="2020-10-28" severity="major" type="created"/>
</wileyml:revisionGroup>
<item ext:type="14" ident="item-0001">
<itemmetadata>
<qmd_computerscored>Yes</qmd_computerscored>
<qmd_feedbackpermitted>Yes</qmd_feedbackpermitted>
<qmd_scoringpermitted>Yes</qmd_scoringpermitted>
<qmd_toolvendor>John Wiley and Sons Inc.</qmd_toolvendor>
<qmd_solutionspermitted>Yes</qmd_solutionspermitted>
</itemmetadata>
<presentation>
<wileyml:p>When should you use AWS Glue vs. Amazon EMR?</wileyml:p>
<response_lid ident="fc649472.AWSCDASG.155">
<render_choice>
<response_label ident="fc649472.AWSCDASG.155_01">
<wileyml:p>AWS Glue is a fully managed serverless ETL service offering managed Apache Spark and Python Shell.</wileyml:p>
<wileyml:p>Ideal use case: Serverless ETL, low admin overhead, often good for new workloads</wileyml:p>
<wileyml:p>Amazon EMR is a fully managed Hadoop environment offering a number of different projects including Hadoop, Spark, Hbase.</wileyml:p>
<wileyml:p>Ideal use case: Fully managed environment, often good replacement for on-premises Hadoop migrations</wileyml:p>
</response_label>
</render_choice>
</response_lid>
</presentation>
<resprocessing>
<outcomes>
<decvar varname="REALSCORE"/>
</outcomes>
<respcondition>
<qticomment>Correct answer</qticomment>
<conditionvar>
<varequal respident="fc649472.AWSCDASG.155">fc649472.AWSCDASG.155_01</varequal>
</conditionvar>
<setvar action="Add" varname="REALSCORE">1</setvar>
</respcondition>
</resprocessing>
</item>
</questestinterop>