<?xml version="1.0" encoding="UTF-8"?><questestinterop xmlns="http://www.wiley.com/namespaces/wiley/qti" xmlns:ext="http://www.wiley.com/namespaces/wiley/qti/ext" xmlns:mml="http://www.w3.org/1998/Math/MathML" xmlns:wiley="http://www.wiley.com/namespaces/wiley/wiley" xmlns:wileyml="http://www.wiley.com/namespaces/wiley" ext:guid="8d2a48cd-3cdd-4e1b-8138-e5586e8122ef" xml:id="fc649472.AWSCDASG.036">
<wileyml:revisionGroup>
<wileyml:revision agent="Wiley" date="2020-10-28" severity="major" type="created"/>
</wileyml:revisionGroup>
<item ext:type="14" ident="item-0001">
<itemmetadata>
<qmd_computerscored>Yes</qmd_computerscored>
<qmd_feedbackpermitted>Yes</qmd_feedbackpermitted>
<qmd_scoringpermitted>Yes</qmd_scoringpermitted>
<qmd_toolvendor>John Wiley and Sons Inc.</qmd_toolvendor>
<qmd_solutionspermitted>Yes</qmd_solutionspermitted>
</itemmetadata>
<presentation>
<wileyml:p>What is a crawler?</wileyml:p>
<response_lid ident="fc649472.AWSCDASG.036">
<render_choice>
<response_label ident="fc649472.AWSCDASG.036_01">
<wileyml:p>A crawler is a program that connects to a data store (source or target), progresses through a prioritized list of classifiers to determine the schema for your data, and then creates metadata in the AWS Glue Data Catalog. AWS Glue crawlers can scan, classify, and extract schema information and then store the metadata automatically in the AWS Glue Data Catalog. The metadata is stored in the form of tables. Crawlers can also detect schema changes and version the tables for previously crawled data stores and detect hive‐style partitions on Amazon S3. For previously crawled Amazon S3 partitioned data, the crawler will add new partitions or update the changed partitions by default. Crawlers run on demand or on a schedule to suit your needs.</wileyml:p>
</response_label>
</render_choice>
</response_lid>
</presentation>
<resprocessing>
<outcomes>
<decvar varname="REALSCORE"/>
</outcomes>
<respcondition>
<qticomment>Correct answer</qticomment>
<conditionvar>
<varequal respident="fc649472.AWSCDASG.036">fc649472.AWSCDASG.036_01</varequal>
</conditionvar>
<setvar action="Add" varname="REALSCORE">1</setvar>
</respcondition>
</resprocessing>
</item>
</questestinterop>