<?xml version="1.0" encoding="UTF-8"?><questestinterop xmlns="http://www.wiley.com/namespaces/wiley/qti" xmlns:ext="http://www.wiley.com/namespaces/wiley/qti/ext" xmlns:mml="http://www.w3.org/1998/Math/MathML" xmlns:wiley="http://www.wiley.com/namespaces/wiley/wiley" xmlns:wileyml="http://www.wiley.com/namespaces/wiley" ext:guid="79f4d081-7c98-4d5e-aa9a-373b8f4e5193" xml:id="fc649472.AWSCDASG.150">
<wileyml:revisionGroup>
<wileyml:revision agent="Wiley" date="2020-10-28" severity="major" type="created"/>
</wileyml:revisionGroup>
<item ext:type="14" ident="item-0001">
<itemmetadata>
<qmd_computerscored>Yes</qmd_computerscored>
<qmd_feedbackpermitted>Yes</qmd_feedbackpermitted>
<qmd_scoringpermitted>Yes</qmd_scoringpermitted>
<qmd_toolvendor>John Wiley and Sons Inc.</qmd_toolvendor>
<qmd_solutionspermitted>Yes</qmd_solutionspermitted>
</itemmetadata>
<presentation>
<wileyml:p>While using Redshift COPY, what are some of the options you can use?</wileyml:p>
<response_lid ident="fc649472.AWSCDASG.150">
<render_choice>
<response_label ident="fc649472.AWSCDASG.150_01">
<wileyml:p>Kind of data being loaded – CSV, JSON, AVRO</wileyml:p>
<wileyml:p>Compression options</wileyml:p>
<wileyml:p>Encryption options</wileyml:p>
<wileyml:p>Transformation options</wileyml:p>
<wileyml:p>Data formats through DATEFORMAT, TIMEFORMAT</wileyml:p>
</response_label>
</render_choice>
</response_lid>
</presentation>
<resprocessing>
<outcomes>
<decvar varname="REALSCORE"/>
</outcomes>
<respcondition>
<qticomment>Correct answer</qticomment>
<conditionvar>
<varequal respident="fc649472.AWSCDASG.150">fc649472.AWSCDASG.150_01</varequal>
</conditionvar>
<setvar action="Add" varname="REALSCORE">1</setvar>
</respcondition>
</resprocessing>
</item>
</questestinterop>