<?xml version="1.0" encoding="UTF-8"?><questestinterop xmlns="http://www.wiley.com/namespaces/wiley/qti" xmlns:ext="http://www.wiley.com/namespaces/wiley/qti/ext" xmlns:mml="http://www.w3.org/1998/Math/MathML" xmlns:wiley="http://www.wiley.com/namespaces/wiley/wiley" xmlns:wileyml="http://www.wiley.com/namespaces/wiley" ext:guid="2de0ea5a-a67c-482c-a783-296c9bbd7c06" xml:id="fc649472.AWSCDASG.072">
<wileyml:revisionGroup>
<wileyml:revision agent="Wiley" date="2020-10-28" severity="major" type="created"/>
</wileyml:revisionGroup>
<item ext:type="14" ident="item-0001">
<itemmetadata>
<qmd_computerscored>Yes</qmd_computerscored>
<qmd_feedbackpermitted>Yes</qmd_feedbackpermitted>
<qmd_scoringpermitted>Yes</qmd_scoringpermitted>
<qmd_toolvendor>John Wiley and Sons Inc.</qmd_toolvendor>
<qmd_solutionspermitted>Yes</qmd_solutionspermitted>
</itemmetadata>
<presentation>
<wileyml:p>On‐demand: As the name indicates, is a flexible option provided by DynamoDB that adjusts your capacity per the demands of your workloads and scales them up and down.</wileyml:p>
<wileyml:p>On‐demand is a good option in the following scenarios:</wileyml:p>
<response_lid ident="fc649472.AWSCDASG.072">
<render_choice>
<response_label ident="fc649472.AWSCDASG.072_01">
<wileyml:p>You create new tables with unknown workloads.</wileyml:p>
<wileyml:p>You have unpredictable application traffic.</wileyml:p>
<wileyml:p>You prefer the ease of paying for only what you use.</wileyml:p>
</response_label>
</render_choice>
</response_lid>
</presentation>
<resprocessing>
<outcomes>
<decvar varname="REALSCORE"/>
</outcomes>
<respcondition>
<qticomment>Correct answer</qticomment>
<conditionvar>
<varequal respident="fc649472.AWSCDASG.072">fc649472.AWSCDASG.072_01</varequal>
</conditionvar>
<setvar action="Add" varname="REALSCORE">1</setvar>
</respcondition>
</resprocessing>
</item>
</questestinterop>