<?xml version="1.0" encoding="UTF-8"?><questestinterop xmlns="http://www.wiley.com/namespaces/wiley/qti" xmlns:ext="http://www.wiley.com/namespaces/wiley/qti/ext" xmlns:mml="http://www.w3.org/1998/Math/MathML" xmlns:wiley="http://www.wiley.com/namespaces/wiley/wiley" xmlns:wileyml="http://www.wiley.com/namespaces/wiley" ext:guid="36b0a260-216e-4b23-87f7-ee8a3c5692a4" xml:id="fc649472.AWSCDASG.006">
<wileyml:revisionGroup>
<wileyml:revision agent="Wiley" date="2020-10-28" severity="major" type="created"/>
</wileyml:revisionGroup>
<item ext:type="14" ident="item-0001">
<itemmetadata>
<qmd_computerscored>Yes</qmd_computerscored>
<qmd_feedbackpermitted>Yes</qmd_feedbackpermitted>
<qmd_scoringpermitted>Yes</qmd_scoringpermitted>
<qmd_toolvendor>John Wiley and Sons Inc.</qmd_toolvendor>
<qmd_solutionspermitted>Yes</qmd_solutionspermitted>
</itemmetadata>
<presentation>
<wileyml:p>What options does AWS provide for warm and hot data storage?</wileyml:p>
<response_lid ident="fc649472.AWSCDASG.006">
<render_choice>
<response_label ident="fc649472.AWSCDASG.006_01">
<wileyml:p>For the warm and hot data, Amazon supports various options, which fall into three major categories:</wileyml:p>
<wileyml:p><wileyml:list style="plain">
<wileyml:listItem>SQL based systems. Amazon offers Amazon RDS, which is a managed relational database service for SQL based operations to store the data</wileyml:listItem>
<wileyml:listItem>NoSQL based systems. Amazon offers Amazon DynamoDB and Amazon DocumentDB, which are managed NoSQL services.</wileyml:listItem>
<wileyml:listItem>Cache repositories. Amazon also offers Amazon Elastic Cache, which is a managed Memcached and Redis service, and Amazon DynamoDB Accelerator (DAX), which is an in‐memory cache for DynamoDB to offer low latency and high throughput.</wileyml:listItem>
</wileyml:list></wileyml:p>
</response_label>
</render_choice>
</response_lid>
</presentation>
<resprocessing>
<outcomes>
<decvar varname="REALSCORE"/>
</outcomes>
<respcondition>
<qticomment>Correct answer</qticomment>
<conditionvar>
<varequal respident="fc649472.AWSCDASG.006">fc649472.AWSCDASG.006_01</varequal>
</conditionvar>
<setvar action="Add" varname="REALSCORE">1</setvar>
</respcondition>
</resprocessing>
</item>
</questestinterop>