<?xml version="1.0" encoding="UTF-8"?><questestinterop xmlns="http://www.wiley.com/namespaces/wiley/qti" xmlns:ext="http://www.wiley.com/namespaces/wiley/qti/ext" xmlns:mml="http://www.w3.org/1998/Math/MathML" xmlns:wiley="http://www.wiley.com/namespaces/wiley/wiley" xmlns:wileyml="http://www.wiley.com/namespaces/wiley" ext:guid="31285fb3-9327-470f-9ee6-b78addfac172" xml:id="fc649472.AWSCDASG.024">
<wileyml:revisionGroup>
<wileyml:revision agent="Wiley" date="2020-10-28" severity="major" type="created"/>
</wileyml:revisionGroup>
<item ext:type="14" ident="item-0001">
<itemmetadata>
<qmd_computerscored>Yes</qmd_computerscored>
<qmd_feedbackpermitted>Yes</qmd_feedbackpermitted>
<qmd_scoringpermitted>Yes</qmd_scoringpermitted>
<qmd_toolvendor>John Wiley and Sons Inc.</qmd_toolvendor>
<qmd_solutionspermitted>Yes</qmd_solutionspermitted>
</itemmetadata>
<presentation>
<wileyml:p>What are the most common data transformation blueprints provided by Kinesis Data Firehose?</wileyml:p>
<response_lid ident="fc649472.AWSCDASG.024">
<render_choice>
<response_label ident="fc649472.AWSCDASG.024_01">
<wileyml:p>General firehose processing</wileyml:p>
<wileyml:p>Apache log to JSON</wileyml:p>
<wileyml:p>Apache log to CSV</wileyml:p>
<wileyml:p>Syslog to JSON</wileyml:p>
<wileyml:p>Syslog to CSV</wileyml:p>
<wileyml:p>Kinesis Data Firehose CloudWatch logs processor</wileyml:p>
</response_label>
</render_choice>
</response_lid>
</presentation>
<resprocessing>
<outcomes>
<decvar varname="REALSCORE"/>
</outcomes>
<respcondition>
<qticomment>Correct answer</qticomment>
<conditionvar>
<varequal respident="fc649472.AWSCDASG.024">fc649472.AWSCDASG.024_01</varequal>
</conditionvar>
<setvar action="Add" varname="REALSCORE">1</setvar>
</respcondition>
</resprocessing>
</item>
</questestinterop>