<?xml version="1.0" encoding="UTF-8"?><questestinterop xmlns="http://www.wiley.com/namespaces/wiley/qti" xmlns:ext="http://www.wiley.com/namespaces/wiley/qti/ext" xmlns:mml="http://www.w3.org/1998/Math/MathML" xmlns:wiley="http://www.wiley.com/namespaces/wiley/wiley" xmlns:wileyml="http://www.wiley.com/namespaces/wiley" ext:guid="20ea9649-61f0-4608-8d4e-6e8cf87bd4de" xml:id="fc649472.AWSCDASG.115">
<wileyml:revisionGroup>
<wileyml:revision agent="Wiley" date="2020-10-28" severity="major" type="created"/>
</wileyml:revisionGroup>
<item ext:type="14" ident="item-0001">
<itemmetadata>
<qmd_computerscored>Yes</qmd_computerscored>
<qmd_feedbackpermitted>Yes</qmd_feedbackpermitted>
<qmd_scoringpermitted>Yes</qmd_scoringpermitted>
<qmd_toolvendor>John Wiley and Sons Inc.</qmd_toolvendor>
<qmd_solutionspermitted>Yes</qmd_solutionspermitted>
</itemmetadata>
<presentation>
<wileyml:p>What are pros and cons of Apache Presto?</wileyml:p>
<response_lid ident="fc649472.AWSCDASG.115">
<render_choice>
<response_label ident="fc649472.AWSCDASG.115_01">
<wileyml:p>Pros:</wileyml:p>
<wileyml:p><wileyml:list style="plain">
<wileyml:listItem>SQL‐based, and hence you can bring your own SQL skillset</wileyml:listItem>
<wileyml:listItem>Low latency response</wileyml:listItem>
<wileyml:listItem>JDBC ODBC complaint</wileyml:listItem>
<wileyml:listItem>BI integration</wileyml:listItem>
<wileyml:listItem>Support for UDF</wileyml:listItem>
<wileyml:listItem>Federated queries (Hive/Cassandra/relational databases/object stores)</wileyml:listItem>
</wileyml:list></wileyml:p>
<wileyml:p>Cons:</wileyml:p>
<wileyml:p><wileyml:list style="plain">
<wileyml:listItem>Optimization needed during join planning for large tables</wileyml:listItem>
<wileyml:listItem>Unsuitable for batch processing</wileyml:listItem>
<wileyml:listItem>Limited fault tolerance (rerun failed jobs)</wileyml:listItem>
<wileyml:listItem>Memory requirements high</wileyml:listItem>
</wileyml:list></wileyml:p>
</response_label>
</render_choice>
</response_lid>
</presentation>
<resprocessing>
<outcomes>
<decvar varname="REALSCORE"/>
</outcomes>
<respcondition>
<qticomment>Correct answer</qticomment>
<conditionvar>
<varequal respident="fc649472.AWSCDASG.115">fc649472.AWSCDASG.115_01</varequal>
</conditionvar>
<setvar action="Add" varname="REALSCORE">1</setvar>
</respcondition>
</resprocessing>
</item>
</questestinterop>