<?xml version="1.0" encoding="UTF-8"?><questestinterop xmlns="http://www.wiley.com/namespaces/wiley/qti" xmlns:ext="http://www.wiley.com/namespaces/wiley/qti/ext" xmlns:mml="http://www.w3.org/1998/Math/MathML" xmlns:wiley="http://www.wiley.com/namespaces/wiley/wiley" xmlns:wileyml="http://www.wiley.com/namespaces/wiley" ext:guid="1d38221d-1592-4823-971c-cf963590047a" xml:id="fc885429.DataEngSG.017">
<wileyml:revisionGroup>
<wileyml:revision agent="Lumina" date="2023-07-17" severity="major" type="created"/>
</wileyml:revisionGroup>
<item ext:type="14" ident="item-0001">
<itemmetadata>
<qmd_computerscored>Yes</qmd_computerscored>
<qmd_feedbackpermitted>Yes</qmd_feedbackpermitted>
<qmd_scoringpermitted>Yes</qmd_scoringpermitted>
<qmd_toolvendor>John Wiley and Sons Inc.</qmd_toolvendor>
<qmd_solutionspermitted>Yes</qmd_solutionspermitted>
</itemmetadata>
<presentation>
<wileyml:p><wileyml:span semantics="computerUserInput">AVG</wileyml:span>, <wileyml:span semantics="computerUserInput">MAX</wileyml:span>, <wileyml:span semantics="computerUserInput">MIN</wileyml:span>, <wileyml:span semantics="computerUserInput">SUM</wileyml:span>, and <wileyml:span semantics="computerUserInput">COUNT</wileyml:span> are all ___________________ functions.</wileyml:p>
<response_lid ident="fc885429.DataEngSG.017">
<render_choice>
<response_label ident="fc885429.DataEngSG.017_01">
<wileyml:p>aggregate</wileyml:p>
</response_label>
</render_choice>
</response_lid>
</presentation>
<resprocessing>
<outcomes>
<decvar varname="REALSCORE"/>
</outcomes>
<respcondition>
<qticomment>Correct answer</qticomment>
<conditionvar>
<varequal respident="fc885429.DataEngSG.017">fc885429.DataEngSG.017_01</varequal>
</conditionvar>
<setvar action="Add" varname="REALSCORE">1</setvar>
</respcondition>
</resprocessing>
</item>
</questestinterop>