<?xml version="1.0" encoding="UTF-8"?><questestinterop xmlns="http://www.wiley.com/namespaces/wiley/qti" xmlns:ext="http://www.wiley.com/namespaces/wiley/qti/ext" xmlns:mml="http://www.w3.org/1998/Math/MathML" xmlns:wiley="http://www.wiley.com/namespaces/wiley/wiley" xmlns:wileyml="http://www.wiley.com/namespaces/wiley" ext:guid="580c935d-fbec-4596-b323-39153a8f9f2e" xml:id="fc885429.DataEngSG.032">
<wileyml:revisionGroup>
<wileyml:revision agent="Lumina" date="2023-07-17" severity="major" type="created"/>
</wileyml:revisionGroup>
<item ext:type="14" ident="item-0001">
<itemmetadata>
<qmd_computerscored>Yes</qmd_computerscored>
<qmd_feedbackpermitted>Yes</qmd_feedbackpermitted>
<qmd_scoringpermitted>Yes</qmd_scoringpermitted>
<qmd_toolvendor>John Wiley and Sons Inc.</qmd_toolvendor>
<qmd_solutionspermitted>Yes</qmd_solutionspermitted>
</itemmetadata>
<presentation>
<wileyml:p>When a file extension is <wileyml:span semantics="computerUserInput">.zip</wileyml:span>, <wileyml:span semantics="computerUserInput">.tar</wileyml:span>, or <wileyml:span semantics="computerUserInput">.gz</wileyml:span>, the data in those files is ___________________.</wileyml:p>
<response_lid ident="fc885429.DataEngSG.032">
<render_choice>
<response_label ident="fc885429.DataEngSG.032_01">
<wileyml:p>compressed</wileyml:p>
</response_label>
</render_choice>
</response_lid>
</presentation>
<resprocessing>
<outcomes>
<decvar varname="REALSCORE"/>
</outcomes>
<respcondition>
<qticomment>Correct answer</qticomment>
<conditionvar>
<varequal respident="fc885429.DataEngSG.032">fc885429.DataEngSG.032_01</varequal>
</conditionvar>
<setvar action="Add" varname="REALSCORE">1</setvar>
</respcondition>
</resprocessing>
</item>
</questestinterop>