<?xml version="1.0" encoding="UTF-8"?><questestinterop xmlns="http://www.wiley.com/namespaces/wiley/qti" xmlns:ext="http://www.wiley.com/namespaces/wiley/qti/ext" xmlns:mml="http://www.w3.org/1998/Math/MathML" xmlns:wiley="http://www.wiley.com/namespaces/wiley/wiley" xmlns:wileyml="http://www.wiley.com/namespaces/wiley" ext:guid="5db728ac-474e-436d-8a9b-cec39f6bdb1d" xml:id="fc909378.CCSPSG3E.fc.008">
<wileyml:revisionGroup>
<wileyml:revision agent="Lumina" date="2022-08-18" severity="major" type="created"/>
</wileyml:revisionGroup>
<item ext:type="14" ident="item-0001">
<itemmetadata>
<qmd_computerscored>Yes</qmd_computerscored>
<qmd_feedbackpermitted>Yes</qmd_feedbackpermitted>
<qmd_scoringpermitted>Yes</qmd_scoringpermitted>
<qmd_toolvendor>John Wiley and Sons Inc.</qmd_toolvendor>
<qmd_solutionspermitted>Yes</qmd_solutionspermitted>
</itemmetadata>
<presentation>
<wileyml:p>What characteristic of cloud computing means that cloud providers can sell customers a total capacity that exceeds the actual physical capacity of their infrastructure because, in the big picture, customers will never use all of that capacity simultaneously?</wileyml:p>
<response_lid ident="fc909378.CCSPSG3E.fc.008">
<render_choice>
<response_label ident="fc909378.CCSPSG3E.fc.008_01">
<wileyml:p>Oversubscription</wileyml:p>
</response_label>
</render_choice>
</response_lid>
</presentation>
<resprocessing>
<outcomes>
<decvar varname="REALSCORE"/>
</outcomes>
<respcondition>
<qticomment>Correct answer</qticomment>
<conditionvar>
<varequal respident="fc909378.CCSPSG3E.fc.008">fc909378.CCSPSG3E.fc.008_01</varequal>
</conditionvar>
<setvar action="Add" varname="REALSCORE">1</setvar>
</respcondition>
</resprocessing>
</item>
</questestinterop>