<?xml version="1.0" encoding="UTF-8"?>
<manifest xmlns="http://www.imsglobal.org/xsd/imscp_v1p1" xmlns:imsmd="http://ltsc.ieee.org/xsd/LOM" xmlns:imsqti="http://www.imsglobal.org/xsd/imsqti_metadata_v2p1" xmlns:xsi="http://www.w3.org/2001/XMLSchema-instance" identifier="MANIFEST-QTI-DP20150709" xsi:schemaLocation="http://www.imsglobal.org/xsd/imscp_v1p1 http://www.imsglobal.org/xsd/qti/qtiv2p1/qtiv2p1_imscpv1p2_v1p0.xsd http://www.imsglobal.org/xsd/imsqti_metadata_v2p1 http://www.imsglobal.org/xsd/qti/qtiv2p1/imsqti_metadata_v2p1p1.xsd http://ltsc.ieee.org/xsd/LOM http://www.imsglobal.org/xsd/imsmd_loose_v1p3p2.xsd">
  <metadata>
    <schema>QTIv2.1 Item Bank Package</schema>
    <schemaversion>1.0.0</schemaversion>
  </metadata>
  <organizations/>
  <resources>
    <resource identifier="QUE_223271" type="imsqti_item_xmlv2p1" href="QUE_223271.xml">
      <metadata>
        <imsqti:qtiMetadata>
          <imsqti:interactionType>choiceInteraction</imsqti:interactionType>
        </imsqti:qtiMetadata>
        <imsmd:lom>
          <imsmd:general>
            <imsmd:identifier>
              <imsmd:entry>QUE_223271</imsmd:entry>
            </imsmd:identifier>
          </imsmd:general>
          <imsmd:metaMetadata>
            <imsmd:identifier>
              <imsmd:catalog>Question Type</imsmd:catalog>
              <imsmd:entry>Flashcard</imsmd:entry>
            </imsmd:identifier>
            <imsmd:identifier>
              <imsmd:catalog>Topic</imsmd:catalog>
              <imsmd:entry>Astronomy Flashcards</imsmd:entry>
            </imsmd:identifier>
          </imsmd:metaMetadata>
        </imsmd:lom>
      </metadata>
      <file href="QUE_223271.xml"/>
    </resource>
    <resource identifier="QUE_223272" type="imsqti_item_xmlv2p1" href="QUE_223272.xml">
      <metadata>
        <imsqti:qtiMetadata>
          <imsqti:interactionType>choiceInteraction</imsqti:interactionType>
        </imsqti:qtiMetadata>
        <imsmd:lom>
          <imsmd:general>
            <imsmd:identifier>
              <imsmd:entry>QUE_223272</imsmd:entry>
            </imsmd:identifier>
          </imsmd:general>
          <imsmd:metaMetadata>
            <imsmd:identifier>
              <imsmd:catalog>Question Type</imsmd:catalog>
              <imsmd:entry>Flashcard</imsmd:entry>
            </imsmd:identifier>
            <imsmd:identifier>
              <imsmd:catalog>Topic</imsmd:catalog>
              <imsmd:entry>Astronomy Flashcards</imsmd:entry>
            </imsmd:identifier>
          </imsmd:metaMetadata>
        </imsmd:lom>
      </metadata>
      <file href="QUE_223272.xml"/>
    </resource>
    <resource identifier="QUE_223213" type="imsqti_item_xmlv2p1" href="QUE_223213.xml">
      <metadata>
        <imsqti:qtiMetadata>
          <imsqti:interactionType>choiceInteraction</imsqti:interactionType>
        </imsqti:qtiMetadata>
        <imsmd:lom>
          <imsmd:general>
            <imsmd:identifier>
              <imsmd:entry>QUE_223213</imsmd:entry>
            </imsmd:identifier>
          </imsmd:general>
          <imsmd:metaMetadata>
            <imsmd:identifier>
              <imsmd:catalog>Question Type</imsmd:catalog>
              <imsmd:entry>Flashcard</imsmd:entry>
            </imsmd:identifier>
            <imsmd:identifier>
              <imsmd:catalog>Topic</imsmd:catalog>
              <imsmd:entry>Astronomy Flashcards</imsmd:entry>
            </imsmd:identifier>
          </imsmd:metaMetadata>
        </imsmd:lom>
      </metadata>
      <file href="QUE_223213.xml"/>
    </resource>
    <resource identifier="QUE_223265" type="imsqti_item_xmlv2p1" href="QUE_223265.xml">
      <metadata>
        <imsqti:qtiMetadata>
          <imsqti:interactionType>choiceInteraction</imsqti:interactionType>
        </imsqti:qtiMetadata>
        <imsmd:lom>
          <imsmd:general>
            <imsmd:identifier>
              <imsmd:entry>QUE_223265</imsmd:entry>
            </imsmd:identifier>
          </imsmd:general>
          <imsmd:metaMetadata>
            <imsmd:identifier>
              <imsmd:catalog>Question Type</imsmd:catalog>
              <imsmd:entry>Flashcard</imsmd:entry>
            </imsmd:identifier>
            <imsmd:identifier>
              <imsmd:catalog>Topic</imsmd:catalog>
              <imsmd:entry>Astronomy Flashcards</imsmd:entry>
            </imsmd:identifier>
          </imsmd:metaMetadata>
        </imsmd:lom>
      </metadata>
      <file href="QUE_223265.xml"/>
    </resource>
    <resource identifier="QUE_223214" type="imsqti_item_xmlv2p1" href="QUE_223214.xml">
      <metadata>
        <imsqti:qtiMetadata>
          <imsqti:interactionType>choiceInteraction</imsqti:interactionType>
        </imsqti:qtiMetadata>
        <imsmd:lom>
          <imsmd:general>
            <imsmd:identifier>
              <imsmd:entry>QUE_223214</imsmd:entry>
            </imsmd:identifier>
          </imsmd:general>
          <imsmd:metaMetadata>
            <imsmd:identifier>
              <imsmd:catalog>Question Type</imsmd:catalog>
              <imsmd:entry>Flashcard</imsmd:entry>
            </imsmd:identifier>
            <imsmd:identifier>
              <imsmd:catalog>Topic</imsmd:catalog>
              <imsmd:entry>Astronomy Flashcards</imsmd:entry>
            </imsmd:identifier>
          </imsmd:metaMetadata>
        </imsmd:lom>
      </metadata>
      <file href="QUE_223214.xml"/>
    </resource>
    <resource identifier="QUE_223215" type="imsqti_item_xmlv2p1" href="QUE_223215.xml">
      <metadata>
        <imsqti:qtiMetadata>
          <imsqti:interactionType>choiceInteraction</imsqti:interactionType>
        </imsqti:qtiMetadata>
        <imsmd:lom>
          <imsmd:general>
            <imsmd:identifier>
              <imsmd:entry>QUE_223215</imsmd:entry>
            </imsmd:identifier>
          </imsmd:general>
          <imsmd:metaMetadata>
            <imsmd:identifier>
              <imsmd:catalog>Question Type</imsmd:catalog>
              <imsmd:entry>Flashcard</imsmd:entry>
            </imsmd:identifier>
            <imsmd:identifier>
              <imsmd:catalog>Topic</imsmd:catalog>
              <imsmd:entry>Astronomy Flashcards</imsmd:entry>
            </imsmd:identifier>
          </imsmd:metaMetadata>
        </imsmd:lom>
      </metadata>
      <file href="QUE_223215.xml"/>
    </resource>
    <resource identifier="QUE_223266" type="imsqti_item_xmlv2p1" href="QUE_223266.xml">
      <metadata>
        <imsqti:qtiMetadata>
          <imsqti:interactionType>choiceInteraction</imsqti:interactionType>
        </imsqti:qtiMetadata>
        <imsmd:lom>
          <imsmd:general>
            <imsmd:identifier>
              <imsmd:entry>QUE_223266</imsmd:entry>
            </imsmd:identifier>
          </imsmd:general>
          <imsmd:metaMetadata>
            <imsmd:identifier>
              <imsmd:catalog>Question Type</imsmd:catalog>
              <imsmd:entry>Flashcard</imsmd:entry>
            </imsmd:identifier>
            <imsmd:identifier>
              <imsmd:catalog>Topic</imsmd:catalog>
              <imsmd:entry>Astronomy Flashcards</imsmd:entry>
            </imsmd:identifier>
          </imsmd:metaMetadata>
        </imsmd:lom>
      </metadata>
      <file href="QUE_223266.xml"/>
    </resource>
    <resource identifier="QUE_223216" type="imsqti_item_xmlv2p1" href="QUE_223216.xml">
      <metadata>
        <imsqti:qtiMetadata>
          <imsqti:interactionType>choiceInteraction</imsqti:interactionType>
        </imsqti:qtiMetadata>
        <imsmd:lom>
          <imsmd:general>
            <imsmd:identifier>
              <imsmd:entry>QUE_223216</imsmd:entry>
            </imsmd:identifier>
          </imsmd:general>
          <imsmd:metaMetadata>
            <imsmd:identifier>
              <imsmd:catalog>Question Type</imsmd:catalog>
              <imsmd:entry>Flashcard</imsmd:entry>
            </imsmd:identifier>
            <imsmd:identifier>
              <imsmd:catalog>Topic</imsmd:catalog>
              <imsmd:entry>Astronomy Flashcards</imsmd:entry>
            </imsmd:identifier>
          </imsmd:metaMetadata>
        </imsmd:lom>
      </metadata>
      <file href="QUE_223216.xml"/>
    </resource>
    <resource identifier="QUE_223273" type="imsqti_item_xmlv2p1" href="QUE_223273.xml">
      <metadata>
        <imsqti:qtiMetadata>
          <imsqti:interactionType>choiceInteraction</imsqti:interactionType>
        </imsqti:qtiMetadata>
        <imsmd:lom>
          <imsmd:general>
            <imsmd:identifier>
              <imsmd:entry>QUE_223273</imsmd:entry>
            </imsmd:identifier>
          </imsmd:general>
          <imsmd:metaMetadata>
            <imsmd:identifier>
              <imsmd:catalog>Question Type</imsmd:catalog>
              <imsmd:entry>Flashcard</imsmd:entry>
            </imsmd:identifier>
            <imsmd:identifier>
              <imsmd:catalog>Topic</imsmd:catalog>
              <imsmd:entry>Astronomy Flashcards</imsmd:entry>
            </imsmd:identifier>
          </imsmd:metaMetadata>
        </imsmd:lom>
      </metadata>
      <file href="QUE_223273.xml"/>
    </resource>
    <resource identifier="QUE_223217" type="imsqti_item_xmlv2p1" href="QUE_223217.xml">
      <metadata>
        <imsqti:qtiMetadata>
          <imsqti:interactionType>choiceInteraction</imsqti:interactionType>
        </imsqti:qtiMetadata>
        <imsmd:lom>
          <imsmd:general>
            <imsmd:identifier>
              <imsmd:entry>QUE_223217</imsmd:entry>
            </imsmd:identifier>
          </imsmd:general>
          <imsmd:metaMetadata>
            <imsmd:identifier>
              <imsmd:catalog>Question Type</imsmd:catalog>
              <imsmd:entry>Flashcard</imsmd:entry>
            </imsmd:identifier>
            <imsmd:identifier>
              <imsmd:catalog>Topic</imsmd:catalog>
              <imsmd:entry>Astronomy Flashcards</imsmd:entry>
            </imsmd:identifier>
          </imsmd:metaMetadata>
        </imsmd:lom>
      </metadata>
      <file href="QUE_223217.xml"/>
    </resource>
    <resource identifier="QUE_223218" type="imsqti_item_xmlv2p1" href="QUE_223218.xml">
      <metadata>
        <imsqti:qtiMetadata>
          <imsqti:interactionType>choiceInteraction</imsqti:interactionType>
        </imsqti:qtiMetadata>
        <imsmd:lom>
          <imsmd:general>
            <imsmd:identifier>
              <imsmd:entry>QUE_223218</imsmd:entry>
            </imsmd:identifier>
          </imsmd:general>
          <imsmd:metaMetadata>
            <imsmd:identifier>
              <imsmd:catalog>Question Type</imsmd:catalog>
              <imsmd:entry>Flashcard</imsmd:entry>
            </imsmd:identifier>
            <imsmd:identifier>
              <imsmd:catalog>Topic</imsmd:catalog>
              <imsmd:entry>Astronomy Flashcards</imsmd:entry>
            </imsmd:identifier>
          </imsmd:metaMetadata>
        </imsmd:lom>
      </metadata>
      <file href="QUE_223218.xml"/>
    </resource>
    <resource identifier="QUE_223219" type="imsqti_item_xmlv2p1" href="QUE_223219.xml">
      <metadata>
        <imsqti:qtiMetadata>
          <imsqti:interactionType>choiceInteraction</imsqti:interactionType>
        </imsqti:qtiMetadata>
        <imsmd:lom>
          <imsmd:general>
            <imsmd:identifier>
              <imsmd:entry>QUE_223219</imsmd:entry>
            </imsmd:identifier>
          </imsmd:general>
          <imsmd:metaMetadata>
            <imsmd:identifier>
              <imsmd:catalog>Question Type</imsmd:catalog>
              <imsmd:entry>Flashcard</imsmd:entry>
            </imsmd:identifier>
            <imsmd:identifier>
              <imsmd:catalog>Topic</imsmd:catalog>
              <imsmd:entry>Astronomy Flashcards</imsmd:entry>
            </imsmd:identifier>
          </imsmd:metaMetadata>
        </imsmd:lom>
      </metadata>
      <file href="QUE_223219.xml"/>
    </resource>
    <resource identifier="QUE_223274" type="imsqti_item_xmlv2p1" href="QUE_223274.xml">
      <metadata>
        <imsqti:qtiMetadata>
          <imsqti:interactionType>choiceInteraction</imsqti:interactionType>
        </imsqti:qtiMetadata>
        <imsmd:lom>
          <imsmd:general>
            <imsmd:identifier>
              <imsmd:entry>QUE_223274</imsmd:entry>
            </imsmd:identifier>
          </imsmd:general>
          <imsmd:metaMetadata>
            <imsmd:identifier>
              <imsmd:catalog>Question Type</imsmd:catalog>
              <imsmd:entry>Flashcard</imsmd:entry>
            </imsmd:identifier>
            <imsmd:identifier>
              <imsmd:catalog>Topic</imsmd:catalog>
              <imsmd:entry>Astronomy Flashcards</imsmd:entry>
            </imsmd:identifier>
          </imsmd:metaMetadata>
        </imsmd:lom>
      </metadata>
      <file href="QUE_223274.xml"/>
    </resource>
    <resource identifier="QUE_223275" type="imsqti_item_xmlv2p1" href="QUE_223275.xml">
      <metadata>
        <imsqti:qtiMetadata>
          <imsqti:interactionType>choiceInteraction</imsqti:interactionType>
        </imsqti:qtiMetadata>
        <imsmd:lom>
          <imsmd:general>
            <imsmd:identifier>
              <imsmd:entry>QUE_223275</imsmd:entry>
            </imsmd:identifier>
          </imsmd:general>
          <imsmd:metaMetadata>
            <imsmd:identifier>
              <imsmd:catalog>Question Type</imsmd:catalog>
              <imsmd:entry>Flashcard</imsmd:entry>
            </imsmd:identifier>
            <imsmd:identifier>
              <imsmd:catalog>Topic</imsmd:catalog>
              <imsmd:entry>Astronomy Flashcards</imsmd:entry>
            </imsmd:identifier>
          </imsmd:metaMetadata>
        </imsmd:lom>
      </metadata>
      <file href="QUE_223275.xml"/>
    </resource>
    <resource identifier="QUE_223276" type="imsqti_item_xmlv2p1" href="QUE_223276.xml">
      <metadata>
        <imsqti:qtiMetadata>
          <imsqti:interactionType>choiceInteraction</imsqti:interactionType>
        </imsqti:qtiMetadata>
        <imsmd:lom>
          <imsmd:general>
            <imsmd:identifier>
              <imsmd:entry>QUE_223276</imsmd:entry>
            </imsmd:identifier>
          </imsmd:general>
          <imsmd:metaMetadata>
            <imsmd:identifier>
              <imsmd:catalog>Question Type</imsmd:catalog>
              <imsmd:entry>Flashcard</imsmd:entry>
            </imsmd:identifier>
            <imsmd:identifier>
              <imsmd:catalog>Topic</imsmd:catalog>
              <imsmd:entry>Astronomy Flashcards</imsmd:entry>
            </imsmd:identifier>
          </imsmd:metaMetadata>
        </imsmd:lom>
      </metadata>
      <file href="QUE_223276.xml"/>
    </resource>
    <resource identifier="QUE_223277" type="imsqti_item_xmlv2p1" href="QUE_223277.xml">
      <metadata>
        <imsqti:qtiMetadata>
          <imsqti:interactionType>choiceInteraction</imsqti:interactionType>
        </imsqti:qtiMetadata>
        <imsmd:lom>
          <imsmd:general>
            <imsmd:identifier>
              <imsmd:entry>QUE_223277</imsmd:entry>
            </imsmd:identifier>
          </imsmd:general>
          <imsmd:metaMetadata>
            <imsmd:identifier>
              <imsmd:catalog>Question Type</imsmd:catalog>
              <imsmd:entry>Flashcard</imsmd:entry>
            </imsmd:identifier>
            <imsmd:identifier>
              <imsmd:catalog>Topic</imsmd:catalog>
              <imsmd:entry>Astronomy Flashcards</imsmd:entry>
            </imsmd:identifier>
          </imsmd:metaMetadata>
        </imsmd:lom>
      </metadata>
      <file href="QUE_223277.xml"/>
    </resource>
    <resource identifier="QUE_223220" type="imsqti_item_xmlv2p1" href="QUE_223220.xml">
      <metadata>
        <imsqti:qtiMetadata>
          <imsqti:interactionType>choiceInteraction</imsqti:interactionType>
        </imsqti:qtiMetadata>
        <imsmd:lom>
          <imsmd:general>
            <imsmd:identifier>
              <imsmd:entry>QUE_223220</imsmd:entry>
            </imsmd:identifier>
          </imsmd:general>
          <imsmd:metaMetadata>
            <imsmd:identifier>
              <imsmd:catalog>Question Type</imsmd:catalog>
              <imsmd:entry>Flashcard</imsmd:entry>
            </imsmd:identifier>
            <imsmd:identifier>
              <imsmd:catalog>Topic</imsmd:catalog>
              <imsmd:entry>Astronomy Flashcards</imsmd:entry>
            </imsmd:identifier>
          </imsmd:metaMetadata>
        </imsmd:lom>
      </metadata>
      <file href="QUE_223220.xml"/>
    </resource>
    <resource identifier="QUE_223278" type="imsqti_item_xmlv2p1" href="QUE_223278.xml">
      <metadata>
        <imsqti:qtiMetadata>
          <imsqti:interactionType>choiceInteraction</imsqti:interactionType>
        </imsqti:qtiMetadata>
        <imsmd:lom>
          <imsmd:general>
            <imsmd:identifier>
              <imsmd:entry>QUE_223278</imsmd:entry>
            </imsmd:identifier>
          </imsmd:general>
          <imsmd:metaMetadata>
            <imsmd:identifier>
              <imsmd:catalog>Question Type</imsmd:catalog>
              <imsmd:entry>Flashcard</imsmd:entry>
            </imsmd:identifier>
            <imsmd:identifier>
              <imsmd:catalog>Topic</imsmd:catalog>
              <imsmd:entry>Astronomy Flashcards</imsmd:entry>
            </imsmd:identifier>
          </imsmd:metaMetadata>
        </imsmd:lom>
      </metadata>
      <file href="QUE_223278.xml"/>
    </resource>
    <resource identifier="QUE_223221" type="imsqti_item_xmlv2p1" href="QUE_223221.xml">
      <metadata>
        <imsqti:qtiMetadata>
          <imsqti:interactionType>choiceInteraction</imsqti:interactionType>
        </imsqti:qtiMetadata>
        <imsmd:lom>
          <imsmd:general>
            <imsmd:identifier>
              <imsmd:entry>QUE_223221</imsmd:entry>
            </imsmd:identifier>
          </imsmd:general>
          <imsmd:metaMetadata>
            <imsmd:identifier>
              <imsmd:catalog>Question Type</imsmd:catalog>
              <imsmd:entry>Flashcard</imsmd:entry>
            </imsmd:identifier>
            <imsmd:identifier>
              <imsmd:catalog>Topic</imsmd:catalog>
              <imsmd:entry>Astronomy Flashcards</imsmd:entry>
            </imsmd:identifier>
          </imsmd:metaMetadata>
        </imsmd:lom>
      </metadata>
      <file href="QUE_223221.xml"/>
    </resource>
    <resource identifier="QUE_223279" type="imsqti_item_xmlv2p1" href="QUE_223279.xml">
      <metadata>
        <imsqti:qtiMetadata>
          <imsqti:interactionType>choiceInteraction</imsqti:interactionType>
        </imsqti:qtiMetadata>
        <imsmd:lom>
          <imsmd:general>
            <imsmd:identifier>
              <imsmd:entry>QUE_223279</imsmd:entry>
            </imsmd:identifier>
          </imsmd:general>
          <imsmd:metaMetadata>
            <imsmd:identifier>
              <imsmd:catalog>Question Type</imsmd:catalog>
              <imsmd:entry>Flashcard</imsmd:entry>
            </imsmd:identifier>
            <imsmd:identifier>
              <imsmd:catalog>Topic</imsmd:catalog>
              <imsmd:entry>Astronomy Flashcards</imsmd:entry>
            </imsmd:identifier>
          </imsmd:metaMetadata>
        </imsmd:lom>
      </metadata>
      <file href="QUE_223279.xml"/>
    </resource>
    <resource identifier="QUE_223222" type="imsqti_item_xmlv2p1" href="QUE_223222.xml">
      <metadata>
        <imsqti:qtiMetadata>
          <imsqti:interactionType>choiceInteraction</imsqti:interactionType>
        </imsqti:qtiMetadata>
        <imsmd:lom>
          <imsmd:general>
            <imsmd:identifier>
              <imsmd:entry>QUE_223222</imsmd:entry>
            </imsmd:identifier>
          </imsmd:general>
          <imsmd:metaMetadata>
            <imsmd:identifier>
              <imsmd:catalog>Question Type</imsmd:catalog>
              <imsmd:entry>Flashcard</imsmd:entry>
            </imsmd:identifier>
            <imsmd:identifier>
              <imsmd:catalog>Topic</imsmd:catalog>
              <imsmd:entry>Astronomy Flashcards</imsmd:entry>
            </imsmd:identifier>
          </imsmd:metaMetadata>
        </imsmd:lom>
      </metadata>
      <file href="QUE_223222.xml"/>
    </resource>
    <resource identifier="QUE_223223" type="imsqti_item_xmlv2p1" href="QUE_223223.xml">
      <metadata>
        <imsqti:qtiMetadata>
          <imsqti:interactionType>choiceInteraction</imsqti:interactionType>
        </imsqti:qtiMetadata>
        <imsmd:lom>
          <imsmd:general>
            <imsmd:identifier>
              <imsmd:entry>QUE_223223</imsmd:entry>
            </imsmd:identifier>
          </imsmd:general>
          <imsmd:metaMetadata>
            <imsmd:identifier>
              <imsmd:catalog>Question Type</imsmd:catalog>
              <imsmd:entry>Flashcard</imsmd:entry>
            </imsmd:identifier>
            <imsmd:identifier>
              <imsmd:catalog>Topic</imsmd:catalog>
              <imsmd:entry>Astronomy Flashcards</imsmd:entry>
            </imsmd:identifier>
          </imsmd:metaMetadata>
        </imsmd:lom>
      </metadata>
      <file href="QUE_223223.xml"/>
    </resource>
    <resource identifier="QUE_223224" type="imsqti_item_xmlv2p1" href="QUE_223224.xml">
      <metadata>
        <imsqti:qtiMetadata>
          <imsqti:interactionType>choiceInteraction</imsqti:interactionType>
        </imsqti:qtiMetadata>
        <imsmd:lom>
          <imsmd:general>
            <imsmd:identifier>
              <imsmd:entry>QUE_223224</imsmd:entry>
            </imsmd:identifier>
          </imsmd:general>
          <imsmd:metaMetadata>
            <imsmd:identifier>
              <imsmd:catalog>Question Type</imsmd:catalog>
              <imsmd:entry>Flashcard</imsmd:entry>
            </imsmd:identifier>
            <imsmd:identifier>
              <imsmd:catalog>Topic</imsmd:catalog>
              <imsmd:entry>Astronomy Flashcards</imsmd:entry>
            </imsmd:identifier>
          </imsmd:metaMetadata>
        </imsmd:lom>
      </metadata>
      <file href="QUE_223224.xml"/>
    </resource>
    <resource identifier="QUE_223225" type="imsqti_item_xmlv2p1" href="QUE_223225.xml">
      <metadata>
        <imsqti:qtiMetadata>
          <imsqti:interactionType>choiceInteraction</imsqti:interactionType>
        </imsqti:qtiMetadata>
        <imsmd:lom>
          <imsmd:general>
            <imsmd:identifier>
              <imsmd:entry>QUE_223225</imsmd:entry>
            </imsmd:identifier>
          </imsmd:general>
          <imsmd:metaMetadata>
            <imsmd:identifier>
              <imsmd:catalog>Question Type</imsmd:catalog>
              <imsmd:entry>Flashcard</imsmd:entry>
            </imsmd:identifier>
            <imsmd:identifier>
              <imsmd:catalog>Topic</imsmd:catalog>
              <imsmd:entry>Astronomy Flashcards</imsmd:entry>
            </imsmd:identifier>
          </imsmd:metaMetadata>
        </imsmd:lom>
      </metadata>
      <file href="QUE_223225.xml"/>
    </resource>
    <resource identifier="QUE_223267" type="imsqti_item_xmlv2p1" href="QUE_223267.xml">
      <metadata>
        <imsqti:qtiMetadata>
          <imsqti:interactionType>choiceInteraction</imsqti:interactionType>
        </imsqti:qtiMetadata>
        <imsmd:lom>
          <imsmd:general>
            <imsmd:identifier>
              <imsmd:entry>QUE_223267</imsmd:entry>
            </imsmd:identifier>
          </imsmd:general>
          <imsmd:metaMetadata>
            <imsmd:identifier>
              <imsmd:catalog>Question Type</imsmd:catalog>
              <imsmd:entry>Flashcard</imsmd:entry>
            </imsmd:identifier>
            <imsmd:identifier>
              <imsmd:catalog>Topic</imsmd:catalog>
              <imsmd:entry>Astronomy Flashcards</imsmd:entry>
            </imsmd:identifier>
          </imsmd:metaMetadata>
        </imsmd:lom>
      </metadata>
      <file href="QUE_223267.xml"/>
    </resource>
    <resource identifier="QUE_223226" type="imsqti_item_xmlv2p1" href="QUE_223226.xml">
      <metadata>
        <imsqti:qtiMetadata>
          <imsqti:interactionType>choiceInteraction</imsqti:interactionType>
        </imsqti:qtiMetadata>
        <imsmd:lom>
          <imsmd:general>
            <imsmd:identifier>
              <imsmd:entry>QUE_223226</imsmd:entry>
            </imsmd:identifier>
          </imsmd:general>
          <imsmd:metaMetadata>
            <imsmd:identifier>
              <imsmd:catalog>Question Type</imsmd:catalog>
              <imsmd:entry>Flashcard</imsmd:entry>
            </imsmd:identifier>
            <imsmd:identifier>
              <imsmd:catalog>Topic</imsmd:catalog>
              <imsmd:entry>Astronomy Flashcards</imsmd:entry>
            </imsmd:identifier>
          </imsmd:metaMetadata>
        </imsmd:lom>
      </metadata>
      <file href="QUE_223226.xml"/>
    </resource>
    <resource identifier="QUE_223227" type="imsqti_item_xmlv2p1" href="QUE_223227.xml">
      <metadata>
        <imsqti:qtiMetadata>
          <imsqti:interactionType>choiceInteraction</imsqti:interactionType>
        </imsqti:qtiMetadata>
        <imsmd:lom>
          <imsmd:general>
            <imsmd:identifier>
              <imsmd:entry>QUE_223227</imsmd:entry>
            </imsmd:identifier>
          </imsmd:general>
          <imsmd:metaMetadata>
            <imsmd:identifier>
              <imsmd:catalog>Question Type</imsmd:catalog>
              <imsmd:entry>Flashcard</imsmd:entry>
            </imsmd:identifier>
            <imsmd:identifier>
              <imsmd:catalog>Topic</imsmd:catalog>
              <imsmd:entry>Astronomy Flashcards</imsmd:entry>
            </imsmd:identifier>
          </imsmd:metaMetadata>
        </imsmd:lom>
      </metadata>
      <file href="QUE_223227.xml"/>
    </resource>
    <resource identifier="QUE_223228" type="imsqti_item_xmlv2p1" href="QUE_223228.xml">
      <metadata>
        <imsqti:qtiMetadata>
          <imsqti:interactionType>choiceInteraction</imsqti:interactionType>
        </imsqti:qtiMetadata>
        <imsmd:lom>
          <imsmd:general>
            <imsmd:identifier>
              <imsmd:entry>QUE_223228</imsmd:entry>
            </imsmd:identifier>
          </imsmd:general>
          <imsmd:metaMetadata>
            <imsmd:identifier>
              <imsmd:catalog>Question Type</imsmd:catalog>
              <imsmd:entry>Flashcard</imsmd:entry>
            </imsmd:identifier>
            <imsmd:identifier>
              <imsmd:catalog>Topic</imsmd:catalog>
              <imsmd:entry>Astronomy Flashcards</imsmd:entry>
            </imsmd:identifier>
          </imsmd:metaMetadata>
        </imsmd:lom>
      </metadata>
      <file href="QUE_223228.xml"/>
    </resource>
    <resource identifier="QUE_223229" type="imsqti_item_xmlv2p1" href="QUE_223229.xml">
      <metadata>
        <imsqti:qtiMetadata>
          <imsqti:interactionType>choiceInteraction</imsqti:interactionType>
        </imsqti:qtiMetadata>
        <imsmd:lom>
          <imsmd:general>
            <imsmd:identifier>
              <imsmd:entry>QUE_223229</imsmd:entry>
            </imsmd:identifier>
          </imsmd:general>
          <imsmd:metaMetadata>
            <imsmd:identifier>
              <imsmd:catalog>Question Type</imsmd:catalog>
              <imsmd:entry>Flashcard</imsmd:entry>
            </imsmd:identifier>
            <imsmd:identifier>
              <imsmd:catalog>Topic</imsmd:catalog>
              <imsmd:entry>Astronomy Flashcards</imsmd:entry>
            </imsmd:identifier>
          </imsmd:metaMetadata>
        </imsmd:lom>
      </metadata>
      <file href="QUE_223229.xml"/>
    </resource>
    <resource identifier="QUE_223230" type="imsqti_item_xmlv2p1" href="QUE_223230.xml">
      <metadata>
        <imsqti:qtiMetadata>
          <imsqti:interactionType>choiceInteraction</imsqti:interactionType>
        </imsqti:qtiMetadata>
        <imsmd:lom>
          <imsmd:general>
            <imsmd:identifier>
              <imsmd:entry>QUE_223230</imsmd:entry>
            </imsmd:identifier>
          </imsmd:general>
          <imsmd:metaMetadata>
            <imsmd:identifier>
              <imsmd:catalog>Question Type</imsmd:catalog>
              <imsmd:entry>Flashcard</imsmd:entry>
            </imsmd:identifier>
            <imsmd:identifier>
              <imsmd:catalog>Topic</imsmd:catalog>
              <imsmd:entry>Astronomy Flashcards</imsmd:entry>
            </imsmd:identifier>
          </imsmd:metaMetadata>
        </imsmd:lom>
      </metadata>
      <file href="QUE_223230.xml"/>
    </resource>
    <resource identifier="QUE_223280" type="imsqti_item_xmlv2p1" href="QUE_223280.xml">
      <metadata>
        <imsqti:qtiMetadata>
          <imsqti:interactionType>choiceInteraction</imsqti:interactionType>
        </imsqti:qtiMetadata>
        <imsmd:lom>
          <imsmd:general>
            <imsmd:identifier>
              <imsmd:entry>QUE_223280</imsmd:entry>
            </imsmd:identifier>
          </imsmd:general>
          <imsmd:metaMetadata>
            <imsmd:identifier>
              <imsmd:catalog>Question Type</imsmd:catalog>
              <imsmd:entry>Flashcard</imsmd:entry>
            </imsmd:identifier>
            <imsmd:identifier>
              <imsmd:catalog>Topic</imsmd:catalog>
              <imsmd:entry>Astronomy Flashcards</imsmd:entry>
            </imsmd:identifier>
          </imsmd:metaMetadata>
        </imsmd:lom>
      </metadata>
      <file href="QUE_223280.xml"/>
    </resource>
    <resource identifier="QUE_223231" type="imsqti_item_xmlv2p1" href="QUE_223231.xml">
      <metadata>
        <imsqti:qtiMetadata>
          <imsqti:interactionType>choiceInteraction</imsqti:interactionType>
        </imsqti:qtiMetadata>
        <imsmd:lom>
          <imsmd:general>
            <imsmd:identifier>
              <imsmd:entry>QUE_223231</imsmd:entry>
            </imsmd:identifier>
          </imsmd:general>
          <imsmd:metaMetadata>
            <imsmd:identifier>
              <imsmd:catalog>Question Type</imsmd:catalog>
              <imsmd:entry>Flashcard</imsmd:entry>
            </imsmd:identifier>
            <imsmd:identifier>
              <imsmd:catalog>Topic</imsmd:catalog>
              <imsmd:entry>Astronomy Flashcards</imsmd:entry>
            </imsmd:identifier>
          </imsmd:metaMetadata>
        </imsmd:lom>
      </metadata>
      <file href="QUE_223231.xml"/>
    </resource>
    <resource identifier="QUE_223281" type="imsqti_item_xmlv2p1" href="QUE_223281.xml">
      <metadata>
        <imsqti:qtiMetadata>
          <imsqti:interactionType>choiceInteraction</imsqti:interactionType>
        </imsqti:qtiMetadata>
        <imsmd:lom>
          <imsmd:general>
            <imsmd:identifier>
              <imsmd:entry>QUE_223281</imsmd:entry>
            </imsmd:identifier>
          </imsmd:general>
          <imsmd:metaMetadata>
            <imsmd:identifier>
              <imsmd:catalog>Question Type</imsmd:catalog>
              <imsmd:entry>Flashcard</imsmd:entry>
            </imsmd:identifier>
            <imsmd:identifier>
              <imsmd:catalog>Topic</imsmd:catalog>
              <imsmd:entry>Astronomy Flashcards</imsmd:entry>
            </imsmd:identifier>
          </imsmd:metaMetadata>
        </imsmd:lom>
      </metadata>
      <file href="QUE_223281.xml"/>
    </resource>
    <resource identifier="QUE_223232" type="imsqti_item_xmlv2p1" href="QUE_223232.xml">
      <metadata>
        <imsqti:qtiMetadata>
          <imsqti:interactionType>choiceInteraction</imsqti:interactionType>
        </imsqti:qtiMetadata>
        <imsmd:lom>
          <imsmd:general>
            <imsmd:identifier>
              <imsmd:entry>QUE_223232</imsmd:entry>
            </imsmd:identifier>
          </imsmd:general>
          <imsmd:metaMetadata>
            <imsmd:identifier>
              <imsmd:catalog>Question Type</imsmd:catalog>
              <imsmd:entry>Flashcard</imsmd:entry>
            </imsmd:identifier>
            <imsmd:identifier>
              <imsmd:catalog>Topic</imsmd:catalog>
              <imsmd:entry>Astronomy Flashcards</imsmd:entry>
            </imsmd:identifier>
          </imsmd:metaMetadata>
        </imsmd:lom>
      </metadata>
      <file href="QUE_223232.xml"/>
    </resource>
    <resource identifier="QUE_223233" type="imsqti_item_xmlv2p1" href="QUE_223233.xml">
      <metadata>
        <imsqti:qtiMetadata>
          <imsqti:interactionType>choiceInteraction</imsqti:interactionType>
        </imsqti:qtiMetadata>
        <imsmd:lom>
          <imsmd:general>
            <imsmd:identifier>
              <imsmd:entry>QUE_223233</imsmd:entry>
            </imsmd:identifier>
          </imsmd:general>
          <imsmd:metaMetadata>
            <imsmd:identifier>
              <imsmd:catalog>Question Type</imsmd:catalog>
              <imsmd:entry>Flashcard</imsmd:entry>
            </imsmd:identifier>
            <imsmd:identifier>
              <imsmd:catalog>Topic</imsmd:catalog>
              <imsmd:entry>Astronomy Flashcards</imsmd:entry>
            </imsmd:identifier>
          </imsmd:metaMetadata>
        </imsmd:lom>
      </metadata>
      <file href="QUE_223233.xml"/>
    </resource>
    <resource identifier="QUE_223234" type="imsqti_item_xmlv2p1" href="QUE_223234.xml">
      <metadata>
        <imsqti:qtiMetadata>
          <imsqti:interactionType>choiceInteraction</imsqti:interactionType>
        </imsqti:qtiMetadata>
        <imsmd:lom>
          <imsmd:general>
            <imsmd:identifier>
              <imsmd:entry>QUE_223234</imsmd:entry>
            </imsmd:identifier>
          </imsmd:general>
          <imsmd:metaMetadata>
            <imsmd:identifier>
              <imsmd:catalog>Question Type</imsmd:catalog>
              <imsmd:entry>Flashcard</imsmd:entry>
            </imsmd:identifier>
            <imsmd:identifier>
              <imsmd:catalog>Topic</imsmd:catalog>
              <imsmd:entry>Astronomy Flashcards</imsmd:entry>
            </imsmd:identifier>
          </imsmd:metaMetadata>
        </imsmd:lom>
      </metadata>
      <file href="QUE_223234.xml"/>
    </resource>
    <resource identifier="QUE_223282" type="imsqti_item_xmlv2p1" href="QUE_223282.xml">
      <metadata>
        <imsqti:qtiMetadata>
          <imsqti:interactionType>choiceInteraction</imsqti:interactionType>
        </imsqti:qtiMetadata>
        <imsmd:lom>
          <imsmd:general>
            <imsmd:identifier>
              <imsmd:entry>QUE_223282</imsmd:entry>
            </imsmd:identifier>
          </imsmd:general>
          <imsmd:metaMetadata>
            <imsmd:identifier>
              <imsmd:catalog>Question Type</imsmd:catalog>
              <imsmd:entry>Flashcard</imsmd:entry>
            </imsmd:identifier>
            <imsmd:identifier>
              <imsmd:catalog>Topic</imsmd:catalog>
              <imsmd:entry>Astronomy Flashcards</imsmd:entry>
            </imsmd:identifier>
          </imsmd:metaMetadata>
        </imsmd:lom>
      </metadata>
      <file href="QUE_223282.xml"/>
    </resource>
    <resource identifier="QUE_223268" type="imsqti_item_xmlv2p1" href="QUE_223268.xml">
      <metadata>
        <imsqti:qtiMetadata>
          <imsqti:interactionType>choiceInteraction</imsqti:interactionType>
        </imsqti:qtiMetadata>
        <imsmd:lom>
          <imsmd:general>
            <imsmd:identifier>
              <imsmd:entry>QUE_223268</imsmd:entry>
            </imsmd:identifier>
          </imsmd:general>
          <imsmd:metaMetadata>
            <imsmd:identifier>
              <imsmd:catalog>Question Type</imsmd:catalog>
              <imsmd:entry>Flashcard</imsmd:entry>
            </imsmd:identifier>
            <imsmd:identifier>
              <imsmd:catalog>Topic</imsmd:catalog>
              <imsmd:entry>Astronomy Flashcards</imsmd:entry>
            </imsmd:identifier>
          </imsmd:metaMetadata>
        </imsmd:lom>
      </metadata>
      <file href="QUE_223268.xml"/>
    </resource>
    <resource identifier="QUE_223283" type="imsqti_item_xmlv2p1" href="QUE_223283.xml">
      <metadata>
        <imsqti:qtiMetadata>
          <imsqti:interactionType>choiceInteraction</imsqti:interactionType>
        </imsqti:qtiMetadata>
        <imsmd:lom>
          <imsmd:general>
            <imsmd:identifier>
              <imsmd:entry>QUE_223283</imsmd:entry>
            </imsmd:identifier>
          </imsmd:general>
          <imsmd:metaMetadata>
            <imsmd:identifier>
              <imsmd:catalog>Question Type</imsmd:catalog>
              <imsmd:entry>Flashcard</imsmd:entry>
            </imsmd:identifier>
            <imsmd:identifier>
              <imsmd:catalog>Topic</imsmd:catalog>
              <imsmd:entry>Astronomy Flashcards</imsmd:entry>
            </imsmd:identifier>
          </imsmd:metaMetadata>
        </imsmd:lom>
      </metadata>
      <file href="QUE_223283.xml"/>
    </resource>
    <resource identifier="QUE_223269" type="imsqti_item_xmlv2p1" href="QUE_223269.xml">
      <metadata>
        <imsqti:qtiMetadata>
          <imsqti:interactionType>choiceInteraction</imsqti:interactionType>
        </imsqti:qtiMetadata>
        <imsmd:lom>
          <imsmd:general>
            <imsmd:identifier>
              <imsmd:entry>QUE_223269</imsmd:entry>
            </imsmd:identifier>
          </imsmd:general>
          <imsmd:metaMetadata>
            <imsmd:identifier>
              <imsmd:catalog>Question Type</imsmd:catalog>
              <imsmd:entry>Flashcard</imsmd:entry>
            </imsmd:identifier>
            <imsmd:identifier>
              <imsmd:catalog>Topic</imsmd:catalog>
              <imsmd:entry>Astronomy Flashcards</imsmd:entry>
            </imsmd:identifier>
          </imsmd:metaMetadata>
        </imsmd:lom>
      </metadata>
      <file href="QUE_223269.xml"/>
    </resource>
    <resource identifier="QUE_223284" type="imsqti_item_xmlv2p1" href="QUE_223284.xml">
      <metadata>
        <imsqti:qtiMetadata>
          <imsqti:interactionType>choiceInteraction</imsqti:interactionType>
        </imsqti:qtiMetadata>
        <imsmd:lom>
          <imsmd:general>
            <imsmd:identifier>
              <imsmd:entry>QUE_223284</imsmd:entry>
            </imsmd:identifier>
          </imsmd:general>
          <imsmd:metaMetadata>
            <imsmd:identifier>
              <imsmd:catalog>Question Type</imsmd:catalog>
              <imsmd:entry>Flashcard</imsmd:entry>
            </imsmd:identifier>
            <imsmd:identifier>
              <imsmd:catalog>Topic</imsmd:catalog>
              <imsmd:entry>Astronomy Flashcards</imsmd:entry>
            </imsmd:identifier>
          </imsmd:metaMetadata>
        </imsmd:lom>
      </metadata>
      <file href="QUE_223284.xml"/>
    </resource>
    <resource identifier="QUE_223235" type="imsqti_item_xmlv2p1" href="QUE_223235.xml">
      <metadata>
        <imsqti:qtiMetadata>
          <imsqti:interactionType>choiceInteraction</imsqti:interactionType>
        </imsqti:qtiMetadata>
        <imsmd:lom>
          <imsmd:general>
            <imsmd:identifier>
              <imsmd:entry>QUE_223235</imsmd:entry>
            </imsmd:identifier>
          </imsmd:general>
          <imsmd:metaMetadata>
            <imsmd:identifier>
              <imsmd:catalog>Question Type</imsmd:catalog>
              <imsmd:entry>Flashcard</imsmd:entry>
            </imsmd:identifier>
            <imsmd:identifier>
              <imsmd:catalog>Topic</imsmd:catalog>
              <imsmd:entry>Astronomy Flashcards</imsmd:entry>
            </imsmd:identifier>
          </imsmd:metaMetadata>
        </imsmd:lom>
      </metadata>
      <file href="QUE_223235.xml"/>
    </resource>
    <resource identifier="QUE_223236" type="imsqti_item_xmlv2p1" href="QUE_223236.xml">
      <metadata>
        <imsqti:qtiMetadata>
          <imsqti:interactionType>choiceInteraction</imsqti:interactionType>
        </imsqti:qtiMetadata>
        <imsmd:lom>
          <imsmd:general>
            <imsmd:identifier>
              <imsmd:entry>QUE_223236</imsmd:entry>
            </imsmd:identifier>
          </imsmd:general>
          <imsmd:metaMetadata>
            <imsmd:identifier>
              <imsmd:catalog>Question Type</imsmd:catalog>
              <imsmd:entry>Flashcard</imsmd:entry>
            </imsmd:identifier>
            <imsmd:identifier>
              <imsmd:catalog>Topic</imsmd:catalog>
              <imsmd:entry>Astronomy Flashcards</imsmd:entry>
            </imsmd:identifier>
          </imsmd:metaMetadata>
        </imsmd:lom>
      </metadata>
      <file href="QUE_223236.xml"/>
    </resource>
    <resource identifier="QUE_223237" type="imsqti_item_xmlv2p1" href="QUE_223237.xml">
      <metadata>
        <imsqti:qtiMetadata>
          <imsqti:interactionType>choiceInteraction</imsqti:interactionType>
        </imsqti:qtiMetadata>
        <imsmd:lom>
          <imsmd:general>
            <imsmd:identifier>
              <imsmd:entry>QUE_223237</imsmd:entry>
            </imsmd:identifier>
          </imsmd:general>
          <imsmd:metaMetadata>
            <imsmd:identifier>
              <imsmd:catalog>Question Type</imsmd:catalog>
              <imsmd:entry>Flashcard</imsmd:entry>
            </imsmd:identifier>
            <imsmd:identifier>
              <imsmd:catalog>Topic</imsmd:catalog>
              <imsmd:entry>Astronomy Flashcards</imsmd:entry>
            </imsmd:identifier>
          </imsmd:metaMetadata>
        </imsmd:lom>
      </metadata>
      <file href="QUE_223237.xml"/>
    </resource>
    <resource identifier="QUE_223285" type="imsqti_item_xmlv2p1" href="QUE_223285.xml">
      <metadata>
        <imsqti:qtiMetadata>
          <imsqti:interactionType>choiceInteraction</imsqti:interactionType>
        </imsqti:qtiMetadata>
        <imsmd:lom>
          <imsmd:general>
            <imsmd:identifier>
              <imsmd:entry>QUE_223285</imsmd:entry>
            </imsmd:identifier>
          </imsmd:general>
          <imsmd:metaMetadata>
            <imsmd:identifier>
              <imsmd:catalog>Question Type</imsmd:catalog>
              <imsmd:entry>Flashcard</imsmd:entry>
            </imsmd:identifier>
            <imsmd:identifier>
              <imsmd:catalog>Topic</imsmd:catalog>
              <imsmd:entry>Astronomy Flashcards</imsmd:entry>
            </imsmd:identifier>
          </imsmd:metaMetadata>
        </imsmd:lom>
      </metadata>
      <file href="QUE_223285.xml"/>
    </resource>
    <resource identifier="QUE_223286" type="imsqti_item_xmlv2p1" href="QUE_223286.xml">
      <metadata>
        <imsqti:qtiMetadata>
          <imsqti:interactionType>choiceInteraction</imsqti:interactionType>
        </imsqti:qtiMetadata>
        <imsmd:lom>
          <imsmd:general>
            <imsmd:identifier>
              <imsmd:entry>QUE_223286</imsmd:entry>
            </imsmd:identifier>
          </imsmd:general>
          <imsmd:metaMetadata>
            <imsmd:identifier>
              <imsmd:catalog>Question Type</imsmd:catalog>
              <imsmd:entry>Flashcard</imsmd:entry>
            </imsmd:identifier>
            <imsmd:identifier>
              <imsmd:catalog>Topic</imsmd:catalog>
              <imsmd:entry>Astronomy Flashcards</imsmd:entry>
            </imsmd:identifier>
          </imsmd:metaMetadata>
        </imsmd:lom>
      </metadata>
      <file href="QUE_223286.xml"/>
    </resource>
    <resource identifier="QUE_223238" type="imsqti_item_xmlv2p1" href="QUE_223238.xml">
      <metadata>
        <imsqti:qtiMetadata>
          <imsqti:interactionType>choiceInteraction</imsqti:interactionType>
        </imsqti:qtiMetadata>
        <imsmd:lom>
          <imsmd:general>
            <imsmd:identifier>
              <imsmd:entry>QUE_223238</imsmd:entry>
            </imsmd:identifier>
          </imsmd:general>
          <imsmd:metaMetadata>
            <imsmd:identifier>
              <imsmd:catalog>Question Type</imsmd:catalog>
              <imsmd:entry>Flashcard</imsmd:entry>
            </imsmd:identifier>
            <imsmd:identifier>
              <imsmd:catalog>Topic</imsmd:catalog>
              <imsmd:entry>Astronomy Flashcards</imsmd:entry>
            </imsmd:identifier>
          </imsmd:metaMetadata>
        </imsmd:lom>
      </metadata>
      <file href="QUE_223238.xml"/>
    </resource>
    <resource identifier="QUE_223239" type="imsqti_item_xmlv2p1" href="QUE_223239.xml">
      <metadata>
        <imsqti:qtiMetadata>
          <imsqti:interactionType>choiceInteraction</imsqti:interactionType>
        </imsqti:qtiMetadata>
        <imsmd:lom>
          <imsmd:general>
            <imsmd:identifier>
              <imsmd:entry>QUE_223239</imsmd:entry>
            </imsmd:identifier>
          </imsmd:general>
          <imsmd:metaMetadata>
            <imsmd:identifier>
              <imsmd:catalog>Question Type</imsmd:catalog>
              <imsmd:entry>Flashcard</imsmd:entry>
            </imsmd:identifier>
            <imsmd:identifier>
              <imsmd:catalog>Topic</imsmd:catalog>
              <imsmd:entry>Astronomy Flashcards</imsmd:entry>
            </imsmd:identifier>
          </imsmd:metaMetadata>
        </imsmd:lom>
      </metadata>
      <file href="QUE_223239.xml"/>
    </resource>
    <resource identifier="QUE_223240" type="imsqti_item_xmlv2p1" href="QUE_223240.xml">
      <metadata>
        <imsqti:qtiMetadata>
          <imsqti:interactionType>choiceInteraction</imsqti:interactionType>
        </imsqti:qtiMetadata>
        <imsmd:lom>
          <imsmd:general>
            <imsmd:identifier>
              <imsmd:entry>QUE_223240</imsmd:entry>
            </imsmd:identifier>
          </imsmd:general>
          <imsmd:metaMetadata>
            <imsmd:identifier>
              <imsmd:catalog>Question Type</imsmd:catalog>
              <imsmd:entry>Flashcard</imsmd:entry>
            </imsmd:identifier>
            <imsmd:identifier>
              <imsmd:catalog>Topic</imsmd:catalog>
              <imsmd:entry>Astronomy Flashcards</imsmd:entry>
            </imsmd:identifier>
          </imsmd:metaMetadata>
        </imsmd:lom>
      </metadata>
      <file href="QUE_223240.xml"/>
    </resource>
    <resource identifier="QUE_223241" type="imsqti_item_xmlv2p1" href="QUE_223241.xml">
      <metadata>
        <imsqti:qtiMetadata>
          <imsqti:interactionType>choiceInteraction</imsqti:interactionType>
        </imsqti:qtiMetadata>
        <imsmd:lom>
          <imsmd:general>
            <imsmd:identifier>
              <imsmd:entry>QUE_223241</imsmd:entry>
            </imsmd:identifier>
          </imsmd:general>
          <imsmd:metaMetadata>
            <imsmd:identifier>
              <imsmd:catalog>Question Type</imsmd:catalog>
              <imsmd:entry>Flashcard</imsmd:entry>
            </imsmd:identifier>
            <imsmd:identifier>
              <imsmd:catalog>Topic</imsmd:catalog>
              <imsmd:entry>Astronomy Flashcards</imsmd:entry>
            </imsmd:identifier>
          </imsmd:metaMetadata>
        </imsmd:lom>
      </metadata>
      <file href="QUE_223241.xml"/>
    </resource>
    <resource identifier="QUE_223287" type="imsqti_item_xmlv2p1" href="QUE_223287.xml">
      <metadata>
        <imsqti:qtiMetadata>
          <imsqti:interactionType>choiceInteraction</imsqti:interactionType>
        </imsqti:qtiMetadata>
        <imsmd:lom>
          <imsmd:general>
            <imsmd:identifier>
              <imsmd:entry>QUE_223287</imsmd:entry>
            </imsmd:identifier>
          </imsmd:general>
          <imsmd:metaMetadata>
            <imsmd:identifier>
              <imsmd:catalog>Question Type</imsmd:catalog>
              <imsmd:entry>Flashcard</imsmd:entry>
            </imsmd:identifier>
            <imsmd:identifier>
              <imsmd:catalog>Topic</imsmd:catalog>
              <imsmd:entry>Astronomy Flashcards</imsmd:entry>
            </imsmd:identifier>
          </imsmd:metaMetadata>
        </imsmd:lom>
      </metadata>
      <file href="QUE_223287.xml"/>
    </resource>
    <resource identifier="QUE_223242" type="imsqti_item_xmlv2p1" href="QUE_223242.xml">
      <metadata>
        <imsqti:qtiMetadata>
          <imsqti:interactionType>choiceInteraction</imsqti:interactionType>
        </imsqti:qtiMetadata>
        <imsmd:lom>
          <imsmd:general>
            <imsmd:identifier>
              <imsmd:entry>QUE_223242</imsmd:entry>
            </imsmd:identifier>
          </imsmd:general>
          <imsmd:metaMetadata>
            <imsmd:identifier>
              <imsmd:catalog>Question Type</imsmd:catalog>
              <imsmd:entry>Flashcard</imsmd:entry>
            </imsmd:identifier>
            <imsmd:identifier>
              <imsmd:catalog>Topic</imsmd:catalog>
              <imsmd:entry>Astronomy Flashcards</imsmd:entry>
            </imsmd:identifier>
          </imsmd:metaMetadata>
        </imsmd:lom>
      </metadata>
      <file href="QUE_223242.xml"/>
    </resource>
    <resource identifier="QUE_223243" type="imsqti_item_xmlv2p1" href="QUE_223243.xml">
      <metadata>
        <imsqti:qtiMetadata>
          <imsqti:interactionType>choiceInteraction</imsqti:interactionType>
        </imsqti:qtiMetadata>
        <imsmd:lom>
          <imsmd:general>
            <imsmd:identifier>
              <imsmd:entry>QUE_223243</imsmd:entry>
            </imsmd:identifier>
          </imsmd:general>
          <imsmd:metaMetadata>
            <imsmd:identifier>
              <imsmd:catalog>Question Type</imsmd:catalog>
              <imsmd:entry>Flashcard</imsmd:entry>
            </imsmd:identifier>
            <imsmd:identifier>
              <imsmd:catalog>Topic</imsmd:catalog>
              <imsmd:entry>Astronomy Flashcards</imsmd:entry>
            </imsmd:identifier>
          </imsmd:metaMetadata>
        </imsmd:lom>
      </metadata>
      <file href="QUE_223243.xml"/>
    </resource>
    <resource identifier="QUE_223288" type="imsqti_item_xmlv2p1" href="QUE_223288.xml">
      <metadata>
        <imsqti:qtiMetadata>
          <imsqti:interactionType>choiceInteraction</imsqti:interactionType>
        </imsqti:qtiMetadata>
        <imsmd:lom>
          <imsmd:general>
            <imsmd:identifier>
              <imsmd:entry>QUE_223288</imsmd:entry>
            </imsmd:identifier>
          </imsmd:general>
          <imsmd:metaMetadata>
            <imsmd:identifier>
              <imsmd:catalog>Question Type</imsmd:catalog>
              <imsmd:entry>Flashcard</imsmd:entry>
            </imsmd:identifier>
            <imsmd:identifier>
              <imsmd:catalog>Topic</imsmd:catalog>
              <imsmd:entry>Astronomy Flashcards</imsmd:entry>
            </imsmd:identifier>
          </imsmd:metaMetadata>
        </imsmd:lom>
      </metadata>
      <file href="QUE_223288.xml"/>
    </resource>
    <resource identifier="QUE_223289" type="imsqti_item_xmlv2p1" href="QUE_223289.xml">
      <metadata>
        <imsqti:qtiMetadata>
          <imsqti:interactionType>choiceInteraction</imsqti:interactionType>
        </imsqti:qtiMetadata>
        <imsmd:lom>
          <imsmd:general>
            <imsmd:identifier>
              <imsmd:entry>QUE_223289</imsmd:entry>
            </imsmd:identifier>
          </imsmd:general>
          <imsmd:metaMetadata>
            <imsmd:identifier>
              <imsmd:catalog>Question Type</imsmd:catalog>
              <imsmd:entry>Flashcard</imsmd:entry>
            </imsmd:identifier>
            <imsmd:identifier>
              <imsmd:catalog>Topic</imsmd:catalog>
              <imsmd:entry>Astronomy Flashcards</imsmd:entry>
            </imsmd:identifier>
          </imsmd:metaMetadata>
        </imsmd:lom>
      </metadata>
      <file href="QUE_223289.xml"/>
    </resource>
    <resource identifier="QUE_223290" type="imsqti_item_xmlv2p1" href="QUE_223290.xml">
      <metadata>
        <imsqti:qtiMetadata>
          <imsqti:interactionType>choiceInteraction</imsqti:interactionType>
        </imsqti:qtiMetadata>
        <imsmd:lom>
          <imsmd:general>
            <imsmd:identifier>
              <imsmd:entry>QUE_223290</imsmd:entry>
            </imsmd:identifier>
          </imsmd:general>
          <imsmd:metaMetadata>
            <imsmd:identifier>
              <imsmd:catalog>Question Type</imsmd:catalog>
              <imsmd:entry>Flashcard</imsmd:entry>
            </imsmd:identifier>
            <imsmd:identifier>
              <imsmd:catalog>Topic</imsmd:catalog>
              <imsmd:entry>Astronomy Flashcards</imsmd:entry>
            </imsmd:identifier>
          </imsmd:metaMetadata>
        </imsmd:lom>
      </metadata>
      <file href="QUE_223290.xml"/>
    </resource>
    <resource identifier="QUE_223244" type="imsqti_item_xmlv2p1" href="QUE_223244.xml">
      <metadata>
        <imsqti:qtiMetadata>
          <imsqti:interactionType>choiceInteraction</imsqti:interactionType>
        </imsqti:qtiMetadata>
        <imsmd:lom>
          <imsmd:general>
            <imsmd:identifier>
              <imsmd:entry>QUE_223244</imsmd:entry>
            </imsmd:identifier>
          </imsmd:general>
          <imsmd:metaMetadata>
            <imsmd:identifier>
              <imsmd:catalog>Question Type</imsmd:catalog>
              <imsmd:entry>Flashcard</imsmd:entry>
            </imsmd:identifier>
            <imsmd:identifier>
              <imsmd:catalog>Topic</imsmd:catalog>
              <imsmd:entry>Astronomy Flashcards</imsmd:entry>
            </imsmd:identifier>
          </imsmd:metaMetadata>
        </imsmd:lom>
      </metadata>
      <file href="QUE_223244.xml"/>
    </resource>
    <resource identifier="QUE_223291" type="imsqti_item_xmlv2p1" href="QUE_223291.xml">
      <metadata>
        <imsqti:qtiMetadata>
          <imsqti:interactionType>choiceInteraction</imsqti:interactionType>
        </imsqti:qtiMetadata>
        <imsmd:lom>
          <imsmd:general>
            <imsmd:identifier>
              <imsmd:entry>QUE_223291</imsmd:entry>
            </imsmd:identifier>
          </imsmd:general>
          <imsmd:metaMetadata>
            <imsmd:identifier>
              <imsmd:catalog>Question Type</imsmd:catalog>
              <imsmd:entry>Flashcard</imsmd:entry>
            </imsmd:identifier>
            <imsmd:identifier>
              <imsmd:catalog>Topic</imsmd:catalog>
              <imsmd:entry>Astronomy Flashcards</imsmd:entry>
            </imsmd:identifier>
          </imsmd:metaMetadata>
        </imsmd:lom>
      </metadata>
      <file href="QUE_223291.xml"/>
    </resource>
    <resource identifier="QUE_223292" type="imsqti_item_xmlv2p1" href="QUE_223292.xml">
      <metadata>
        <imsqti:qtiMetadata>
          <imsqti:interactionType>choiceInteraction</imsqti:interactionType>
        </imsqti:qtiMetadata>
        <imsmd:lom>
          <imsmd:general>
            <imsmd:identifier>
              <imsmd:entry>QUE_223292</imsmd:entry>
            </imsmd:identifier>
          </imsmd:general>
          <imsmd:metaMetadata>
            <imsmd:identifier>
              <imsmd:catalog>Question Type</imsmd:catalog>
              <imsmd:entry>Flashcard</imsmd:entry>
            </imsmd:identifier>
            <imsmd:identifier>
              <imsmd:catalog>Topic</imsmd:catalog>
              <imsmd:entry>Astronomy Flashcards</imsmd:entry>
            </imsmd:identifier>
          </imsmd:metaMetadata>
        </imsmd:lom>
      </metadata>
      <file href="QUE_223292.xml"/>
    </resource>
    <resource identifier="QUE_223245" type="imsqti_item_xmlv2p1" href="QUE_223245.xml">
      <metadata>
        <imsqti:qtiMetadata>
          <imsqti:interactionType>choiceInteraction</imsqti:interactionType>
        </imsqti:qtiMetadata>
        <imsmd:lom>
          <imsmd:general>
            <imsmd:identifier>
              <imsmd:entry>QUE_223245</imsmd:entry>
            </imsmd:identifier>
          </imsmd:general>
          <imsmd:metaMetadata>
            <imsmd:identifier>
              <imsmd:catalog>Question Type</imsmd:catalog>
              <imsmd:entry>Flashcard</imsmd:entry>
            </imsmd:identifier>
            <imsmd:identifier>
              <imsmd:catalog>Topic</imsmd:catalog>
              <imsmd:entry>Astronomy Flashcards</imsmd:entry>
            </imsmd:identifier>
          </imsmd:metaMetadata>
        </imsmd:lom>
      </metadata>
      <file href="QUE_223245.xml"/>
    </resource>
    <resource identifier="QUE_223246" type="imsqti_item_xmlv2p1" href="QUE_223246.xml">
      <metadata>
        <imsqti:qtiMetadata>
          <imsqti:interactionType>choiceInteraction</imsqti:interactionType>
        </imsqti:qtiMetadata>
        <imsmd:lom>
          <imsmd:general>
            <imsmd:identifier>
              <imsmd:entry>QUE_223246</imsmd:entry>
            </imsmd:identifier>
          </imsmd:general>
          <imsmd:metaMetadata>
            <imsmd:identifier>
              <imsmd:catalog>Question Type</imsmd:catalog>
              <imsmd:entry>Flashcard</imsmd:entry>
            </imsmd:identifier>
            <imsmd:identifier>
              <imsmd:catalog>Topic</imsmd:catalog>
              <imsmd:entry>Astronomy Flashcards</imsmd:entry>
            </imsmd:identifier>
          </imsmd:metaMetadata>
        </imsmd:lom>
      </metadata>
      <file href="QUE_223246.xml"/>
    </resource>
    <resource identifier="QUE_223247" type="imsqti_item_xmlv2p1" href="QUE_223247.xml">
      <metadata>
        <imsqti:qtiMetadata>
          <imsqti:interactionType>choiceInteraction</imsqti:interactionType>
        </imsqti:qtiMetadata>
        <imsmd:lom>
          <imsmd:general>
            <imsmd:identifier>
              <imsmd:entry>QUE_223247</imsmd:entry>
            </imsmd:identifier>
          </imsmd:general>
          <imsmd:metaMetadata>
            <imsmd:identifier>
              <imsmd:catalog>Question Type</imsmd:catalog>
              <imsmd:entry>Flashcard</imsmd:entry>
            </imsmd:identifier>
            <imsmd:identifier>
              <imsmd:catalog>Topic</imsmd:catalog>
              <imsmd:entry>Astronomy Flashcards</imsmd:entry>
            </imsmd:identifier>
          </imsmd:metaMetadata>
        </imsmd:lom>
      </metadata>
      <file href="QUE_223247.xml"/>
    </resource>
    <resource identifier="QUE_223248" type="imsqti_item_xmlv2p1" href="QUE_223248.xml">
      <metadata>
        <imsqti:qtiMetadata>
          <imsqti:interactionType>choiceInteraction</imsqti:interactionType>
        </imsqti:qtiMetadata>
        <imsmd:lom>
          <imsmd:general>
            <imsmd:identifier>
              <imsmd:entry>QUE_223248</imsmd:entry>
            </imsmd:identifier>
          </imsmd:general>
          <imsmd:metaMetadata>
            <imsmd:identifier>
              <imsmd:catalog>Question Type</imsmd:catalog>
              <imsmd:entry>Flashcard</imsmd:entry>
            </imsmd:identifier>
            <imsmd:identifier>
              <imsmd:catalog>Topic</imsmd:catalog>
              <imsmd:entry>Astronomy Flashcards</imsmd:entry>
            </imsmd:identifier>
          </imsmd:metaMetadata>
        </imsmd:lom>
      </metadata>
      <file href="QUE_223248.xml"/>
    </resource>
    <resource identifier="QUE_223249" type="imsqti_item_xmlv2p1" href="QUE_223249.xml">
      <metadata>
        <imsqti:qtiMetadata>
          <imsqti:interactionType>choiceInteraction</imsqti:interactionType>
        </imsqti:qtiMetadata>
        <imsmd:lom>
          <imsmd:general>
            <imsmd:identifier>
              <imsmd:entry>QUE_223249</imsmd:entry>
            </imsmd:identifier>
          </imsmd:general>
          <imsmd:metaMetadata>
            <imsmd:identifier>
              <imsmd:catalog>Question Type</imsmd:catalog>
              <imsmd:entry>Flashcard</imsmd:entry>
            </imsmd:identifier>
            <imsmd:identifier>
              <imsmd:catalog>Topic</imsmd:catalog>
              <imsmd:entry>Astronomy Flashcards</imsmd:entry>
            </imsmd:identifier>
          </imsmd:metaMetadata>
        </imsmd:lom>
      </metadata>
      <file href="QUE_223249.xml"/>
    </resource>
    <resource identifier="QUE_223250" type="imsqti_item_xmlv2p1" href="QUE_223250.xml">
      <metadata>
        <imsqti:qtiMetadata>
          <imsqti:interactionType>choiceInteraction</imsqti:interactionType>
        </imsqti:qtiMetadata>
        <imsmd:lom>
          <imsmd:general>
            <imsmd:identifier>
              <imsmd:entry>QUE_223250</imsmd:entry>
            </imsmd:identifier>
          </imsmd:general>
          <imsmd:metaMetadata>
            <imsmd:identifier>
              <imsmd:catalog>Question Type</imsmd:catalog>
              <imsmd:entry>Flashcard</imsmd:entry>
            </imsmd:identifier>
            <imsmd:identifier>
              <imsmd:catalog>Topic</imsmd:catalog>
              <imsmd:entry>Astronomy Flashcards</imsmd:entry>
            </imsmd:identifier>
          </imsmd:metaMetadata>
        </imsmd:lom>
      </metadata>
      <file href="QUE_223250.xml"/>
    </resource>
    <resource identifier="QUE_223293" type="imsqti_item_xmlv2p1" href="QUE_223293.xml">
      <metadata>
        <imsqti:qtiMetadata>
          <imsqti:interactionType>choiceInteraction</imsqti:interactionType>
        </imsqti:qtiMetadata>
        <imsmd:lom>
          <imsmd:general>
            <imsmd:identifier>
              <imsmd:entry>QUE_223293</imsmd:entry>
            </imsmd:identifier>
          </imsmd:general>
          <imsmd:metaMetadata>
            <imsmd:identifier>
              <imsmd:catalog>Question Type</imsmd:catalog>
              <imsmd:entry>Flashcard</imsmd:entry>
            </imsmd:identifier>
            <imsmd:identifier>
              <imsmd:catalog>Topic</imsmd:catalog>
              <imsmd:entry>Astronomy Flashcards</imsmd:entry>
            </imsmd:identifier>
          </imsmd:metaMetadata>
        </imsmd:lom>
      </metadata>
      <file href="QUE_223293.xml"/>
    </resource>
    <resource identifier="QUE_223294" type="imsqti_item_xmlv2p1" href="QUE_223294.xml">
      <metadata>
        <imsqti:qtiMetadata>
          <imsqti:interactionType>choiceInteraction</imsqti:interactionType>
        </imsqti:qtiMetadata>
        <imsmd:lom>
          <imsmd:general>
            <imsmd:identifier>
              <imsmd:entry>QUE_223294</imsmd:entry>
            </imsmd:identifier>
          </imsmd:general>
          <imsmd:metaMetadata>
            <imsmd:identifier>
              <imsmd:catalog>Question Type</imsmd:catalog>
              <imsmd:entry>Flashcard</imsmd:entry>
            </imsmd:identifier>
            <imsmd:identifier>
              <imsmd:catalog>Topic</imsmd:catalog>
              <imsmd:entry>Astronomy Flashcards</imsmd:entry>
            </imsmd:identifier>
          </imsmd:metaMetadata>
        </imsmd:lom>
      </metadata>
      <file href="QUE_223294.xml"/>
    </resource>
    <resource identifier="QUE_223295" type="imsqti_item_xmlv2p1" href="QUE_223295.xml">
      <metadata>
        <imsqti:qtiMetadata>
          <imsqti:interactionType>choiceInteraction</imsqti:interactionType>
        </imsqti:qtiMetadata>
        <imsmd:lom>
          <imsmd:general>
            <imsmd:identifier>
              <imsmd:entry>QUE_223295</imsmd:entry>
            </imsmd:identifier>
          </imsmd:general>
          <imsmd:metaMetadata>
            <imsmd:identifier>
              <imsmd:catalog>Question Type</imsmd:catalog>
              <imsmd:entry>Flashcard</imsmd:entry>
            </imsmd:identifier>
            <imsmd:identifier>
              <imsmd:catalog>Topic</imsmd:catalog>
              <imsmd:entry>Astronomy Flashcards</imsmd:entry>
            </imsmd:identifier>
          </imsmd:metaMetadata>
        </imsmd:lom>
      </metadata>
      <file href="QUE_223295.xml"/>
    </resource>
    <resource identifier="QUE_223270" type="imsqti_item_xmlv2p1" href="QUE_223270.xml">
      <metadata>
        <imsqti:qtiMetadata>
          <imsqti:interactionType>choiceInteraction</imsqti:interactionType>
        </imsqti:qtiMetadata>
        <imsmd:lom>
          <imsmd:general>
            <imsmd:identifier>
              <imsmd:entry>QUE_223270</imsmd:entry>
            </imsmd:identifier>
          </imsmd:general>
          <imsmd:metaMetadata>
            <imsmd:identifier>
              <imsmd:catalog>Question Type</imsmd:catalog>
              <imsmd:entry>Flashcard</imsmd:entry>
            </imsmd:identifier>
            <imsmd:identifier>
              <imsmd:catalog>Topic</imsmd:catalog>
              <imsmd:entry>Astronomy Flashcards</imsmd:entry>
            </imsmd:identifier>
          </imsmd:metaMetadata>
        </imsmd:lom>
      </metadata>
      <file href="QUE_223270.xml"/>
    </resource>
    <resource identifier="QUE_223251" type="imsqti_item_xmlv2p1" href="QUE_223251.xml">
      <metadata>
        <imsqti:qtiMetadata>
          <imsqti:interactionType>choiceInteraction</imsqti:interactionType>
        </imsqti:qtiMetadata>
        <imsmd:lom>
          <imsmd:general>
            <imsmd:identifier>
              <imsmd:entry>QUE_223251</imsmd:entry>
            </imsmd:identifier>
          </imsmd:general>
          <imsmd:metaMetadata>
            <imsmd:identifier>
              <imsmd:catalog>Question Type</imsmd:catalog>
              <imsmd:entry>Flashcard</imsmd:entry>
            </imsmd:identifier>
            <imsmd:identifier>
              <imsmd:catalog>Topic</imsmd:catalog>
              <imsmd:entry>Astronomy Flashcards</imsmd:entry>
            </imsmd:identifier>
          </imsmd:metaMetadata>
        </imsmd:lom>
      </metadata>
      <file href="QUE_223251.xml"/>
    </resource>
    <resource identifier="QUE_223252" type="imsqti_item_xmlv2p1" href="QUE_223252.xml">
      <metadata>
        <imsqti:qtiMetadata>
          <imsqti:interactionType>choiceInteraction</imsqti:interactionType>
        </imsqti:qtiMetadata>
        <imsmd:lom>
          <imsmd:general>
            <imsmd:identifier>
              <imsmd:entry>QUE_223252</imsmd:entry>
            </imsmd:identifier>
          </imsmd:general>
          <imsmd:metaMetadata>
            <imsmd:identifier>
              <imsmd:catalog>Question Type</imsmd:catalog>
              <imsmd:entry>Flashcard</imsmd:entry>
            </imsmd:identifier>
            <imsmd:identifier>
              <imsmd:catalog>Topic</imsmd:catalog>
              <imsmd:entry>Astronomy Flashcards</imsmd:entry>
            </imsmd:identifier>
          </imsmd:metaMetadata>
        </imsmd:lom>
      </metadata>
      <file href="QUE_223252.xml"/>
    </resource>
    <resource identifier="QUE_223253" type="imsqti_item_xmlv2p1" href="QUE_223253.xml">
      <metadata>
        <imsqti:qtiMetadata>
          <imsqti:interactionType>choiceInteraction</imsqti:interactionType>
        </imsqti:qtiMetadata>
        <imsmd:lom>
          <imsmd:general>
            <imsmd:identifier>
              <imsmd:entry>QUE_223253</imsmd:entry>
            </imsmd:identifier>
          </imsmd:general>
          <imsmd:metaMetadata>
            <imsmd:identifier>
              <imsmd:catalog>Question Type</imsmd:catalog>
              <imsmd:entry>Flashcard</imsmd:entry>
            </imsmd:identifier>
            <imsmd:identifier>
              <imsmd:catalog>Topic</imsmd:catalog>
              <imsmd:entry>Astronomy Flashcards</imsmd:entry>
            </imsmd:identifier>
          </imsmd:metaMetadata>
        </imsmd:lom>
      </metadata>
      <file href="QUE_223253.xml"/>
    </resource>
    <resource identifier="QUE_223254" type="imsqti_item_xmlv2p1" href="QUE_223254.xml">
      <metadata>
        <imsqti:qtiMetadata>
          <imsqti:interactionType>choiceInteraction</imsqti:interactionType>
        </imsqti:qtiMetadata>
        <imsmd:lom>
          <imsmd:general>
            <imsmd:identifier>
              <imsmd:entry>QUE_223254</imsmd:entry>
            </imsmd:identifier>
          </imsmd:general>
          <imsmd:metaMetadata>
            <imsmd:identifier>
              <imsmd:catalog>Question Type</imsmd:catalog>
              <imsmd:entry>Flashcard</imsmd:entry>
            </imsmd:identifier>
            <imsmd:identifier>
              <imsmd:catalog>Topic</imsmd:catalog>
              <imsmd:entry>Astronomy Flashcards</imsmd:entry>
            </imsmd:identifier>
          </imsmd:metaMetadata>
        </imsmd:lom>
      </metadata>
      <file href="QUE_223254.xml"/>
    </resource>
    <resource identifier="QUE_223255" type="imsqti_item_xmlv2p1" href="QUE_223255.xml">
      <metadata>
        <imsqti:qtiMetadata>
          <imsqti:interactionType>choiceInteraction</imsqti:interactionType>
        </imsqti:qtiMetadata>
        <imsmd:lom>
          <imsmd:general>
            <imsmd:identifier>
              <imsmd:entry>QUE_223255</imsmd:entry>
            </imsmd:identifier>
          </imsmd:general>
          <imsmd:metaMetadata>
            <imsmd:identifier>
              <imsmd:catalog>Question Type</imsmd:catalog>
              <imsmd:entry>Flashcard</imsmd:entry>
            </imsmd:identifier>
            <imsmd:identifier>
              <imsmd:catalog>Topic</imsmd:catalog>
              <imsmd:entry>Astronomy Flashcards</imsmd:entry>
            </imsmd:identifier>
          </imsmd:metaMetadata>
        </imsmd:lom>
      </metadata>
      <file href="QUE_223255.xml"/>
    </resource>
    <resource identifier="QUE_223256" type="imsqti_item_xmlv2p1" href="QUE_223256.xml">
      <metadata>
        <imsqti:qtiMetadata>
          <imsqti:interactionType>choiceInteraction</imsqti:interactionType>
        </imsqti:qtiMetadata>
        <imsmd:lom>
          <imsmd:general>
            <imsmd:identifier>
              <imsmd:entry>QUE_223256</imsmd:entry>
            </imsmd:identifier>
          </imsmd:general>
          <imsmd:metaMetadata>
            <imsmd:identifier>
              <imsmd:catalog>Question Type</imsmd:catalog>
              <imsmd:entry>Flashcard</imsmd:entry>
            </imsmd:identifier>
            <imsmd:identifier>
              <imsmd:catalog>Topic</imsmd:catalog>
              <imsmd:entry>Astronomy Flashcards</imsmd:entry>
            </imsmd:identifier>
          </imsmd:metaMetadata>
        </imsmd:lom>
      </metadata>
      <file href="QUE_223256.xml"/>
    </resource>
    <resource identifier="QUE_223257" type="imsqti_item_xmlv2p1" href="QUE_223257.xml">
      <metadata>
        <imsqti:qtiMetadata>
          <imsqti:interactionType>choiceInteraction</imsqti:interactionType>
        </imsqti:qtiMetadata>
        <imsmd:lom>
          <imsmd:general>
            <imsmd:identifier>
              <imsmd:entry>QUE_223257</imsmd:entry>
            </imsmd:identifier>
          </imsmd:general>
          <imsmd:metaMetadata>
            <imsmd:identifier>
              <imsmd:catalog>Question Type</imsmd:catalog>
              <imsmd:entry>Flashcard</imsmd:entry>
            </imsmd:identifier>
            <imsmd:identifier>
              <imsmd:catalog>Topic</imsmd:catalog>
              <imsmd:entry>Astronomy Flashcards</imsmd:entry>
            </imsmd:identifier>
          </imsmd:metaMetadata>
        </imsmd:lom>
      </metadata>
      <file href="QUE_223257.xml"/>
    </resource>
    <resource identifier="QUE_223297" type="imsqti_item_xmlv2p1" href="QUE_223297.xml">
      <metadata>
        <imsqti:qtiMetadata>
          <imsqti:interactionType>choiceInteraction</imsqti:interactionType>
        </imsqti:qtiMetadata>
        <imsmd:lom>
          <imsmd:general>
            <imsmd:identifier>
              <imsmd:entry>QUE_223297</imsmd:entry>
            </imsmd:identifier>
          </imsmd:general>
          <imsmd:metaMetadata>
            <imsmd:identifier>
              <imsmd:catalog>Question Type</imsmd:catalog>
              <imsmd:entry>Flashcard</imsmd:entry>
            </imsmd:identifier>
            <imsmd:identifier>
              <imsmd:catalog>Topic</imsmd:catalog>
              <imsmd:entry>Astronomy Flashcards</imsmd:entry>
            </imsmd:identifier>
          </imsmd:metaMetadata>
        </imsmd:lom>
      </metadata>
      <file href="QUE_223297.xml"/>
    </resource>
    <resource identifier="QUE_223258" type="imsqti_item_xmlv2p1" href="QUE_223258.xml">
      <metadata>
        <imsqti:qtiMetadata>
          <imsqti:interactionType>choiceInteraction</imsqti:interactionType>
        </imsqti:qtiMetadata>
        <imsmd:lom>
          <imsmd:general>
            <imsmd:identifier>
              <imsmd:entry>QUE_223258</imsmd:entry>
            </imsmd:identifier>
          </imsmd:general>
          <imsmd:metaMetadata>
            <imsmd:identifier>
              <imsmd:catalog>Question Type</imsmd:catalog>
              <imsmd:entry>Flashcard</imsmd:entry>
            </imsmd:identifier>
            <imsmd:identifier>
              <imsmd:catalog>Topic</imsmd:catalog>
              <imsmd:entry>Astronomy Flashcards</imsmd:entry>
            </imsmd:identifier>
          </imsmd:metaMetadata>
        </imsmd:lom>
      </metadata>
      <file href="QUE_223258.xml"/>
    </resource>
    <resource identifier="QUE_223298" type="imsqti_item_xmlv2p1" href="QUE_223298.xml">
      <metadata>
        <imsqti:qtiMetadata>
          <imsqti:interactionType>choiceInteraction</imsqti:interactionType>
        </imsqti:qtiMetadata>
        <imsmd:lom>
          <imsmd:general>
            <imsmd:identifier>
              <imsmd:entry>QUE_223298</imsmd:entry>
            </imsmd:identifier>
          </imsmd:general>
          <imsmd:metaMetadata>
            <imsmd:identifier>
              <imsmd:catalog>Question Type</imsmd:catalog>
              <imsmd:entry>Flashcard</imsmd:entry>
            </imsmd:identifier>
            <imsmd:identifier>
              <imsmd:catalog>Topic</imsmd:catalog>
              <imsmd:entry>Astronomy Flashcards</imsmd:entry>
            </imsmd:identifier>
          </imsmd:metaMetadata>
        </imsmd:lom>
      </metadata>
      <file href="QUE_223298.xml"/>
    </resource>
    <resource identifier="QUE_223259" type="imsqti_item_xmlv2p1" href="QUE_223259.xml">
      <metadata>
        <imsqti:qtiMetadata>
          <imsqti:interactionType>choiceInteraction</imsqti:interactionType>
        </imsqti:qtiMetadata>
        <imsmd:lom>
          <imsmd:general>
            <imsmd:identifier>
              <imsmd:entry>QUE_223259</imsmd:entry>
            </imsmd:identifier>
          </imsmd:general>
          <imsmd:metaMetadata>
            <imsmd:identifier>
              <imsmd:catalog>Question Type</imsmd:catalog>
              <imsmd:entry>Flashcard</imsmd:entry>
            </imsmd:identifier>
            <imsmd:identifier>
              <imsmd:catalog>Topic</imsmd:catalog>
              <imsmd:entry>Astronomy Flashcards</imsmd:entry>
            </imsmd:identifier>
          </imsmd:metaMetadata>
        </imsmd:lom>
      </metadata>
      <file href="QUE_223259.xml"/>
    </resource>
    <resource identifier="QUE_223260" type="imsqti_item_xmlv2p1" href="QUE_223260.xml">
      <metadata>
        <imsqti:qtiMetadata>
          <imsqti:interactionType>choiceInteraction</imsqti:interactionType>
        </imsqti:qtiMetadata>
        <imsmd:lom>
          <imsmd:general>
            <imsmd:identifier>
              <imsmd:entry>QUE_223260</imsmd:entry>
            </imsmd:identifier>
          </imsmd:general>
          <imsmd:metaMetadata>
            <imsmd:identifier>
              <imsmd:catalog>Question Type</imsmd:catalog>
              <imsmd:entry>Flashcard</imsmd:entry>
            </imsmd:identifier>
            <imsmd:identifier>
              <imsmd:catalog>Topic</imsmd:catalog>
              <imsmd:entry>Astronomy Flashcards</imsmd:entry>
            </imsmd:identifier>
          </imsmd:metaMetadata>
        </imsmd:lom>
      </metadata>
      <file href="QUE_223260.xml"/>
    </resource>
    <resource identifier="QUE_223296" type="imsqti_item_xmlv2p1" href="QUE_223296.xml">
      <metadata>
        <imsqti:qtiMetadata>
          <imsqti:interactionType>choiceInteraction</imsqti:interactionType>
        </imsqti:qtiMetadata>
        <imsmd:lom>
          <imsmd:general>
            <imsmd:identifier>
              <imsmd:entry>QUE_223296</imsmd:entry>
            </imsmd:identifier>
          </imsmd:general>
          <imsmd:metaMetadata>
            <imsmd:identifier>
              <imsmd:catalog>Question Type</imsmd:catalog>
              <imsmd:entry>Flashcard</imsmd:entry>
            </imsmd:identifier>
            <imsmd:identifier>
              <imsmd:catalog>Topic</imsmd:catalog>
              <imsmd:entry>Astronomy Flashcards</imsmd:entry>
            </imsmd:identifier>
          </imsmd:metaMetadata>
        </imsmd:lom>
      </metadata>
      <file href="QUE_223296.xml"/>
    </resource>
    <resource identifier="QUE_223261" type="imsqti_item_xmlv2p1" href="QUE_223261.xml">
      <metadata>
        <imsqti:qtiMetadata>
          <imsqti:interactionType>choiceInteraction</imsqti:interactionType>
        </imsqti:qtiMetadata>
        <imsmd:lom>
          <imsmd:general>
            <imsmd:identifier>
              <imsmd:entry>QUE_223261</imsmd:entry>
            </imsmd:identifier>
          </imsmd:general>
          <imsmd:metaMetadata>
            <imsmd:identifier>
              <imsmd:catalog>Question Type</imsmd:catalog>
              <imsmd:entry>Flashcard</imsmd:entry>
            </imsmd:identifier>
            <imsmd:identifier>
              <imsmd:catalog>Topic</imsmd:catalog>
              <imsmd:entry>Astronomy Flashcards</imsmd:entry>
            </imsmd:identifier>
          </imsmd:metaMetadata>
        </imsmd:lom>
      </metadata>
      <file href="QUE_223261.xml"/>
    </resource>
    <resource identifier="QUE_223262" type="imsqti_item_xmlv2p1" href="QUE_223262.xml">
      <metadata>
        <imsqti:qtiMetadata>
          <imsqti:interactionType>choiceInteraction</imsqti:interactionType>
        </imsqti:qtiMetadata>
        <imsmd:lom>
          <imsmd:general>
            <imsmd:identifier>
              <imsmd:entry>QUE_223262</imsmd:entry>
            </imsmd:identifier>
          </imsmd:general>
          <imsmd:metaMetadata>
            <imsmd:identifier>
              <imsmd:catalog>Question Type</imsmd:catalog>
              <imsmd:entry>Flashcard</imsmd:entry>
            </imsmd:identifier>
            <imsmd:identifier>
              <imsmd:catalog>Topic</imsmd:catalog>
              <imsmd:entry>Astronomy Flashcards</imsmd:entry>
            </imsmd:identifier>
          </imsmd:metaMetadata>
        </imsmd:lom>
      </metadata>
      <file href="QUE_223262.xml"/>
    </resource>
    <resource identifier="QUE_223263" type="imsqti_item_xmlv2p1" href="QUE_223263.xml">
      <metadata>
        <imsqti:qtiMetadata>
          <imsqti:interactionType>choiceInteraction</imsqti:interactionType>
        </imsqti:qtiMetadata>
        <imsmd:lom>
          <imsmd:general>
            <imsmd:identifier>
              <imsmd:entry>QUE_223263</imsmd:entry>
            </imsmd:identifier>
          </imsmd:general>
          <imsmd:metaMetadata>
            <imsmd:identifier>
              <imsmd:catalog>Question Type</imsmd:catalog>
              <imsmd:entry>Flashcard</imsmd:entry>
            </imsmd:identifier>
            <imsmd:identifier>
              <imsmd:catalog>Topic</imsmd:catalog>
              <imsmd:entry>Astronomy Flashcards</imsmd:entry>
            </imsmd:identifier>
          </imsmd:metaMetadata>
        </imsmd:lom>
      </metadata>
      <file href="QUE_223263.xml"/>
    </resource>
    <resource identifier="QUE_223299" type="imsqti_item_xmlv2p1" href="QUE_223299.xml">
      <metadata>
        <imsqti:qtiMetadata>
          <imsqti:interactionType>choiceInteraction</imsqti:interactionType>
        </imsqti:qtiMetadata>
        <imsmd:lom>
          <imsmd:general>
            <imsmd:identifier>
              <imsmd:entry>QUE_223299</imsmd:entry>
            </imsmd:identifier>
          </imsmd:general>
          <imsmd:metaMetadata>
            <imsmd:identifier>
              <imsmd:catalog>Question Type</imsmd:catalog>
              <imsmd:entry>Flashcard</imsmd:entry>
            </imsmd:identifier>
            <imsmd:identifier>
              <imsmd:catalog>Topic</imsmd:catalog>
              <imsmd:entry>Astronomy Flashcards</imsmd:entry>
            </imsmd:identifier>
          </imsmd:metaMetadata>
        </imsmd:lom>
      </metadata>
      <file href="QUE_223299.xml"/>
    </resource>
    <resource identifier="QUE_223264" type="imsqti_item_xmlv2p1" href="QUE_223264.xml">
      <metadata>
        <imsqti:qtiMetadata>
          <imsqti:interactionType>choiceInteraction</imsqti:interactionType>
        </imsqti:qtiMetadata>
        <imsmd:lom>
          <imsmd:general>
            <imsmd:identifier>
              <imsmd:entry>QUE_223264</imsmd:entry>
            </imsmd:identifier>
          </imsmd:general>
          <imsmd:metaMetadata>
            <imsmd:identifier>
              <imsmd:catalog>Question Type</imsmd:catalog>
              <imsmd:entry>Flashcard</imsmd:entry>
            </imsmd:identifier>
            <imsmd:identifier>
              <imsmd:catalog>Topic</imsmd:catalog>
              <imsmd:entry>Astronomy Flashcards</imsmd:entry>
            </imsmd:identifier>
          </imsmd:metaMetadata>
        </imsmd:lom>
      </metadata>
      <file href="QUE_223264.xml"/>
    </resource>
  </resources>
</manifest>
