<?xml version="1.0" encoding="UTF-8"?><questestinterop xmlns="http://www.wiley.com/namespaces/wiley/qti" xmlns:ext="http://www.wiley.com/namespaces/wiley/qti/ext" xmlns:mml="http://www.w3.org/1998/Math/MathML" xmlns:wiley="http://www.wiley.com/namespaces/wiley/wiley" xmlns:wileyml="http://www.wiley.com/namespaces/wiley" ext:guid="f9b1a8a5-c896-4899-a00f-d99a6293e695" xml:id="fc252306.Win10SG697.077">
<wileyml:revisionGroup>
<wileyml:revision agent="Wiley" date="2020-10-16" severity="major" type="created"/>
</wileyml:revisionGroup>
<item ext:type="14" ident="item-0001">
<itemmetadata>
<qmd_computerscored>Yes</qmd_computerscored>
<qmd_feedbackpermitted>Yes</qmd_feedbackpermitted>
<qmd_scoringpermitted>Yes</qmd_scoringpermitted>
<qmd_toolvendor>John Wiley and Sons Inc.</qmd_toolvendor>
<qmd_solutionspermitted>Yes</qmd_solutionspermitted>
</itemmetadata>
<presentation>
<wileyml:p>If you perform a clean install of Windows 10 to the same partition as an existing version of Windows, where will the contents of the existing <wileyml:span semantics="computerUserInput">Documents and Settings</wileyml:span>, <wileyml:span semantics="computerUserInput">Program Files</wileyml:span>, and <wileyml:span semantics="computerUserInput">Windows</wileyml:span> directories be placed?</wileyml:p>
<response_lid ident="fc252306.Win10SG697.077">
<render_choice>
<response_label ident="fc252306.Win10SG697.077_01">
<wileyml:p>In the <wileyml:span semantics="computerUserInput">Windows.old</wileyml:span> directory on that partition</wileyml:p>
</response_label>
</render_choice>
</response_lid>
</presentation>
<resprocessing>
<outcomes>
<decvar varname="REALSCORE"/>
</outcomes>
<respcondition>
<qticomment>Correct answer</qticomment>
<conditionvar>
<varequal respident="fc252306.Win10SG697.077">fc252306.Win10SG697.077_01</varequal>
</conditionvar>
<setvar action="Add" varname="REALSCORE">1</setvar>
</respcondition>
</resprocessing>
</item>
</questestinterop>