<?xml version="1.0" encoding="UTF-8"?><questestinterop xmlns="http://www.wiley.com/namespaces/wiley/qti" xmlns:ext="http://www.wiley.com/namespaces/wiley/qti/ext" xmlns:mml="http://www.w3.org/1998/Math/MathML" xmlns:wiley="http://www.wiley.com/namespaces/wiley/wiley" xmlns:wileyml="http://www.wiley.com/namespaces/wiley" ext:guid="5b0b2232-a4cc-4b5f-808c-1f74867bf67e" xml:id="fc426738.PHRSPHRDSG2E.1.046">
<wileyml:revisionGroup>
<wileyml:revision agent="Lumina" date="2021-08-17" severity="major" type="created"/>
</wileyml:revisionGroup>
<item ext:type="14" ident="item-0001">
<itemmetadata>
<qmd_computerscored>Yes</qmd_computerscored>
<qmd_feedbackpermitted>Yes</qmd_feedbackpermitted>
<qmd_scoringpermitted>Yes</qmd_scoringpermitted>
<qmd_toolvendor>John Wiley and Sons Inc.</qmd_toolvendor>
<qmd_solutionspermitted>Yes</qmd_solutionspermitted>
</itemmetadata>
<presentation>
<wileyml:p>What are the three components defined by the EEOC as constituting a hostile work environment?</wileyml:p>
<response_lid ident="fc426738.PHRSPHRDSG2E.1.046">
<render_choice>
<response_label ident="fc426738.PHRSPHRDSG2E.1.046_01">
<wileyml:p>A hostile work environment is one in which submitting to or rejecting unwelcome verbal or physical conduct will explicitly or implicitly 1) affect an employee’s employment; 2) unreasonably interfere with the individual’s ability to perform their job; or 3) create an intimidating, hostile, or offensive work environment (see Chapter 6).</wileyml:p>
</response_label>
</render_choice>
</response_lid>
</presentation>
<resprocessing>
<outcomes>
<decvar varname="REALSCORE"/>
</outcomes>
<respcondition>
<qticomment>Correct answer</qticomment>
<conditionvar>
<varequal respident="fc426738.PHRSPHRDSG2E.1.046">fc426738.PHRSPHRDSG2E.1.046_01</varequal>
</conditionvar>
<setvar action="Add" varname="REALSCORE">1</setvar>
</respcondition>
</resprocessing>
</item>
</questestinterop>