<?xml version="1.0" encoding="UTF-8"?><questestinterop xmlns="http://www.wiley.com/namespaces/wiley/qti" xmlns:ext="http://www.wiley.com/namespaces/wiley/qti/ext" xmlns:mml="http://www.w3.org/1998/Math/MathML" xmlns:wiley="http://www.wiley.com/namespaces/wiley/wiley" xmlns:wileyml="http://www.wiley.com/namespaces/wiley" ext:guid="8afa2c59-b9c8-4afb-a18e-197ec667f3c3" xml:id="fc426738.PHRSPHRDSG2E.1.032">
<wileyml:revisionGroup>
<wileyml:revision agent="Lumina" date="2021-08-17" severity="major" type="created"/>
</wileyml:revisionGroup>
<item ext:type="14" ident="item-0001">
<itemmetadata>
<qmd_computerscored>Yes</qmd_computerscored>
<qmd_feedbackpermitted>Yes</qmd_feedbackpermitted>
<qmd_scoringpermitted>Yes</qmd_scoringpermitted>
<qmd_toolvendor>John Wiley and Sons Inc.</qmd_toolvendor>
<qmd_solutionspermitted>Yes</qmd_solutionspermitted>
</itemmetadata>
<presentation>
<wileyml:p>A contract that can be created by an employer’s conduct but does not need to be spoken or written is an ___________________.</wileyml:p>
<response_lid ident="fc426738.PHRSPHRDSG2E.1.032">
<render_choice>
<response_label ident="fc426738.PHRSPHRDSG2E.1.032_01">
<wileyml:p>Implied contract (see Chapter 6).</wileyml:p>
</response_label>
</render_choice>
</response_lid>
</presentation>
<resprocessing>
<outcomes>
<decvar varname="REALSCORE"/>
</outcomes>
<respcondition>
<qticomment>Correct answer</qticomment>
<conditionvar>
<varequal respident="fc426738.PHRSPHRDSG2E.1.032">fc426738.PHRSPHRDSG2E.1.032_01</varequal>
</conditionvar>
<setvar action="Add" varname="REALSCORE">1</setvar>
</respcondition>
</resprocessing>
</item>
</questestinterop>