<?xml version="1.0" encoding="UTF-8"?><questestinterop xmlns="http://www.wiley.com/namespaces/wiley/qti" xmlns:ext="http://www.wiley.com/namespaces/wiley/qti/ext" xmlns:mml="http://www.w3.org/1998/Math/MathML" xmlns:wiley="http://www.wiley.com/namespaces/wiley/wiley" xmlns:wileyml="http://www.wiley.com/namespaces/wiley" ext:guid="85a3f11a-e496-405f-b984-a6d6e50a3aa9" xml:id="fc426738.PHRSPHRDSG2E.1.082">
<wileyml:revisionGroup>
<wileyml:revision agent="Lumina" date="2021-08-17" severity="major" type="created"/>
</wileyml:revisionGroup>
<item ext:type="14" ident="item-0001">
<itemmetadata>
<qmd_computerscored>Yes</qmd_computerscored>
<qmd_feedbackpermitted>Yes</qmd_feedbackpermitted>
<qmd_scoringpermitted>Yes</qmd_scoringpermitted>
<qmd_toolvendor>John Wiley and Sons Inc.</qmd_toolvendor>
<qmd_solutionspermitted>Yes</qmd_solutionspermitted>
</itemmetadata>
<presentation>
<wileyml:p>What is job bidding?</wileyml:p>
<response_lid ident="fc426738.PHRSPHRDSG2E.1.082">
<render_choice>
<response_label ident="fc426738.PHRSPHRDSG2E.1.082_01">
<wileyml:p>Job bidding allows employees who are interested in a position to apply before it becomes vacant (see Chapter 3).</wileyml:p>
</response_label>
</render_choice>
</response_lid>
</presentation>
<resprocessing>
<outcomes>
<decvar varname="REALSCORE"/>
</outcomes>
<respcondition>
<qticomment>Correct answer</qticomment>
<conditionvar>
<varequal respident="fc426738.PHRSPHRDSG2E.1.082">fc426738.PHRSPHRDSG2E.1.082_01</varequal>
</conditionvar>
<setvar action="Add" varname="REALSCORE">1</setvar>
</respcondition>
</resprocessing>
</item>
</questestinterop>