<?xml version="1.0" encoding="UTF-8"?><questestinterop xmlns="http://www.wiley.com/namespaces/wiley/qti" xmlns:ext="http://www.wiley.com/namespaces/wiley/qti/ext" xmlns:mml="http://www.w3.org/1998/Math/MathML" xmlns:wiley="http://www.wiley.com/namespaces/wiley/wiley" xmlns:wileyml="http://www.wiley.com/namespaces/wiley" ext:guid="843c8c0d-f162-4949-8680-9a76a54eef9a" xml:id="fc426738.PHRSPHRDSG2E.1.028">
<wileyml:revisionGroup>
<wileyml:revision agent="Lumina" date="2021-08-17" severity="major" type="created"/>
</wileyml:revisionGroup>
<item ext:type="14" ident="item-0001">
<itemmetadata>
<qmd_computerscored>Yes</qmd_computerscored>
<qmd_feedbackpermitted>Yes</qmd_feedbackpermitted>
<qmd_scoringpermitted>Yes</qmd_scoringpermitted>
<qmd_toolvendor>John Wiley and Sons Inc.</qmd_toolvendor>
<qmd_solutionspermitted>Yes</qmd_solutionspermitted>
</itemmetadata>
<presentation>
<wileyml:p>Training provided in response to a request for assistance by an employee is an example of what level of training?</wileyml:p>
<response_lid ident="fc426738.PHRSPHRDSG2E.1.028">
<render_choice>
<response_label ident="fc426738.PHRSPHRDSG2E.1.028_01">
<wileyml:p>Individual‐level training (see Chapter 4)</wileyml:p>
</response_label>
</render_choice>
</response_lid>
</presentation>
<resprocessing>
<outcomes>
<decvar varname="REALSCORE"/>
</outcomes>
<respcondition>
<qticomment>Correct answer</qticomment>
<conditionvar>
<varequal respident="fc426738.PHRSPHRDSG2E.1.028">fc426738.PHRSPHRDSG2E.1.028_01</varequal>
</conditionvar>
<setvar action="Add" varname="REALSCORE">1</setvar>
</respcondition>
</resprocessing>
</item>
</questestinterop>