<?xml version="1.0" encoding="UTF-8"?><questestinterop xmlns="http://www.wiley.com/namespaces/wiley/qti" xmlns:ext="http://www.wiley.com/namespaces/wiley/qti/ext" xmlns:mml="http://www.w3.org/1998/Math/MathML" xmlns:wiley="http://www.wiley.com/namespaces/wiley/wiley" xmlns:wileyml="http://www.wiley.com/namespaces/wiley" ext:guid="b3a6163b-7d5b-4526-aea4-cdfa7b36c06e" xml:id="fc426738.PHRSPHRDSG2E.1.049">
<wileyml:revisionGroup>
<wileyml:revision agent="Lumina" date="2021-08-17" severity="major" type="created"/>
</wileyml:revisionGroup>
<item ext:type="14" ident="item-0001">
<itemmetadata>
<qmd_computerscored>Yes</qmd_computerscored>
<qmd_feedbackpermitted>Yes</qmd_feedbackpermitted>
<qmd_scoringpermitted>Yes</qmd_scoringpermitted>
<qmd_toolvendor>John Wiley and Sons Inc.</qmd_toolvendor>
<qmd_solutionspermitted>Yes</qmd_solutionspermitted>
</itemmetadata>
<presentation>
<wileyml:p>True or false: FMLA allows employees to work for other companies while they are on FMLA leave.</wileyml:p>
<response_lid ident="fc426738.PHRSPHRDSG2E.1.049">
<render_choice>
<response_label ident="fc426738.PHRSPHRDSG2E.1.049_01">
<wileyml:p>False. In <wileyml:i>Pharakhone v. Nissan North America, Inc.</wileyml:i>, the 6th Circuit Court of Appeals determined that employees who violate uniformly applied policies governing outside employment while on any type of leave of absence may be terminated or not reinstated at the end of FMLA leave (see Appendix C).</wileyml:p>
</response_label>
</render_choice>
</response_lid>
</presentation>
<resprocessing>
<outcomes>
<decvar varname="REALSCORE"/>
</outcomes>
<respcondition>
<qticomment>Correct answer</qticomment>
<conditionvar>
<varequal respident="fc426738.PHRSPHRDSG2E.1.049">fc426738.PHRSPHRDSG2E.1.049_01</varequal>
</conditionvar>
<setvar action="Add" varname="REALSCORE">1</setvar>
</respcondition>
</resprocessing>
</item>
</questestinterop>