<?xml version="1.0" encoding="UTF-8"?><questestinterop xmlns="http://www.wiley.com/namespaces/wiley/qti" xmlns:ext="http://www.wiley.com/namespaces/wiley/qti/ext" xmlns:mml="http://www.w3.org/1998/Math/MathML" xmlns:wiley="http://www.wiley.com/namespaces/wiley/wiley" xmlns:wileyml="http://www.wiley.com/namespaces/wiley" ext:guid="d2aeddfc-438b-4931-9bd6-cb35d60e811a" xml:id="Flashcard ID: fc605904.MCASG100.086">
<wileyml:revisionGroup>
<wileyml:revision agent="Wiley" date="2019-12-04" severity="major" type="created"/>
</wileyml:revisionGroup>
<item ext:type="14" ident="item-0001">
<itemmetadata>
<qmd_computerscored>Yes</qmd_computerscored>
<qmd_feedbackpermitted>Yes</qmd_feedbackpermitted>
<qmd_scoringpermitted>Yes</qmd_scoringpermitted>
<qmd_toolvendor>John Wiley and Sons Inc.</qmd_toolvendor>
<qmd_solutionspermitted>Yes</qmd_solutionspermitted>
</itemmetadata>
<presentation>
<wileyml:p>With Advanced Encryption Standard (AES) security, there is no preshared password key being used. You need to connect a new Windows 10 laptop to the access point. How would you set up the security setting on the laptop?</wileyml:p>
<response_lid ident="fc605904.MCASG100.086">
<render_choice>
<response_label ident="fc605904.MCASG100.086_01">
<wileyml:p>WPA2‐Enterprise</wileyml:p></response_label>
</render_choice>
</response_lid>
</presentation>
<resprocessing>
<outcomes>
<decvar varname="REALSCORE"/>
</outcomes>
<respcondition>
<qticomment>Correct answer</qticomment>
<conditionvar>
<varequal respident="fc605904.MCASG100.086">fc605904.MCASG100.086_01</varequal>
</conditionvar>
<setvar action="Add" varname="REALSCORE">1</setvar>
</respcondition>
</resprocessing>
</item>
</questestinterop>