<?xml version="1.0" encoding="UTF-8"?><questestinterop xmlns="http://www.wiley.com/namespaces/wiley/qti" xmlns:ext="http://www.wiley.com/namespaces/wiley/qti/ext" xmlns:mml="http://www.w3.org/1998/Math/MathML" xmlns:wiley="http://www.wiley.com/namespaces/wiley/wiley" xmlns:wileyml="http://www.wiley.com/namespaces/wiley" ext:guid="bab0bd1f-34c6-4d16-91d2-7025395967ee" xml:id="fc657699.LinxEssSG.83">
<wileyml:revisionGroup>
<wileyml:revision agent="Wiley" date="2019-12-16" severity="major" type="created"/>
</wileyml:revisionGroup>
<item ext:type="14" ident="item-0001">
<itemmetadata>
<qmd_computerscored>Yes</qmd_computerscored>
<qmd_feedbackpermitted>Yes</qmd_feedbackpermitted>
<qmd_scoringpermitted>Yes</qmd_scoringpermitted>
<qmd_toolvendor>John Wiley and Sons Inc.</qmd_toolvendor>
<qmd_solutionspermitted>Yes</qmd_solutionspermitted>
</itemmetadata>
<presentation>
<wileyml:p>What are the two modes you can use to define permissions for a file or directory?</wileyml:p>
<response_lid ident="fc657699.LinxEssSG.83">
<render_choice>
<response_label ident="fc657699.LinxEssSG.83_01">
<wileyml:p>The symbolic mode uses three groups of three characters: <wileyml:span semantics="computerUserInput">r</wileyml:span> for read, <wileyml:span semantics="computerUserInput">w</wileyml:span> for write, and <wileyml:span semantics="computerUserInput">x</wileyml:span> for execute permissions. The octal mode uses three octal values (0–7) to indicate the permissions.</wileyml:p>
</response_label>
</render_choice>
</response_lid>
</presentation>
<resprocessing>
<outcomes>
<decvar varname="REALSCORE"/>
</outcomes>
<respcondition>
<qticomment>Correct answer</qticomment>
<conditionvar>
<varequal respident="fc657699.LinxEssSG.83">fc657699.LinxEssSG.83_01</varequal>
</conditionvar>
<setvar action="Add" varname="REALSCORE">1</setvar>
</respcondition>
</resprocessing>
</item>
</questestinterop>