<?xml version="1.0" encoding="UTF-8"?><questestinterop xmlns="http://www.wiley.com/namespaces/wiley/qti" xmlns:ext="http://www.wiley.com/namespaces/wiley/qti/ext" xmlns:mml="http://www.w3.org/1998/Math/MathML" xmlns:wiley="http://www.wiley.com/namespaces/wiley/wiley" xmlns:wileyml="http://www.wiley.com/namespaces/wiley" ext:guid="8f0fd4e0-d5d5-4a5a-9b77-76139b320f18" xml:id="fc657699.LinxEssSG.47">
<wileyml:revisionGroup>
<wileyml:revision agent="Wiley" date="2019-12-16" severity="major" type="created"/>
</wileyml:revisionGroup>
<item ext:type="14" ident="item-0001">
<itemmetadata>
<qmd_computerscored>Yes</qmd_computerscored>
<qmd_feedbackpermitted>Yes</qmd_feedbackpermitted>
<qmd_scoringpermitted>Yes</qmd_scoringpermitted>
<qmd_toolvendor>John Wiley and Sons Inc.</qmd_toolvendor>
<qmd_solutionspermitted>Yes</qmd_solutionspermitted>
</itemmetadata>
<presentation>
<wileyml:p>Besides backticks (<wileyml:span semantics="computerUserInput">`</wileyml:span>) and the <wileyml:span semantics="computerUserInput">$()</wileyml:span> format, you can use the _____ utility to generate commands.</wileyml:p>
<response_lid ident="fc657699.LinxEssSG.47">
<render_choice>
<response_label ident="fc657699.LinxEssSG.47_01">
<wileyml:p>
<wileyml:span semantics="computerUserInput">xargs</wileyml:span>
</wileyml:p>
</response_label>
</render_choice>
</response_lid>
</presentation>
<resprocessing>
<outcomes>
<decvar varname="REALSCORE"/>
</outcomes>
<respcondition>
<qticomment>Correct answer</qticomment>
<conditionvar>
<varequal respident="fc657699.LinxEssSG.47">fc657699.LinxEssSG.47_01</varequal>
</conditionvar>
<setvar action="Add" varname="REALSCORE">1</setvar>
</respcondition>
</resprocessing>
</item>
</questestinterop>