<?xml version="1.0" encoding="UTF-8"?><questestinterop xmlns="http://www.wiley.com/namespaces/wiley/qti" xmlns:ext="http://www.wiley.com/namespaces/wiley/qti/ext" xmlns:mml="http://www.w3.org/1998/Math/MathML" xmlns:wiley="http://www.wiley.com/namespaces/wiley/wiley" xmlns:wileyml="http://www.wiley.com/namespaces/wiley" ext:guid="763e3f36-1bb9-4307-a04c-2640431ee124" xml:id="fc657699.LinxEssSG.27">
<wileyml:revisionGroup>
<wileyml:revision agent="Wiley" date="2019-12-16" severity="major" type="created"/>
</wileyml:revisionGroup>
<item ext:type="14" ident="item-0001">
<itemmetadata>
<qmd_computerscored>Yes</qmd_computerscored>
<qmd_feedbackpermitted>Yes</qmd_feedbackpermitted>
<qmd_scoringpermitted>Yes</qmd_scoringpermitted>
<qmd_toolvendor>John Wiley and Sons Inc.</qmd_toolvendor>
<qmd_solutionspermitted>Yes</qmd_solutionspermitted>
</itemmetadata>
<presentation>
<wileyml:p>When a person enters <wileyml:span semantics="computerUserInput">cat File.txt</wileyml:span> at the command line, _____ is the command, and ______ is the argument.</wileyml:p>
<response_lid ident="fc657699.LinxEssSG.27">
<render_choice>
<response_label ident="fc657699.LinxEssSG.27_01">
<wileyml:p>
<wileyml:span semantics="computerUserInput">cat</wileyml:span>; <wileyml:span semantics="computerUserInput">File.txt</wileyml:span>
</wileyml:p>
</response_label>
</render_choice>
</response_lid>
</presentation>
<resprocessing>
<outcomes>
<decvar varname="REALSCORE"/>
</outcomes>
<respcondition>
<qticomment>Correct answer</qticomment>
<conditionvar>
<varequal respident="fc657699.LinxEssSG.27">fc657699.LinxEssSG.27_01</varequal>
</conditionvar>
<setvar action="Add" varname="REALSCORE">1</setvar>
</respcondition>
</resprocessing>
</item>
</questestinterop>