<?xml version="1.0" encoding="UTF-8"?><questestinterop xmlns="http://www.wiley.com/namespaces/wiley/qti" xmlns:ext="http://www.wiley.com/namespaces/wiley/qti/ext" xmlns:mml="http://www.w3.org/1998/Math/MathML" xmlns:wiley="http://www.wiley.com/namespaces/wiley/wiley" xmlns:wileyml="http://www.wiley.com/namespaces/wiley" ext:guid="ffb3f378-7f2c-45d6-801a-e0fcc2e9ee0e" xml:id="fc657699.LinxEssSG.71">
<wileyml:revisionGroup>
<wileyml:revision agent="Wiley" date="2019-12-16" severity="major" type="created"/>
</wileyml:revisionGroup>
<item ext:type="14" ident="item-0001">
<itemmetadata>
<qmd_computerscored>Yes</qmd_computerscored>
<qmd_feedbackpermitted>Yes</qmd_feedbackpermitted>
<qmd_scoringpermitted>Yes</qmd_scoringpermitted>
<qmd_toolvendor>John Wiley and Sons Inc.</qmd_toolvendor>
<qmd_solutionspermitted>Yes</qmd_solutionspermitted>
</itemmetadata>
<presentation>
<wileyml:p>Name the four fields in an <wileyml:span semantics="computerUserInput">/etc/group</wileyml:span> file record.</wileyml:p>
<response_lid ident="fc657699.LinxEssSG.71">
<render_choice>
<response_label ident="fc657699.LinxEssSG.71_01">
<wileyml:p>
<wileyml:span semantics="computerUserInput">group name</wileyml:span>, <wileyml:span semantics="computerUserInput">password</wileyml:span>, <wileyml:span semantics="computerUserInput">GID</wileyml:span>, and <wileyml:span semantics="computerUserInput">user list</wileyml:span>
</wileyml:p>
</response_label>
</render_choice>
</response_lid>
</presentation>
<resprocessing>
<outcomes>
<decvar varname="REALSCORE"/>
</outcomes>
<respcondition>
<qticomment>Correct answer</qticomment>
<conditionvar>
<varequal respident="fc657699.LinxEssSG.71">fc657699.LinxEssSG.71_01</varequal>
</conditionvar>
<setvar action="Add" varname="REALSCORE">1</setvar>
</respcondition>
</resprocessing>
</item>
</questestinterop>