<?xml version="1.0" encoding="UTF-8"?><questestinterop xmlns="http://www.wiley.com/namespaces/wiley/qti" xmlns:ext="http://www.wiley.com/namespaces/wiley/qti/ext" xmlns:mml="http://www.w3.org/1998/Math/MathML" xmlns:wiley="http://www.wiley.com/namespaces/wiley/wiley" xmlns:wileyml="http://www.wiley.com/namespaces/wiley" ext:guid="70e793ee-9ce9-433a-b861-166e49b88aaa" xml:id="fc657699.LinxEssSG.35">
<wileyml:revisionGroup>
<wileyml:revision agent="Wiley" date="2019-12-16" severity="major" type="created"/>
</wileyml:revisionGroup>
<item ext:type="14" ident="item-0001">
<itemmetadata>
<qmd_computerscored>Yes</qmd_computerscored>
<qmd_feedbackpermitted>Yes</qmd_feedbackpermitted>
<qmd_scoringpermitted>Yes</qmd_scoringpermitted>
<qmd_toolvendor>John Wiley and Sons Inc.</qmd_toolvendor>
<qmd_solutionspermitted>Yes</qmd_solutionspermitted>
</itemmetadata>
<presentation>
<wileyml:p>Name two command‐line tools you can use to partition hard drives in Linux.</wileyml:p>
<response_lid ident="fc657699.LinxEssSG.35">
<render_choice>
<response_label ident="fc657699.LinxEssSG.35_01">
<wileyml:p>Here are seven: <wileyml:span semantics="computerUserInput">fdisk</wileyml:span>, <wileyml:span semantics="computerUserInput">cfdisk</wileyml:span>, <wileyml:span semantics="computerUserInput">sfdisk</wileyml:span>, <wileyml:span semantics="computerUserInput">libparted</wileyml:span>, <wileyml:span semantics="computerUserInput">gdisk</wileyml:span>, <wileyml:span semantics="computerUserInput">cgdisk</wileyml:span>, and <wileyml:span semantics="computerUserInput">sgdisk</wileyml:span>.</wileyml:p>
</response_label>
</render_choice>
</response_lid>
</presentation>
<resprocessing>
<outcomes>
<decvar varname="REALSCORE"/>
</outcomes>
<respcondition>
<qticomment>Correct answer</qticomment>
<conditionvar>
<varequal respident="fc657699.LinxEssSG.35">fc657699.LinxEssSG.35_01</varequal>
</conditionvar>
<setvar action="Add" varname="REALSCORE">1</setvar>
</respcondition>
</resprocessing>
</item>
</questestinterop>