<?xml version="1.0" encoding="UTF-8"?><questestinterop xmlns="http://www.wiley.com/namespaces/wiley/qti" xmlns:ext="http://www.wiley.com/namespaces/wiley/qti/ext" xmlns:mml="http://www.w3.org/1998/Math/MathML" xmlns:wiley="http://www.wiley.com/namespaces/wiley/wiley" xmlns:wileyml="http://www.wiley.com/namespaces/wiley" ext:guid="af4f1614-7986-465e-9245-722930d44f8a" xml:id="fc657699.LinxEssSG.26">
<wileyml:revisionGroup>
<wileyml:revision agent="Wiley" date="2019-12-16" severity="major" type="created"/>
</wileyml:revisionGroup>
<item ext:type="14" ident="item-0001">
<itemmetadata>
<qmd_computerscored>Yes</qmd_computerscored>
<qmd_feedbackpermitted>Yes</qmd_feedbackpermitted>
<qmd_scoringpermitted>Yes</qmd_scoringpermitted>
<qmd_toolvendor>John Wiley and Sons Inc.</qmd_toolvendor>
<qmd_solutionspermitted>Yes</qmd_solutionspermitted>
</itemmetadata>
<presentation>
<wileyml:p>To reach a virtual terminal, you press the _____ keystrokes, where <wileyml:i>n</wileyml:i> is equal to a virtual terminal number for the particular Linux distribution you are using.</wileyml:p>
<response_lid ident="fc657699.LinxEssSG.26">
<render_choice>
<response_label ident="fc657699.LinxEssSG.26_01">
<wileyml:p>Ctrl+Alt+F<wileyml:i>n</wileyml:i>
</wileyml:p>
</response_label>
</render_choice>
</response_lid>
</presentation>
<resprocessing>
<outcomes>
<decvar varname="REALSCORE"/>
</outcomes>
<respcondition>
<qticomment>Correct answer</qticomment>
<conditionvar>
<varequal respident="fc657699.LinxEssSG.26">fc657699.LinxEssSG.26_01</varequal>
</conditionvar>
<setvar action="Add" varname="REALSCORE">1</setvar>
</respcondition>
</resprocessing>
</item>
</questestinterop>