<?xml version="1.0" encoding="UTF-8"?><questestinterop xmlns="http://www.wiley.com/namespaces/wiley/qti" xmlns:ext="http://www.wiley.com/namespaces/wiley/qti/ext" xmlns:mml="http://www.w3.org/1998/Math/MathML" xmlns:wiley="http://www.wiley.com/namespaces/wiley/wiley" xmlns:wileyml="http://www.wiley.com/namespaces/wiley" ext:guid="c8da8537-4cbc-4fdb-817f-225dff422a2e" xml:id="fc824442.SnoProCoCeSG.010">
<wileyml:revisionGroup>
<wileyml:revision agent="Lumina" date="2022-07-18" severity="major" type="created"/>
</wileyml:revisionGroup>
<item ext:type="14" ident="item-0001">
<itemmetadata>
<qmd_computerscored>Yes</qmd_computerscored>
<qmd_feedbackpermitted>Yes</qmd_feedbackpermitted>
<qmd_scoringpermitted>Yes</qmd_scoringpermitted>
<qmd_toolvendor>John Wiley and Sons Inc.</qmd_toolvendor>
<qmd_solutionspermitted>Yes</qmd_solutionspermitted>
</itemmetadata>
<presentation>
<wileyml:p>True/False: Compute and storage can be scaled independently in Snowflake.</wileyml:p>
<response_lid ident="fc824442.SnoProCoCeSG.010">
<render_choice>
<response_label ident="fc824442.SnoProCoCeSG.010_01">
<wileyml:p>True. Snowflake uses hybrid architecture consisting of shared storage and multiple compute clusters. Either can be scaled independently of the other.</wileyml:p>
</response_label>
</render_choice>
</response_lid>
</presentation>
<resprocessing>
<outcomes>
<decvar varname="REALSCORE"/>
</outcomes>
<respcondition>
<qticomment>Correct answer</qticomment>
<conditionvar>
<varequal respident="fc824442.SnoProCoCeSG.010">fc824442.SnoProCoCeSG.010_01</varequal>
</conditionvar>
<setvar action="Add" varname="REALSCORE">1</setvar>
</respcondition>
</resprocessing>
</item>
</questestinterop>