<?xml version="1.0" encoding="UTF-8"?><questestinterop xmlns="http://www.wiley.com/namespaces/wiley/qti" xmlns:ext="http://www.wiley.com/namespaces/wiley/qti/ext" xmlns:mml="http://www.w3.org/1998/Math/MathML" xmlns:wiley="http://www.wiley.com/namespaces/wiley/wiley" xmlns:wileyml="http://www.wiley.com/namespaces/wiley" ext:guid="6531187b-9c3d-4d28-924c-6fa981ac4efc" xml:id="fc824442.SnoProCoCeSG.108">
<wileyml:revisionGroup>
<wileyml:revision agent="Lumina" date="2022-07-18" severity="major" type="created"/>
</wileyml:revisionGroup>
<item ext:type="14" ident="item-0001">
<itemmetadata>
<qmd_computerscored>Yes</qmd_computerscored>
<qmd_feedbackpermitted>Yes</qmd_feedbackpermitted>
<qmd_scoringpermitted>Yes</qmd_scoringpermitted>
<qmd_toolvendor>John Wiley and Sons Inc.</qmd_toolvendor>
<qmd_solutionspermitted>Yes</qmd_solutionspermitted>
</itemmetadata>
<presentation>
<wileyml:p>Which objects can be shared through secure data sharing?</wileyml:p>
<response_lid ident="fc824442.SnoProCoCeSG.108">
<render_choice>
<response_label ident="fc824442.SnoProCoCeSG.108_01">
<wileyml:p><wileyml:list style="plain">
<wileyml:listItem>Tables</wileyml:listItem>
<wileyml:listItem>External tables</wileyml:listItem>
<wileyml:listItem>Secure views</wileyml:listItem>
<wileyml:listItem>Secure materialized views</wileyml:listItem>
<wileyml:listItem>Secure UDFs</wileyml:listItem>
</wileyml:list></wileyml:p>
</response_label>
</render_choice>
</response_lid>
</presentation>
<resprocessing>
<outcomes>
<decvar varname="REALSCORE"/>
</outcomes>
<respcondition>
<qticomment>Correct answer</qticomment>
<conditionvar>
<varequal respident="fc824442.SnoProCoCeSG.108">fc824442.SnoProCoCeSG.108_01</varequal>
</conditionvar>
<setvar action="Add" varname="REALSCORE">1</setvar>
</respcondition>
</resprocessing>
</item>
</questestinterop>