<?xml version="1.0" encoding="UTF-8"?><questestinterop xmlns="http://www.wiley.com/namespaces/wiley/qti" xmlns:ext="http://www.wiley.com/namespaces/wiley/qti/ext" xmlns:mml="http://www.w3.org/1998/Math/MathML" xmlns:wiley="http://www.wiley.com/namespaces/wiley/wiley" xmlns:wileyml="http://www.wiley.com/namespaces/wiley" ext:guid="4ae6819d-6553-4f32-8294-8b21b1676cdf" xml:id="fc824442.SnoProCoCeSG.074">
<wileyml:revisionGroup>
<wileyml:revision agent="Lumina" date="2022-07-18" severity="major" type="created"/>
</wileyml:revisionGroup>
<item ext:type="14" ident="item-0001">
<itemmetadata>
<qmd_computerscored>Yes</qmd_computerscored>
<qmd_feedbackpermitted>Yes</qmd_feedbackpermitted>
<qmd_scoringpermitted>Yes</qmd_scoringpermitted>
<qmd_toolvendor>John Wiley and Sons Inc.</qmd_toolvendor>
<qmd_solutionspermitted>Yes</qmd_solutionspermitted>
</itemmetadata>
<presentation>
<wileyml:p>True/False: The <wileyml:span semantics="computerUserInput">COPY</wileyml:span> command can load or unload data using a <wileyml:span semantics="computerUserInput">SELECT</wileyml:span> query.</wileyml:p>
<response_lid ident="fc824442.SnoProCoCeSG.074">
<render_choice>
<response_label ident="fc824442.SnoProCoCeSG.074_01">
<wileyml:p>True. You can use a <wileyml:span semantics="computerUserInput">SELECT</wileyml:span> query to unload data from a table. Also, you can use <wileyml:span semantics="computerUserInput">SELECT</wileyml:span> to read data from a stage object and then load it into a table.</wileyml:p>
</response_label>
</render_choice>
</response_lid>
</presentation>
<resprocessing>
<outcomes>
<decvar varname="REALSCORE"/>
</outcomes>
<respcondition>
<qticomment>Correct answer</qticomment>
<conditionvar>
<varequal respident="fc824442.SnoProCoCeSG.074">fc824442.SnoProCoCeSG.074_01</varequal>
</conditionvar>
<setvar action="Add" varname="REALSCORE">1</setvar>
</respcondition>
</resprocessing>
</item>
</questestinterop>