<?xml version="1.0" encoding="UTF-8"?><questestinterop xmlns="http://www.wiley.com/namespaces/wiley/qti" xmlns:ext="http://www.wiley.com/namespaces/wiley/qti/ext" xmlns:mml="http://www.w3.org/1998/Math/MathML" xmlns:wiley="http://www.wiley.com/namespaces/wiley/wiley" xmlns:wileyml="http://www.wiley.com/namespaces/wiley" ext:guid="2a4ede9c-a1a1-4153-bfd7-3a7156b47e29" xml:id="fc605942.MCASG101.029">
<wileyml:revisionGroup>
<wileyml:revision agent="Wiley" date="2020-02-05" severity="major" type="created"/>
</wileyml:revisionGroup>
<item ext:type="14" ident="item-0001">
<itemmetadata>
<qmd_computerscored>Yes</qmd_computerscored>
<qmd_feedbackpermitted>Yes</qmd_feedbackpermitted>
<qmd_scoringpermitted>Yes</qmd_scoringpermitted>
<qmd_toolvendor>John Wiley and Sons Inc.</qmd_toolvendor>
<qmd_solutionspermitted>Yes</qmd_solutionspermitted>
</itemmetadata>
<presentation>
<wileyml:p>You need to protect your systems from common malware hacks that use executable files and scripts that attack applications like Microsoft Office (for example, Outlook). What tool do you need to do to use to accomplish this?</wileyml:p>
<response_lid ident="fc605942.MCASG101.029">
<render_choice>
<response_label ident="fc605942.MCASG101.029_01">
<wileyml:p>Windows Defender Exploit Guard</wileyml:p>
</response_label>
</render_choice>
</response_lid>
</presentation>
<resprocessing>
<outcomes>
<decvar varname="REALSCORE"/>
</outcomes>
<respcondition>
<qticomment>Correct answer</qticomment>
<conditionvar>
<varequal respident="fc605942.MCASG101.029">fc605942.MCASG101.029_01</varequal>
</conditionvar>
<setvar action="Add" varname="REALSCORE">1</setvar>
</respcondition>
</resprocessing>
</item>
</questestinterop>