<?xml version="1.0" encoding="UTF-8"?><questestinterop xmlns="http://www.wiley.com/namespaces/wiley/qti" xmlns:ext="http://www.wiley.com/namespaces/wiley/qti/ext" xmlns:mml="http://www.w3.org/1998/Math/MathML" xmlns:wiley="http://www.wiley.com/namespaces/wiley/wiley" xmlns:wileyml="http://www.wiley.com/namespaces/wiley" ext:guid="9cdd6680-b7e6-4ce1-ab75-5e66401b8c86" xml:id="fc235636.AWS.CCP.SG2E.004">
<wileyml:revisionGroup>
<wileyml:revision agent="Lumina" date="2023-11-07" severity="major" type="created"/>
</wileyml:revisionGroup>
<item ext:type="14" ident="item-0001">
<itemmetadata>
<qmd_computerscored>Yes</qmd_computerscored>
<qmd_feedbackpermitted>Yes</qmd_feedbackpermitted>
<qmd_scoringpermitted>Yes</qmd_scoringpermitted>
<qmd_toolvendor>John Wiley and Sons Inc.</qmd_toolvendor>
<qmd_solutionspermitted>Yes</qmd_solutionspermitted>
</itemmetadata>
<presentation>
<wileyml:p>True/False: Platform‐as‐a‐service (PaaS) services provide users with only minimal control over their applications.</wileyml:p>
<response_lid ident="fc235636.AWS.CCP.SG2E.004">
<render_choice>
<response_label ident="fc235636.AWS.CCP.SG2E.004_01">
<wileyml:p>False. PaaS services (like Elastic Beanstalk) do simplify infrastructure administration, but they still offer significant control over the application environment.</wileyml:p>
</response_label>
</render_choice>
</response_lid>
</presentation>
<resprocessing>
<outcomes>
<decvar varname="REALSCORE"/>
</outcomes>
<respcondition>
<qticomment>Correct answer</qticomment>
<conditionvar>
<varequal respident="fc235636.AWS.CCP.SG2E.004">fc235636.AWS.CCP.SG2E.004_01</varequal>
</conditionvar>
<setvar action="Add" varname="REALSCORE">1</setvar>
</respcondition>
</resprocessing>
</item>
</questestinterop>