<?xml version="1.0" encoding="UTF-8"?><questestinterop xmlns="http://www.wiley.com/namespaces/wiley/qti" xmlns:ext="http://www.wiley.com/namespaces/wiley/qti/ext" xmlns:mml="http://www.w3.org/1998/Math/MathML" xmlns:wiley="http://www.wiley.com/namespaces/wiley/wiley" xmlns:wileyml="http://www.wiley.com/namespaces/wiley" ext:guid="52b788db-de7a-4906-a3f4-16fff00b86f9" xml:id="fc235636.AWS.CCP.SG2E.015">
<wileyml:revisionGroup>
<wileyml:revision agent="Lumina" date="2023-11-07" severity="major" type="created"/>
</wileyml:revisionGroup>
<item ext:type="14" ident="item-0001">
<itemmetadata>
<qmd_computerscored>Yes</qmd_computerscored>
<qmd_feedbackpermitted>Yes</qmd_feedbackpermitted>
<qmd_scoringpermitted>Yes</qmd_scoringpermitted>
<qmd_toolvendor>John Wiley and Sons Inc.</qmd_toolvendor>
<qmd_solutionspermitted>Yes</qmd_solutionspermitted>
</itemmetadata>
<presentation>
<wileyml:p>What is the best source of accurate, up‐to‐date information on the costs of AWS services?</wileyml:p>
<response_lid ident="fc235636.AWS.CCP.SG2E.015">
<render_choice>
<response_label ident="fc235636.AWS.CCP.SG2E.015_01">
<wileyml:p>Amazon's online documentation, where the URL will usually follow this format: <wileyml:span semantics="computerUserInput"><wileyml:span cssStyle="text-decoration:underline">aws.amazon.com/˂</wileyml:span><wileyml:i>service‐name</wileyml:i><wileyml:span cssStyle="text-decoration:underline">˃/pricing/</wileyml:span></wileyml:span></wileyml:p>
</response_label>
</render_choice>
</response_lid>
</presentation>
<resprocessing>
<outcomes>
<decvar varname="REALSCORE"/>
</outcomes>
<respcondition>
<qticomment>Correct answer</qticomment>
<conditionvar>
<varequal respident="fc235636.AWS.CCP.SG2E.015">fc235636.AWS.CCP.SG2E.015_01</varequal>
</conditionvar>
<setvar action="Add" varname="REALSCORE">1</setvar>
</respcondition>
</resprocessing>
</item>
</questestinterop>