<?xml version="1.0" encoding="UTF-8"?><questestinterop xmlns="http://www.wiley.com/namespaces/wiley/qti" xmlns:ext="http://www.wiley.com/namespaces/wiley/qti/ext" xmlns:mml="http://www.w3.org/1998/Math/MathML" xmlns:wiley="http://www.wiley.com/namespaces/wiley/wiley" xmlns:wileyml="http://www.wiley.com/namespaces/wiley" ext:guid="2d09e123-d11b-4c6a-8df4-cd5bd6af2b4e" xml:id="fc235636.AWS.CCP.SG2E.044">
<wileyml:revisionGroup>
<wileyml:revision agent="Lumina" date="2023-11-07" severity="major" type="created"/>
</wileyml:revisionGroup>
<item ext:type="14" ident="item-0001">
<itemmetadata>
<qmd_computerscored>Yes</qmd_computerscored>
<qmd_feedbackpermitted>Yes</qmd_feedbackpermitted>
<qmd_scoringpermitted>Yes</qmd_scoringpermitted>
<qmd_toolvendor>John Wiley and Sons Inc.</qmd_toolvendor>
<qmd_solutionspermitted>Yes</qmd_solutionspermitted>
</itemmetadata>
<presentation>
<wileyml:p>How can you organize multiple related running resources into a single custom dashboard within the Management Console to make it easier to visualize and access important resources?</wileyml:p>
<response_lid ident="fc235636.AWS.CCP.SG2E.044">
<render_choice>
<response_label ident="fc235636.AWS.CCP.SG2E.044_01">
<wileyml:p>Using resource groups (through AWS Systems Manager)</wileyml:p>
</response_label>
</render_choice>
</response_lid>
</presentation>
<resprocessing>
<outcomes>
<decvar varname="REALSCORE"/>
</outcomes>
<respcondition>
<qticomment>Correct answer</qticomment>
<conditionvar>
<varequal respident="fc235636.AWS.CCP.SG2E.044">fc235636.AWS.CCP.SG2E.044_01</varequal>
</conditionvar>
<setvar action="Add" varname="REALSCORE">1</setvar>
</respcondition>
</resprocessing>
</item>
</questestinterop>