<?xml version="1.0" encoding="UTF-8"?><questestinterop xmlns="http://www.wiley.com/namespaces/wiley/qti" xmlns:ext="http://www.wiley.com/namespaces/wiley/qti/ext" xmlns:mml="http://www.w3.org/1998/Math/MathML" xmlns:wiley="http://www.wiley.com/namespaces/wiley/wiley" xmlns:wileyml="http://www.wiley.com/namespaces/wiley" ext:guid="2a555aa5-b212-4f99-a8f1-c71208742ecb" xml:id="fc658818.AWSCeSeSG.009">
<wileyml:revisionGroup>
<wileyml:revision agent="Wiley" date="2020-12-01" severity="major" type="created"/>
</wileyml:revisionGroup>
<item ext:type="14" ident="item-0001">
<itemmetadata>
<qmd_computerscored>Yes</qmd_computerscored>
<qmd_feedbackpermitted>Yes</qmd_feedbackpermitted>
<qmd_scoringpermitted>Yes</qmd_scoringpermitted>
<qmd_toolvendor>John Wiley and Sons Inc.</qmd_toolvendor>
<qmd_solutionspermitted>Yes</qmd_solutionspermitted>
</itemmetadata>
<presentation>
<wileyml:p>Is performing penetration tests to AWS Services allowed by the AWS Acceptable Use policy?</wileyml:p>
<response_lid ident="fc658818.AWSCeSeSG.009">
<render_choice>
<response_label ident="fc658818.AWSCeSeSG.009_01">
<wileyml:p>No. You may scan your own infrastructure without prior approval for some “Permitted Services” only and request permission for other tests, but only on your own workloads. More information at <wileyml:span cssStyle="text-decoration:underline"><wileyml:span semantics="computerUserInput">aws.amazon.com/security/penetration-testing</wileyml:span></wileyml:span>.</wileyml:p>
</response_label>
</render_choice>
</response_lid>
</presentation>
<resprocessing>
<outcomes>
<decvar varname="REALSCORE"/>
</outcomes>
<respcondition>
<qticomment>Correct answer</qticomment>
<conditionvar>
<varequal respident="fc658818.AWSCeSeSG.009">fc658818.AWSCeSeSG.009_01</varequal>
</conditionvar>
<setvar action="Add" varname="REALSCORE">1</setvar>
</respcondition>
</resprocessing>
</item>
</questestinterop>