<?xml version="1.0" encoding="UTF-8"?><questestinterop xmlns="http://www.wiley.com/namespaces/wiley/qti" xmlns:ext="http://www.wiley.com/namespaces/wiley/qti/ext" xmlns:mml="http://www.w3.org/1998/Math/MathML" xmlns:wiley="http://www.wiley.com/namespaces/wiley/wiley" xmlns:wileyml="http://www.wiley.com/namespaces/wiley" ext:guid="407dee33-a7b6-4996-8753-acc7b3a2b605" xml:id="fc434450.PMIACPExSG.093">
<wileyml:revisionGroup>
<wileyml:revision agent="Lumina" date="2021-07-30" severity="major" type="created"/>
</wileyml:revisionGroup>
<item ext:type="14" ident="item-0001">
<itemmetadata>
<qmd_computerscored>Yes</qmd_computerscored>
<qmd_feedbackpermitted>Yes</qmd_feedbackpermitted>
<qmd_scoringpermitted>Yes</qmd_scoringpermitted>
<qmd_toolvendor>John Wiley and Sons Inc.</qmd_toolvendor>
<qmd_solutionspermitted>Yes</qmd_solutionspermitted>
</itemmetadata>
<presentation>
<wileyml:p>What does INVEST stand for?</wileyml:p>
<response_lid ident="fc434450.PMIACPExSG.093">
<render_choice>
<response_label ident="fc434450.PMIACPExSG.093_01">
<wileyml:p><wileyml:list style="plain">
<wileyml:listItem>Independent</wileyml:listItem>
<wileyml:listItem>Negotiable</wileyml:listItem>
<wileyml:listItem>Valuable</wileyml:listItem>
<wileyml:listItem>Estimable</wileyml:listItem>
<wileyml:listItem>Small</wileyml:listItem>
<wileyml:listItem>Testable</wileyml:listItem>
</wileyml:list></wileyml:p>
</response_label>
</render_choice>
</response_lid>
</presentation>
<resprocessing>
<outcomes>
<decvar varname="REALSCORE"/>
</outcomes>
<respcondition>
<qticomment>Correct answer</qticomment>
<conditionvar>
<varequal respident="fc434450.PMIACPExSG.093">fc434450.PMIACPExSG.093_01</varequal>
</conditionvar>
<setvar action="Add" varname="REALSCORE">1</setvar>
</respcondition>
</resprocessing>
</item>
</questestinterop>