<?xml version="1.0" encoding="UTF-8"?><questestinterop xmlns="http://www.wiley.com/namespaces/wiley/qti" xmlns:ext="http://www.wiley.com/namespaces/wiley/qti/ext" xmlns:mml="http://www.w3.org/1998/Math/MathML" xmlns:wiley="http://www.wiley.com/namespaces/wiley/wiley" xmlns:wileyml="http://www.wiley.com/namespaces/wiley" ext:guid="45affdb4-6d7f-412e-b6a4-bdfb17bba08e" xml:id="fc434450.PMIACPExSG.100">
<wileyml:revisionGroup>
<wileyml:revision agent="Lumina" date="2021-07-30" severity="major" type="created"/>
</wileyml:revisionGroup>
<item ext:type="14" ident="item-0001">
<itemmetadata>
<qmd_computerscored>Yes</qmd_computerscored>
<qmd_feedbackpermitted>Yes</qmd_feedbackpermitted>
<qmd_scoringpermitted>Yes</qmd_scoringpermitted>
<qmd_toolvendor>John Wiley and Sons Inc.</qmd_toolvendor>
<qmd_solutionspermitted>Yes</qmd_solutionspermitted>
</itemmetadata>
<presentation>
<wileyml:p>0, 1, 1, 2, 3, 5, 8, 13, 21, 34, 55, and so on until infinity. Each number is the sum of the preceding two numbers. What does this describe?</wileyml:p>
<response_lid ident="fc434450.PMIACPExSG.100">
<render_choice>
<response_label ident="fc434450.PMIACPExSG.100_01">
<wileyml:p>The Fibonacci sequence</wileyml:p>
</response_label>
</render_choice>
</response_lid>
</presentation>
<resprocessing>
<outcomes>
<decvar varname="REALSCORE"/>
</outcomes>
<respcondition>
<qticomment>Correct answer</qticomment>
<conditionvar>
<varequal respident="fc434450.PMIACPExSG.100">fc434450.PMIACPExSG.100_01</varequal>
</conditionvar>
<setvar action="Add" varname="REALSCORE">1</setvar>
</respcondition>
</resprocessing>
</item>
</questestinterop>