<?xml version="1.0" encoding="UTF-8"?><questestinterop xmlns="http://www.wiley.com/namespaces/wiley/qti" xmlns:ext="http://www.wiley.com/namespaces/wiley/qti/ext" xmlns:mml="http://www.w3.org/1998/Math/MathML" xmlns:wiley="http://www.wiley.com/namespaces/wiley/wiley" xmlns:wileyml="http://www.wiley.com/namespaces/wiley" ext:guid="8b1466b5-ddb8-4a4f-837a-ab77b729347d" xml:id="fc182909.CySAplSG3E.082">
<wileyml:revisionGroup>
<wileyml:revision agent="Lumina" date="2023-05-11" severity="major" type="created"/>
</wileyml:revisionGroup>
<item ext:type="14" ident="item-0001">
<itemmetadata>
<qmd_computerscored>Yes</qmd_computerscored>
<qmd_feedbackpermitted>Yes</qmd_feedbackpermitted>
<qmd_scoringpermitted>Yes</qmd_scoringpermitted>
<qmd_toolvendor>John Wiley and Sons Inc.</qmd_toolvendor>
<qmd_solutionspermitted>Yes</qmd_solutionspermitted>
</itemmetadata>
<presentation>
<wileyml:p>What are the categories of stakeholders who should receive a vulnerability report?</wileyml:p>
<response_lid ident="fc182909.CySAplSG3E.082">
<render_choice>
<response_label ident="fc182909.CySAplSG3E.082_01">
<wileyml:p><wileyml:list style="1">
<wileyml:listItem>Technical stakeholders</wileyml:listItem>
<wileyml:listItem>Security, audit, and compliance stakeholders</wileyml:listItem>
<wileyml:listItem>Security management and oversight systems</wileyml:listItem>
<wileyml:listItem>Executive or leadership staff</wileyml:listItem>
</wileyml:list></wileyml:p>
</response_label>
</render_choice>
</response_lid>
</presentation>
<resprocessing>
<outcomes>
<decvar varname="REALSCORE"/>
</outcomes>
<respcondition>
<qticomment>Correct answer</qticomment>
<conditionvar>
<varequal respident="fc182909.CySAplSG3E.082">fc182909.CySAplSG3E.082_01</varequal>
</conditionvar>
<setvar action="Add" varname="REALSCORE">1</setvar>
</respcondition>
</resprocessing>
</item>
</questestinterop>