<?xml version="1.0" encoding="UTF-8"?><questestinterop xmlns="http://www.wiley.com/namespaces/wiley/qti" xmlns:ext="http://www.wiley.com/namespaces/wiley/qti/ext" xmlns:mml="http://www.w3.org/1998/Math/MathML" xmlns:wiley="http://www.wiley.com/namespaces/wiley/wiley" xmlns:wileyml="http://www.wiley.com/namespaces/wiley" ext:guid="695aa60e-00d8-4182-bf6c-7178b5343b02" xml:id="fc182909.CySAplSG3E.092">
<wileyml:revisionGroup>
<wileyml:revision agent="Lumina" date="2023-05-11" severity="major" type="created"/>
</wileyml:revisionGroup>
<item ext:type="14" ident="item-0001">
<itemmetadata>
<qmd_computerscored>Yes</qmd_computerscored>
<qmd_feedbackpermitted>Yes</qmd_feedbackpermitted>
<qmd_scoringpermitted>Yes</qmd_scoringpermitted>
<qmd_toolvendor>John Wiley and Sons Inc.</qmd_toolvendor>
<qmd_solutionspermitted>Yes</qmd_solutionspermitted>
</itemmetadata>
<presentation>
<wileyml:p>Name three common system hardening practices.</wileyml:p>
<response_lid ident="fc182909.CySAplSG3E.092">
<render_choice>
<response_label ident="fc182909.CySAplSG3E.092_01">
<wileyml:p><wileyml:list style="plain">
<wileyml:listItem>Updating and patching the system</wileyml:listItem>
<wileyml:listItem>Removing unnecessary software and services</wileyml:listItem>
<wileyml:listItem>Restricting and logging administrative access</wileyml:listItem>
<wileyml:listItem>Controlling the creation of new accounts</wileyml:listItem>
<wileyml:listItem>Enabling logging and using appropriate monitoring</wileyml:listItem>
<wileyml:listItem>Using capabilities like disk encryption and secure boot</wileyml:listItem>
</wileyml:list></wileyml:p>
</response_label>
</render_choice>
</response_lid>
</presentation>
<resprocessing>
<outcomes>
<decvar varname="REALSCORE"/>
</outcomes>
<respcondition>
<qticomment>Correct answer</qticomment>
<conditionvar>
<varequal respident="fc182909.CySAplSG3E.092">fc182909.CySAplSG3E.092_01</varequal>
</conditionvar>
<setvar action="Add" varname="REALSCORE">1</setvar>
</respcondition>
</resprocessing>
</item>
</questestinterop>