<?xml version="1.0" encoding="UTF-8"?>
<assessmentItem xmlns="http://www.imsglobal.org/xsd/imsqti_v2p1" xmlns:xsi="http://www.w3.org/2001/XMLSchema-instance" xsi:schemaLocation="http://www.imsglobal.org/xsd/imsqti_v2p1 http://www.imsglobal.org/xsd/qti/qtiv2p1/imsqti_v2p1p2.xsd" identifier="QUE_217050" title="476245 18-19ASVAB_FC2_Q031" adaptive="false" timeDependent="false">
  <responseDeclaration identifier="RESPONSE" cardinality="single" baseType="identifier">
    <correctResponse>                    </correctResponse>
    <mapping lowerBound="0">
      <mapEntry mapKey="ANS1" mappedValue="-1"/>
    </mapping>
  </responseDeclaration>
  <outcomeDeclaration identifier="FEEDBACK" cardinality="single" baseType="identifier"/>
  <outcomeDeclaration identifier="GENERAL_FEEDBACK" baseType="identifier" cardinality="single"/>
  <outcomeDeclaration identifier="SCORE" cardinality="single" baseType="float">
    <defaultValue>
      <value>1</value>
    </defaultValue>
  </outcomeDeclaration>
  <itemBody>
    <choiceInteraction responseIdentifier="RESPONSE" maxChoices="1" shuffle="false">
      <prompt><![CDATA[What is Newton’s first law of motion?]]></prompt>
      <prompt/>
      <simpleChoice identifier="ANS1"><![CDATA[An object at rest tends to stay at rest, and an object in motion tends to stay in motion with the same speed and in the same direction, unless acted upon by an unbalanced force.]]>||</simpleChoice>
      <simpleAssociableChoice matchMax="1" identifier="HINT1"/>
    </choiceInteraction>
  </itemBody>
  <responseProcessing>
    <responseCondition>
      <responseIf>
        <isNull>
          <variable identifier="RESPONSE"/>
        </isNull>
        <setOutcomeValue identifier="SCORE">
          <baseValue baseType="float">1</baseValue>
        </setOutcomeValue>
      </responseIf>
      <responseElse>
        <setOutcomeValue identifier="SCORE">
          <mapResponse identifier="RESPONSE"/>
        </setOutcomeValue>
        <responseCondition>
          <responseIf>
            <match>
              <correct identifier="RESPONSE"/>
              <variable identifier="RESPONSE"/>
            </match>
            <setOutcomeValue identifier="GENERAL_FEEDBACK">
              <baseValue baseType="identifier">CORRECT_FEEDBACK</baseValue>
            </setOutcomeValue>
          </responseIf>
          <responseElse>
            <setOutcomeValue identifier="GENERAL_FEEDBACK">
              <baseValue baseType="identifier">INCORRECT_FEEDBACK</baseValue>
            </setOutcomeValue>
          </responseElse>
        </responseCondition>
      </responseElse>
    </responseCondition>
  </responseProcessing>
  <modalFeedback outcomeIdentifier="GENERAL_FEEDBACK" showHide="show" identifier="CORRECT_FEEDBACK"/>
  <modalFeedback outcomeIdentifier="GENERAL_FEEDBACK" showHide="show" identifier="INCORRECT_FEEDBACK"/>
</assessmentItem>
