<?xml version="1.0" encoding="UTF-8"?><questestinterop xmlns="http://www.wiley.com/namespaces/wiley/qti" xmlns:ext="http://www.wiley.com/namespaces/wiley/qti/ext" xmlns:mml="http://www.w3.org/1998/Math/MathML" xmlns:wiley="http://www.wiley.com/namespaces/wiley/wiley" xmlns:wileyml="http://www.wiley.com/namespaces/wiley" ext:guid="caeb9124-9fb5-49a4-b6be-7eee9223f57e" xml:id="fc582120.LPIC1SG.027">
<wileyml:revisionGroup>
<wileyml:revision agent="Wiley" date="2019-09-17" severity="major" type="created"/>
</wileyml:revisionGroup>
<item ext:type="14" ident="item-0001">
<itemmetadata>
<qmd_computerscored>Yes</qmd_computerscored>
<qmd_feedbackpermitted>Yes</qmd_feedbackpermitted>
<qmd_scoringpermitted>Yes</qmd_scoringpermitted>
<qmd_toolvendor>John Wiley and Sons Inc.</qmd_toolvendor>
<qmd_solutionspermitted>Yes</qmd_solutionspermitted>
</itemmetadata>
<presentation>
<wileyml:p>What utility does most Linux distributions use for monitoring and connecting hot‐pluggable devices?</wileyml:p>
<response_lid ident="fc582120.LPIC1SG.027">
<render_choice>
<response_label ident="fc582120.LPIC1SG.027_01">
<wileyml:p>The <wileyml:span semantics="computerUserInput">udev</wileyml:span> program runs in background and monitors the kernel ring buffer looking for newly connected devices. When it detects a new device, it compares the message to rules you define in files located in the <wileyml:span semantics="computerUserInput">/etc/udev/rules.d</wileyml:span> directory. If a device matches <wileyml:span semantics="computerUserInput">udev</wileyml:span> processes, the device is defined by the rule.</wileyml:p>
</response_label>
</render_choice>
</response_lid>
</presentation>
<resprocessing>
<outcomes>
<decvar varname="REALSCORE"/>
</outcomes>
<respcondition>
<qticomment>Correct answer</qticomment>
<conditionvar>
<varequal respident="fc582120.LPIC1SG.027">fc582120.LPIC1SG.027_01</varequal>
</conditionvar>
<setvar action="Add" varname="REALSCORE">1</setvar>
</respcondition>
</resprocessing>
</item>
</questestinterop>