<?xml version="1.0" encoding="UTF-8"?><questestinterop xmlns="http://www.wiley.com/namespaces/wiley/qti" xmlns:ext="http://www.wiley.com/namespaces/wiley/qti/ext" xmlns:mml="http://www.w3.org/1998/Math/MathML" xmlns:wiley="http://www.wiley.com/namespaces/wiley/wiley" xmlns:wileyml="http://www.wiley.com/namespaces/wiley" ext:guid="686447fe-7a49-47ce-917b-1016aa9a60c2" xml:id="fc582120.LPIC1SG.060">
<wileyml:revisionGroup>
<wileyml:revision agent="Wiley" date="2019-09-17" severity="major" type="created"/>
</wileyml:revisionGroup>
<item ext:type="14" ident="item-0001">
<itemmetadata>
<qmd_computerscored>Yes</qmd_computerscored>
<qmd_feedbackpermitted>Yes</qmd_feedbackpermitted>
<qmd_scoringpermitted>Yes</qmd_scoringpermitted>
<qmd_toolvendor>John Wiley and Sons Inc.</qmd_toolvendor>
<qmd_solutionspermitted>Yes</qmd_solutionspermitted>
</itemmetadata>
<presentation>
<wileyml:p>Where does Linux store time zone template files for use in the <wileyml:span semantics="computerUserInput">/etc/timezone</wileyml:span> or <wileyml:span semantics="computerUserInput">/etc/localtime</wileyml:span> file?</wileyml:p>
<response_lid ident="fc582120.LPIC1SG.060">
<render_choice>
<response_label ident="fc582120.LPIC1SG.060_01">
<wileyml:p>The <wileyml:span semantics="computerUserInput">/usr/share/zoneinfo</wileyml:span> directory contains template files that you can copy to the <wileyml:span semantics="computerUserInput">/etc/timezone</wileyml:span> (for Debian‐based systems) or <wileyml:span semantics="computerUserInput">/etc/localtime</wileyml:span> (for Red Hat–based systems) to set the time zone.</wileyml:p>
</response_label>
</render_choice>
</response_lid>
</presentation>
<resprocessing>
<outcomes>
<decvar varname="REALSCORE"/>
</outcomes>
<respcondition>
<qticomment>Correct answer</qticomment>
<conditionvar>
<varequal respident="fc582120.LPIC1SG.060">fc582120.LPIC1SG.060_01</varequal>
</conditionvar>
<setvar action="Add" varname="REALSCORE">1</setvar>
</respcondition>
</resprocessing>
</item>
</questestinterop>