<?xml version="1.0" encoding="UTF-8"?><questestinterop xmlns="http://www.wiley.com/namespaces/wiley/qti" xmlns:ext="http://www.wiley.com/namespaces/wiley/qti/ext" xmlns:mml="http://www.w3.org/1998/Math/MathML" xmlns:wiley="http://www.wiley.com/namespaces/wiley/wiley" xmlns:wileyml="http://www.wiley.com/namespaces/wiley" ext:guid="e9c00564-88ae-4a60-97ce-df1026aed33e" xml:id="fc582120.LPIC1SG.048">
<wileyml:revisionGroup>
<wileyml:revision agent="Wiley" date="2019-09-17" severity="major" type="created"/>
</wileyml:revisionGroup>
<item ext:type="14" ident="item-0001">
<itemmetadata>
<qmd_computerscored>Yes</qmd_computerscored>
<qmd_feedbackpermitted>Yes</qmd_feedbackpermitted>
<qmd_scoringpermitted>Yes</qmd_scoringpermitted>
<qmd_toolvendor>John Wiley and Sons Inc.</qmd_toolvendor>
<qmd_solutionspermitted>Yes</qmd_solutionspermitted>
</itemmetadata>
<presentation>
<wileyml:p>Name at least five utilities that can shut down a system.</wileyml:p>
<response_lid ident="fc582120.LPIC1SG.048">
<render_choice>
<response_label ident="fc582120.LPIC1SG.048_01">
<wileyml:p>Here are seven utilities that can shut down a system (which ones you can use on your system depends on the system initialization method as well as the command options and arguments employed): <wileyml:span semantics="computerUserInput">systemctl</wileyml:span>, <wileyml:span semantics="computerUserInput">init</wileyml:span>, <wileyml:span semantics="computerUserInput">telinit</wileyml:span>, <wileyml:span semantics="computerUserInput">halt</wileyml:span>, <wileyml:span semantics="computerUserInput">poweroff</wileyml:span>, <wileyml:span semantics="computerUserInput">reboot</wileyml:span>, <wileyml:span semantics="computerUserInput">shutdown</wileyml:span>.</wileyml:p>
</response_label>
</render_choice>
</response_lid>
</presentation>
<resprocessing>
<outcomes>
<decvar varname="REALSCORE"/>
</outcomes>
<respcondition>
<qticomment>Correct answer</qticomment>
<conditionvar>
<varequal respident="fc582120.LPIC1SG.048">fc582120.LPIC1SG.048_01</varequal>
</conditionvar>
<setvar action="Add" varname="REALSCORE">1</setvar>
</respcondition>
</resprocessing>
</item>
</questestinterop>