<?xml version="1.0" encoding="UTF-8"?><questestinterop xmlns="http://www.wiley.com/namespaces/wiley/qti" xmlns:ext="http://www.wiley.com/namespaces/wiley/qti/ext" xmlns:mml="http://www.w3.org/1998/Math/MathML" xmlns:wiley="http://www.wiley.com/namespaces/wiley/wiley" xmlns:wileyml="http://www.wiley.com/namespaces/wiley" ext:guid="99d35b1e-20f6-493f-94ae-fce663b7a7fc" xml:id="fc582120.LPIC1SG.061">
<wileyml:revisionGroup>
<wileyml:revision agent="Wiley" date="2019-09-17" severity="major" type="created"/>
</wileyml:revisionGroup>
<item ext:type="14" ident="item-0001">
<itemmetadata>
<qmd_computerscored>Yes</qmd_computerscored>
<qmd_feedbackpermitted>Yes</qmd_feedbackpermitted>
<qmd_scoringpermitted>Yes</qmd_scoringpermitted>
<qmd_toolvendor>John Wiley and Sons Inc.</qmd_toolvendor>
<qmd_solutionspermitted>Yes</qmd_solutionspermitted>
</itemmetadata>
<presentation>
<wileyml:p>When adding user accounts, the _____ and _____ files configure various settings for the _____ command’s default behavior.</wileyml:p>
<response_lid ident="fc582120.LPIC1SG.061">
<render_choice>
<response_label ident="fc582120.LPIC1SG.061_01">
<wileyml:p>When adding user accounts, the <wileyml:span semantics="computerUserInput">/etc/login.defs</wileyml:span> and <wileyml:span semantics="computerUserInput">/etc/default/useradd</wileyml:span> files configure various settings for the <wileyml:span semantics="computerUserInput">useradd</wileyml:span> command’s default behavior.</wileyml:p>
</response_label>
</render_choice>
</response_lid>
</presentation>
<resprocessing>
<outcomes>
<decvar varname="REALSCORE"/>
</outcomes>
<respcondition>
<qticomment>Correct answer</qticomment>
<conditionvar>
<varequal respident="fc582120.LPIC1SG.061">fc582120.LPIC1SG.061_01</varequal>
</conditionvar>
<setvar action="Add" varname="REALSCORE">1</setvar>
</respcondition>
</resprocessing>
</item>
</questestinterop>