<?xml version="1.0" encoding="UTF-8"?><questestinterop xmlns="http://www.wiley.com/namespaces/wiley/qti" xmlns:ext="http://www.wiley.com/namespaces/wiley/qti/ext" xmlns:mml="http://www.w3.org/1998/Math/MathML" xmlns:wiley="http://www.wiley.com/namespaces/wiley/wiley" xmlns:wileyml="http://www.wiley.com/namespaces/wiley" ext:guid="4bdbf2a2-a11e-43e3-a3b1-78e1642553b1" xml:id="fc582120.LPIC1SG.044">
<wileyml:revisionGroup>
<wileyml:revision agent="Wiley" date="2019-09-17" severity="major" type="created"/>
</wileyml:revisionGroup>
<item ext:type="14" ident="item-0001">
<itemmetadata>
<qmd_computerscored>Yes</qmd_computerscored>
<qmd_feedbackpermitted>Yes</qmd_feedbackpermitted>
<qmd_scoringpermitted>Yes</qmd_scoringpermitted>
<qmd_toolvendor>John Wiley and Sons Inc.</qmd_toolvendor>
<qmd_solutionspermitted>Yes</qmd_solutionspermitted>
</itemmetadata>
<presentation>
<wileyml:p>The GRUB2 configuration file is stored in either the _____ or _____ directory, and is named _____ for BIOS systems.</wileyml:p>
<response_lid ident="fc582120.LPIC1SG.044">
<render_choice>
<response_label ident="fc582120.LPIC1SG.044_01">
<wileyml:p>The GRUB2 configuration file is stored in either the <wileyml:span semantics="computerUserInput">/boot/grub/</wileyml:span> or <wileyml:span semantics="computerUserInput">/boot/grub2/</wileyml:span> directory, and is named <wileyml:span semantics="computerUserInput">grub.cfg</wileyml:span> for BIOS systems.</wileyml:p>
</response_label>
</render_choice>
</response_lid>
</presentation>
<resprocessing>
<outcomes>
<decvar varname="REALSCORE"/>
</outcomes>
<respcondition>
<qticomment>Correct answer</qticomment>
<conditionvar>
<varequal respident="fc582120.LPIC1SG.044">fc582120.LPIC1SG.044_01</varequal>
</conditionvar>
<setvar action="Add" varname="REALSCORE">1</setvar>
</respcondition>
</resprocessing>
</item>
</questestinterop>