<?xml version="1.0" encoding="UTF-8"?><questestinterop xmlns="http://www.wiley.com/namespaces/wiley/qti" xmlns:ext="http://www.wiley.com/namespaces/wiley/qti/ext" xmlns:mml="http://www.w3.org/1998/Math/MathML" xmlns:wiley="http://www.wiley.com/namespaces/wiley/wiley" xmlns:wileyml="http://www.wiley.com/namespaces/wiley" ext:guid="11dfccf4-27fe-415f-9c23-77923dbf0da2" xml:id="fc582120.LPIC1SG.068">
<wileyml:revisionGroup>
<wileyml:revision agent="Wiley" date="2019-09-17" severity="major" type="created"/>
</wileyml:revisionGroup>
<item ext:type="14" ident="item-0001">
<itemmetadata>
<qmd_computerscored>Yes</qmd_computerscored>
<qmd_feedbackpermitted>Yes</qmd_feedbackpermitted>
<qmd_scoringpermitted>Yes</qmd_scoringpermitted>
<qmd_toolvendor>John Wiley and Sons Inc.</qmd_toolvendor>
<qmd_solutionspermitted>Yes</qmd_solutionspermitted>
</itemmetadata>
<presentation>
<wileyml:p>The _____ service implements the syslog protocol, uses the _____ configuration file, and on some distributions includes the _____ files.</wileyml:p>
<response_lid ident="fc582120.LPIC1SG.068">
<render_choice>
<response_label ident="fc582120.LPIC1SG.068_01">
<wileyml:p>The <wileyml:span semantics="computerUserInput">rsyslogd</wileyml:span> service implements the syslog protocol, uses the /<wileyml:span semantics="computerUserInput">etc/rsyslogd.conf</wileyml:span> configuration file, and on some distributions includes the <wileyml:span semantics="computerUserInput">/etc/rsyslog.d/*.conf</wileyml:span> files.</wileyml:p>
</response_label>
</render_choice>
</response_lid>
</presentation>
<resprocessing>
<outcomes>
<decvar varname="REALSCORE"/>
</outcomes>
<respcondition>
<qticomment>Correct answer</qticomment>
<conditionvar>
<varequal respident="fc582120.LPIC1SG.068">fc582120.LPIC1SG.068_01</varequal>
</conditionvar>
<setvar action="Add" varname="REALSCORE">1</setvar>
</respcondition>
</resprocessing>
</item>
</questestinterop>