<?xml version="1.0" encoding="UTF-8"?><questestinterop xmlns="http://www.wiley.com/namespaces/wiley/qti" xmlns:ext="http://www.wiley.com/namespaces/wiley/qti/ext" xmlns:mml="http://www.w3.org/1998/Math/MathML" xmlns:wiley="http://www.wiley.com/namespaces/wiley/wiley" xmlns:wileyml="http://www.wiley.com/namespaces/wiley" ext:guid="ea5fcf41-4d87-44c8-8a56-d41f7b43be14" xml:id="fc582120.LPIC1SG.037">
<wileyml:revisionGroup>
<wileyml:revision agent="Wiley" date="2019-09-17" severity="major" type="created"/>
</wileyml:revisionGroup>
<item ext:type="14" ident="item-0001">
<itemmetadata>
<qmd_computerscored>Yes</qmd_computerscored>
<qmd_feedbackpermitted>Yes</qmd_feedbackpermitted>
<qmd_scoringpermitted>Yes</qmd_scoringpermitted>
<qmd_toolvendor>John Wiley and Sons Inc.</qmd_toolvendor>
<qmd_solutionspermitted>Yes</qmd_solutionspermitted>
</itemmetadata>
<presentation>
<wileyml:p>To create a directory, use the _____ command, and if you need to create a directory tree, add the _____ option to the command.</wileyml:p>
<response_lid ident="fc582120.LPIC1SG.037">
<render_choice>
<response_label ident="fc582120.LPIC1SG.037_01">
<wileyml:p>To create a directory use the <wileyml:span semantics="computerUserInput">mkdir</wileyml:span> command, and if you need to create a directory tree, add the <wileyml:span semantics="computerUserInput">-p</wileyml:span> or <wileyml:span semantics="computerUserInput">--parents</wileyml:span> option to the command.</wileyml:p>
</response_label>
</render_choice>
</response_lid>
</presentation>
<resprocessing>
<outcomes>
<decvar varname="REALSCORE"/>
</outcomes>
<respcondition>
<qticomment>Correct answer</qticomment>
<conditionvar>
<varequal respident="fc582120.LPIC1SG.037">fc582120.LPIC1SG.037_01</varequal>
</conditionvar>
<setvar action="Add" varname="REALSCORE">1</setvar>
</respcondition>
</resprocessing>
</item>
</questestinterop>