<?xml version="1.0" encoding="UTF-8"?><questestinterop xmlns="http://www.wiley.com/namespaces/wiley/qti" xmlns:ext="http://www.wiley.com/namespaces/wiley/qti/ext" xmlns:mml="http://www.w3.org/1998/Math/MathML" xmlns:wiley="http://www.wiley.com/namespaces/wiley/wiley" xmlns:wileyml="http://www.wiley.com/namespaces/wiley" ext:guid="7055ecff-0125-4a39-a9dd-c345078bad30" xml:id="fc582120.LPIC1SG.019">
<wileyml:revisionGroup>
<wileyml:revision agent="Wiley" date="2019-09-17" severity="major" type="created"/>
</wileyml:revisionGroup>
<item ext:type="14" ident="item-0001">
<itemmetadata>
<qmd_computerscored>Yes</qmd_computerscored>
<qmd_feedbackpermitted>Yes</qmd_feedbackpermitted>
<qmd_scoringpermitted>Yes</qmd_scoringpermitted>
<qmd_toolvendor>John Wiley and Sons Inc.</qmd_toolvendor>
<qmd_solutionspermitted>Yes</qmd_solutionspermitted>
</itemmetadata>
<presentation>
<wileyml:p>Programs can be run in background mode by placing a/an _____ after the command before you start it, or by pausing the program with the _____ key combination and using the _____ utility to send it to the background.</wileyml:p>
<response_lid ident="fc582120.LPIC1SG.019">
<render_choice>
<response_label ident="fc582120.LPIC1SG.019_01">
<wileyml:p>Programs can be run in background mode by placing an <wileyml:span semantics="computerUserInput">&amp;</wileyml:span> after the command before you start it, or by pausing the program with the Ctrl+Z key combination and using the <wileyml:span semantics="computerUserInput">bg</wileyml:span> utility to send it to the background.</wileyml:p>
</response_label>
</render_choice>
</response_lid>
</presentation>
<resprocessing>
<outcomes>
<decvar varname="REALSCORE"/>
</outcomes>
<respcondition>
<qticomment>Correct answer</qticomment>
<conditionvar>
<varequal respident="fc582120.LPIC1SG.019">fc582120.LPIC1SG.019_01</varequal>
</conditionvar>
<setvar action="Add" varname="REALSCORE">1</setvar>
</respcondition>
</resprocessing>
</item>
</questestinterop>