<?xml version="1.0" encoding="UTF-8"?><questestinterop xmlns="http://www.wiley.com/namespaces/wiley/qti" xmlns:ext="http://www.wiley.com/namespaces/wiley/qti/ext" xmlns:mml="http://www.w3.org/1998/Math/MathML" xmlns:wiley="http://www.wiley.com/namespaces/wiley/wiley" xmlns:wileyml="http://www.wiley.com/namespaces/wiley" ext:guid="65674475-9016-4053-86ad-701fc5058ad4" xml:id="fc582120.LPIC1SG.076">
<wileyml:revisionGroup>
<wileyml:revision agent="Wiley" date="2019-09-17" severity="major" type="created"/>
</wileyml:revisionGroup>
<item ext:type="14" ident="item-0001">
<itemmetadata>
<qmd_computerscored>Yes</qmd_computerscored>
<qmd_feedbackpermitted>Yes</qmd_feedbackpermitted>
<qmd_scoringpermitted>Yes</qmd_scoringpermitted>
<qmd_toolvendor>John Wiley and Sons Inc.</qmd_toolvendor>
<qmd_solutionspermitted>Yes</qmd_solutionspermitted>
</itemmetadata>
<presentation>
<wileyml:p>Name some of the legacy tools available for configuring network settings from the Linux command line.</wileyml:p>
<response_lid ident="fc582120.LPIC1SG.076">
<render_choice>
<response_label ident="fc582120.LPIC1SG.076_01">
<wileyml:p>The <wileyml:span semantics="computerUserInput">ethtool</wileyml:span> command displays and sets Ethernet settings for a network interface. The <wileyml:span semantics="computerUserInput">ifconfig</wileyml:span> command displays or sets the IP address and netmask values or a network interface. The <wileyml:span semantics="computerUserInput">route</wileyml:span> command sets the default router address.</wileyml:p>
</response_label>
</render_choice>
</response_lid>
</presentation>
<resprocessing>
<outcomes>
<decvar varname="REALSCORE"/>
</outcomes>
<respcondition>
<qticomment>Correct answer</qticomment>
<conditionvar>
<varequal respident="fc582120.LPIC1SG.076">fc582120.LPIC1SG.076_01</varequal>
</conditionvar>
<setvar action="Add" varname="REALSCORE">1</setvar>
</respcondition>
</resprocessing>
</item>
</questestinterop>