<?xml version="1.0" encoding="UTF-8"?><questestinterop xmlns="http://www.wiley.com/namespaces/wiley/qti" xmlns:ext="http://www.wiley.com/namespaces/wiley/qti/ext" xmlns:mml="http://www.w3.org/1998/Math/MathML" xmlns:wiley="http://www.wiley.com/namespaces/wiley/wiley" xmlns:wileyml="http://www.wiley.com/namespaces/wiley" ext:guid="8a185711-5ad0-49bc-998d-3298adeb81e0" xml:id="fc582120.LPIC1SG.067">
<wileyml:revisionGroup>
<wileyml:revision agent="Wiley" date="2019-09-17" severity="major" type="created"/>
</wileyml:revisionGroup>
<item ext:type="14" ident="item-0001">
<itemmetadata>
<qmd_computerscored>Yes</qmd_computerscored>
<qmd_feedbackpermitted>Yes</qmd_feedbackpermitted>
<qmd_scoringpermitted>Yes</qmd_scoringpermitted>
<qmd_toolvendor>John Wiley and Sons Inc.</qmd_toolvendor>
<qmd_solutionspermitted>Yes</qmd_solutionspermitted>
</itemmetadata>
<presentation>
<wileyml:p>You set up an email alias by editing the _____ file and adding the alias to it. Then you run the _____ command, which will update the aliases _____ database.</wileyml:p>
<response_lid ident="fc582120.LPIC1SG.067">
<render_choice>
<response_label ident="fc582120.LPIC1SG.067_01">
<wileyml:p>You set up an email alias by editing the <wileyml:span semantics="computerUserInput">/etc/aliases</wileyml:span> file and adding the alias to it. Then you run the <wileyml:span semantics="computerUserInput">newaliases</wileyml:span> command, which will update the aliases <wileyml:span semantics="computerUserInput">/etc/aliases.db</wileyml:span> database.</wileyml:p>
</response_label>
</render_choice>
</response_lid>
</presentation>
<resprocessing>
<outcomes>
<decvar varname="REALSCORE"/>
</outcomes>
<respcondition>
<qticomment>Correct answer</qticomment>
<conditionvar>
<varequal respident="fc582120.LPIC1SG.067">fc582120.LPIC1SG.067_01</varequal>
</conditionvar>
<setvar action="Add" varname="REALSCORE">1</setvar>
</respcondition>
</resprocessing>
</item>
</questestinterop>