<?xml version="1.0" encoding="UTF-8"?><questestinterop xmlns="http://www.wiley.com/namespaces/wiley/qti" xmlns:ext="http://www.wiley.com/namespaces/wiley/qti/ext" xmlns:mml="http://www.w3.org/1998/Math/MathML" xmlns:wiley="http://www.wiley.com/namespaces/wiley/wiley" xmlns:wileyml="http://www.wiley.com/namespaces/wiley" ext:guid="c5b9da7b-947c-4205-97c0-f23a42025023" xml:id="fc582120.LPIC1SG.042">
<wileyml:revisionGroup>
<wileyml:revision agent="Wiley" date="2019-09-17" severity="major" type="created"/>
</wileyml:revisionGroup>
<item ext:type="14" ident="item-0001">
<itemmetadata>
<qmd_computerscored>Yes</qmd_computerscored>
<qmd_feedbackpermitted>Yes</qmd_feedbackpermitted>
<qmd_scoringpermitted>Yes</qmd_scoringpermitted>
<qmd_toolvendor>John Wiley and Sons Inc.</qmd_toolvendor>
<qmd_solutionspermitted>Yes</qmd_solutionspermitted>
</itemmetadata>
<presentation>
<wileyml:p>Boot kernel messages are stored in the kernel ring buffer, and you can view these messages shortly after boot time via the _____ or the _____ utilities.</wileyml:p>
<response_lid ident="fc582120.LPIC1SG.042">
<render_choice>
<response_label ident="fc582120.LPIC1SG.042_01">
<wileyml:p>Boot kernel messages are stored in the kernel ring buffer, and you can view these messages shortly after boot time via the <wileyml:span semantics="computerUserInput">dmesg</wileyml:span> or the <wileyml:span semantics="computerUserInput">journalctl</wileyml:span> utilities.</wileyml:p>
</response_label>
</render_choice>
</response_lid>
</presentation>
<resprocessing>
<outcomes>
<decvar varname="REALSCORE"/>
</outcomes>
<respcondition>
<qticomment>Correct answer</qticomment>
<conditionvar>
<varequal respident="fc582120.LPIC1SG.042">fc582120.LPIC1SG.042_01</varequal>
</conditionvar>
<setvar action="Add" varname="REALSCORE">1</setvar>
</respcondition>
</resprocessing>
</item>
</questestinterop>