<?xml version="1.0" encoding="UTF-8"?><questestinterop xmlns="http://www.wiley.com/namespaces/wiley/qti" xmlns:ext="http://www.wiley.com/namespaces/wiley/qti/ext" xmlns:mml="http://www.w3.org/1998/Math/MathML" xmlns:wiley="http://www.wiley.com/namespaces/wiley/wiley" xmlns:wileyml="http://www.wiley.com/namespaces/wiley" ext:guid="917506fc-6183-4a77-92f4-42b064c81193" xml:id="fc582120.LPIC1SG.086">
<wileyml:revisionGroup>
<wileyml:revision agent="Wiley" date="2019-09-17" severity="major" type="created"/>
</wileyml:revisionGroup>
<item ext:type="14" ident="item-0001">
<itemmetadata>
<qmd_computerscored>Yes</qmd_computerscored>
<qmd_feedbackpermitted>Yes</qmd_feedbackpermitted>
<qmd_scoringpermitted>Yes</qmd_scoringpermitted>
<qmd_toolvendor>John Wiley and Sons Inc.</qmd_toolvendor>
<qmd_solutionspermitted>Yes</qmd_solutionspermitted>
</itemmetadata>
<presentation>
<wileyml:p>What does the command‐line entry <wileyml:span semantics="computerUserInput">who &gt; today.txt</wileyml:span> do?</wileyml:p>
<response_lid ident="fc582120.LPIC1SG.086">
<render_choice>
<response_label ident="fc582120.LPIC1SG.086_01">
<wileyml:p>The <wileyml:span semantics="computerUserInput">who</wileyml:span> command displays the list of users currently logged into the system. The greater‐than symbol redirects the output of the <wileyml:span semantics="computerUserInput">who</wileyml:span> command to the text file named <wileyml:span semantics="computerUserInput">today.txt</wileyml:span>.</wileyml:p>
</response_label>
</render_choice>
</response_lid>
</presentation>
<resprocessing>
<outcomes>
<decvar varname="REALSCORE"/>
</outcomes>
<respcondition>
<qticomment>Correct answer</qticomment>
<conditionvar>
<varequal respident="fc582120.LPIC1SG.086">fc582120.LPIC1SG.086_01</varequal>
</conditionvar>
<setvar action="Add" varname="REALSCORE">1</setvar>
</respcondition>
</resprocessing>
</item>
</questestinterop>