<?xml version="1.0" encoding="UTF-8"?><questestinterop xmlns="http://www.wiley.com/namespaces/wiley/qti" xmlns:ext="http://www.wiley.com/namespaces/wiley/qti/ext" xmlns:mml="http://www.w3.org/1998/Math/MathML" xmlns:wiley="http://www.wiley.com/namespaces/wiley/wiley" xmlns:wileyml="http://www.wiley.com/namespaces/wiley" ext:guid="57aa432a-9fe3-4b55-831a-81ad7b05e077" xml:id="fc582120.LPIC1SG.040">
<wileyml:revisionGroup>
<wileyml:revision agent="Wiley" date="2019-09-17" severity="major" type="created"/>
</wileyml:revisionGroup>
<item ext:type="14" ident="item-0001">
<itemmetadata>
<qmd_computerscored>Yes</qmd_computerscored>
<qmd_feedbackpermitted>Yes</qmd_feedbackpermitted>
<qmd_scoringpermitted>Yes</qmd_scoringpermitted>
<qmd_toolvendor>John Wiley and Sons Inc.</qmd_toolvendor>
<qmd_solutionspermitted>Yes</qmd_solutionspermitted>
</itemmetadata>
<presentation>
<wileyml:p>When you’ve issued the <wileyml:span semantics="computerUserInput">ls -l</wileyml:span> command on a file at the command line, how does the octal permission 765 display?</wileyml:p>
<response_lid ident="fc582120.LPIC1SG.040">
<render_choice>
<response_label ident="fc582120.LPIC1SG.040_01">
<wileyml:p>The octal permission 765 looks like <wileyml:span semantics="computerUserInput">rwxrw-r-x</wileyml:span> when you’ve issued the <wileyml:span semantics="computerUserInput">ls -l</wileyml:span> command on the file at the command line.</wileyml:p>
</response_label>
</render_choice>
</response_lid>
</presentation>
<resprocessing>
<outcomes>
<decvar varname="REALSCORE"/>
</outcomes>
<respcondition>
<qticomment>Correct answer</qticomment>
<conditionvar>
<varequal respident="fc582120.LPIC1SG.040">fc582120.LPIC1SG.040_01</varequal>
</conditionvar>
<setvar action="Add" varname="REALSCORE">1</setvar>
</respcondition>
</resprocessing>
</item>
</questestinterop>