<?xml version="1.0" encoding="UTF-8"?><questestinterop xmlns="http://www.wiley.com/namespaces/wiley/qti" xmlns:ext="http://www.wiley.com/namespaces/wiley/qti/ext" xmlns:mml="http://www.w3.org/1998/Math/MathML" xmlns:wiley="http://www.wiley.com/namespaces/wiley/wiley" xmlns:wileyml="http://www.wiley.com/namespaces/wiley" ext:guid="7c8b3aa0-e47c-4c14-a148-86ff872a5ac4" xml:id="fc582120.LPIC1SG.003">
<wileyml:revisionGroup>
<wileyml:revision agent="Wiley" date="2019-09-17" severity="major" type="created"/>
</wileyml:revisionGroup>
<item ext:type="14" ident="item-0001">
<itemmetadata>
<qmd_computerscored>Yes</qmd_computerscored>
<qmd_feedbackpermitted>Yes</qmd_feedbackpermitted>
<qmd_scoringpermitted>Yes</qmd_scoringpermitted>
<qmd_toolvendor>John Wiley and Sons Inc.</qmd_toolvendor>
<qmd_solutionspermitted>Yes</qmd_solutionspermitted>
</itemmetadata>
<presentation>
<wileyml:p>The _____ option on the <wileyml:span semantics="computerUserInput">cat</wileyml:span> command will display any nonprinting characters in the file to STDOUT.</wileyml:p>
<response_lid ident="fc582120.LPIC1SG.003">
<render_choice>
<response_label ident="fc582120.LPIC1SG.003_01">
<wileyml:p>
<wileyml:span semantics="computerUserInput">-v </wileyml:span>or <wileyml:span semantics="computerUserInput">--show-nonprinting</wileyml:span>
</wileyml:p>
</response_label>
</render_choice>
</response_lid>
</presentation>
<resprocessing>
<outcomes>
<decvar varname="REALSCORE"/>
</outcomes>
<respcondition>
<qticomment>Correct answer</qticomment>
<conditionvar>
<varequal respident="fc582120.LPIC1SG.003">fc582120.LPIC1SG.003_01</varequal>
</conditionvar>
<setvar action="Add" varname="REALSCORE">1</setvar>
</respcondition>
</resprocessing>
</item>
</questestinterop>