<?xml version="1.0" encoding="UTF-8"?><questestinterop xmlns="http://www.wiley.com/namespaces/wiley/qti" xmlns:ext="http://www.wiley.com/namespaces/wiley/qti/ext" xmlns:mml="http://www.w3.org/1998/Math/MathML" xmlns:wiley="http://www.wiley.com/namespaces/wiley/wiley" xmlns:wileyml="http://www.wiley.com/namespaces/wiley" ext:guid="76e440a0-3e18-4d86-bdf2-44c5bd5b80ed" xml:id="fc582120.LPIC1SG.095">
<wileyml:revisionGroup>
<wileyml:revision agent="Wiley" date="2019-09-17" severity="major" type="created"/>
</wileyml:revisionGroup>
<item ext:type="14" ident="item-0001">
<itemmetadata>
<qmd_computerscored>Yes</qmd_computerscored>
<qmd_feedbackpermitted>Yes</qmd_feedbackpermitted>
<qmd_scoringpermitted>Yes</qmd_scoringpermitted>
<qmd_toolvendor>John Wiley and Sons Inc.</qmd_toolvendor>
<qmd_solutionspermitted>Yes</qmd_solutionspermitted>
</itemmetadata>
<presentation>
<wileyml:p>Linux stores account passwords as _____ _____ and used to keep them in the _____ file, but because everyone can view the data in that file, they were moved to the more locked‐down _____ file.</wileyml:p>
<response_lid ident="fc582120.LPIC1SG.095">
<render_choice>
<response_label ident="fc582120.LPIC1SG.095_01">
<wileyml:p>Linux stores account passwords as salted hashes and used to keep them in the <wileyml:span semantics="computerUserInput">/etc/passwd</wileyml:span> file, but because everyone can view the data in that file, they were moved to the more locked‐down <wileyml:span semantics="computerUserInput">/etc/shadow</wileyml:span> file.</wileyml:p>
</response_label>
</render_choice>
</response_lid>
</presentation>
<resprocessing>
<outcomes>
<decvar varname="REALSCORE"/>
</outcomes>
<respcondition>
<qticomment>Correct answer</qticomment>
<conditionvar>
<varequal respident="fc582120.LPIC1SG.095">fc582120.LPIC1SG.095_01</varequal>
</conditionvar>
<setvar action="Add" varname="REALSCORE">1</setvar>
</respcondition>
</resprocessing>
</item>
</questestinterop>