<?xml version="1.0" encoding="UTF-8"?><questestinterop xmlns="http://www.wiley.com/namespaces/wiley/qti" xmlns:ext="http://www.wiley.com/namespaces/wiley/qti/ext" xmlns:mml="http://www.w3.org/1998/Math/MathML" xmlns:wiley="http://www.wiley.com/namespaces/wiley/wiley" xmlns:wileyml="http://www.wiley.com/namespaces/wiley" ext:guid="ed745c01-4be6-415c-96b2-a6d1918e47a1" xml:id="fc582120.LPIC1SG.099">
<wileyml:revisionGroup>
<wileyml:revision agent="Wiley" date="2019-09-17" severity="major" type="created"/>
</wileyml:revisionGroup>
<item ext:type="14" ident="item-0001">
<itemmetadata>
<qmd_computerscored>Yes</qmd_computerscored>
<qmd_feedbackpermitted>Yes</qmd_feedbackpermitted>
<qmd_scoringpermitted>Yes</qmd_scoringpermitted>
<qmd_toolvendor>John Wiley and Sons Inc.</qmd_toolvendor>
<qmd_solutionspermitted>Yes</qmd_solutionspermitted>
</itemmetadata>
<presentation>
<wileyml:p>The OpenSSH utility suite configuration files include _____ (client configurations), _____ (global client configurations), and _____ (OpenSSH daemon configurations).</wileyml:p>
<response_lid ident="fc582120.LPIC1SG.099">
<render_choice>
<response_label ident="fc582120.LPIC1SG.099_01">
<wileyml:p>The OpenSSH utility suite configuration files include <wileyml:span semantics="computerUserInput">~/.ssh/config</wileyml:span> (client configurations), <wileyml:span semantics="computerUserInput">/etc/ssh/ssh_config</wileyml:span> (global client configurations), and <wileyml:span semantics="computerUserInput">/etc/ssh/sshd_config</wileyml:span> (OpenSSH daemon configurations).</wileyml:p>
</response_label>
</render_choice>
</response_lid>
</presentation>
<resprocessing>
<outcomes>
<decvar varname="REALSCORE"/>
</outcomes>
<respcondition>
<qticomment>Correct answer</qticomment>
<conditionvar>
<varequal respident="fc582120.LPIC1SG.099">fc582120.LPIC1SG.099_01</varequal>
</conditionvar>
<setvar action="Add" varname="REALSCORE">1</setvar>
</respcondition>
</resprocessing>
</item>
</questestinterop>