<?xml version="1.0" encoding="UTF-8"?><questestinterop xmlns="http://www.wiley.com/namespaces/wiley/qti" xmlns:ext="http://www.wiley.com/namespaces/wiley/qti/ext" xmlns:mml="http://www.w3.org/1998/Math/MathML" xmlns:wiley="http://www.wiley.com/namespaces/wiley/wiley" xmlns:wileyml="http://www.wiley.com/namespaces/wiley" ext:guid="458dea7c-991e-4564-9d20-be55d57d01bd" xml:id="fc582120.LPIC1SG.093">
<wileyml:revisionGroup>
<wileyml:revision agent="Wiley" date="2019-09-17" severity="major" type="created"/>
</wileyml:revisionGroup>
<item ext:type="14" ident="item-0001">
<itemmetadata>
<qmd_computerscored>Yes</qmd_computerscored>
<qmd_feedbackpermitted>Yes</qmd_feedbackpermitted>
<qmd_scoringpermitted>Yes</qmd_scoringpermitted>
<qmd_toolvendor>John Wiley and Sons Inc.</qmd_toolvendor>
<qmd_solutionspermitted>Yes</qmd_solutionspermitted>
</itemmetadata>
<presentation>
<wileyml:p>The extended super daemon, _____, uses the _____ configuration file for its global directives and specific service configuration files stored in the _____ directory for its managed network services’ configurations.</wileyml:p>
<response_lid ident="fc582120.LPIC1SG.093">
<render_choice>
<response_label ident="fc582120.LPIC1SG.093_01">
<wileyml:p>The extended super daemon, <wileyml:span semantics="computerUserInput">xinetd</wileyml:span>, uses the <wileyml:span semantics="computerUserInput">/etc/xinetd.conf</wileyml:span> configuration file for its global directives and specific service configuration files stored in the <wileyml:span semantics="computerUserInput">/etc/xinetd.d/</wileyml:span> directory for its managed network services’ configurations.</wileyml:p>
</response_label>
</render_choice>
</response_lid>
</presentation>
<resprocessing>
<outcomes>
<decvar varname="REALSCORE"/>
</outcomes>
<respcondition>
<qticomment>Correct answer</qticomment>
<conditionvar>
<varequal respident="fc582120.LPIC1SG.093">fc582120.LPIC1SG.093_01</varequal>
</conditionvar>
<setvar action="Add" varname="REALSCORE">1</setvar>
</respcondition>
</resprocessing>
</item>
</questestinterop>