<?xml version="1.0" encoding="UTF-8"?><questestinterop xmlns="http://www.wiley.com/namespaces/wiley/qti" xmlns:ext="http://www.wiley.com/namespaces/wiley/qti/ext" xmlns:mml="http://www.w3.org/1998/Math/MathML" xmlns:wiley="http://www.wiley.com/namespaces/wiley/wiley" xmlns:wileyml="http://www.wiley.com/namespaces/wiley" ext:guid="e31fd31b-550e-4416-bc99-34cad3edb1b5" xml:id="fc861072.AplRG5E.1.015">
<wileyml:revisionGroup>
<wileyml:revision agent="Lumina" date="2022-03-05" severity="major" type="created"/>
</wileyml:revisionGroup>
<item ext:type="14" ident="item-0001">
<itemmetadata>
<qmd_computerscored>Yes</qmd_computerscored>
<qmd_feedbackpermitted>Yes</qmd_feedbackpermitted>
<qmd_scoringpermitted>Yes</qmd_scoringpermitted>
<qmd_toolvendor>John Wiley and Sons Inc.</qmd_toolvendor>
<qmd_solutionspermitted>Yes</qmd_solutionspermitted>
</itemmetadata>
<presentation>
<wileyml:p>If the fan on the power supply is an exhaust‐oriented fan, then the fan on the front fan should be __________ ‐oriented, while the rear supplemental fan should be __________ ‐oriented.</wileyml:p>
<response_lid ident="fc861072.AplRG5E.1.015">
<render_choice>
<response_label ident="fc861072.AplRG5E.1.015_01">
<wileyml:p>intake, exhaust</wileyml:p>
</response_label>
</render_choice>
</response_lid>
</presentation>
<resprocessing>
<outcomes>
<decvar varname="REALSCORE"/>
</outcomes>
<respcondition>
<qticomment>Correct answer</qticomment>
<conditionvar>
<varequal respident="fc861072.AplRG5E.1.015">fc861072.AplRG5E.1.015_01</varequal>
</conditionvar>
<setvar action="Add" varname="REALSCORE">1</setvar>
</respcondition>
</resprocessing>
</item>
</questestinterop>