<?xml version="1.0" encoding="UTF-8"?><questestinterop xmlns="http://www.wiley.com/namespaces/wiley/qti" xmlns:ext="http://www.wiley.com/namespaces/wiley/qti/ext" xmlns:mml="http://www.w3.org/1998/Math/MathML" xmlns:wiley="http://www.wiley.com/namespaces/wiley/wiley" xmlns:wileyml="http://www.wiley.com/namespaces/wiley" ext:guid="45a28e69-e8e7-48b5-a6cf-8cd17a37de36" xml:id="fc659181.CCNACert.SG.61">
<wileyml:revisionGroup>
<wileyml:revision agent="Wiley" date="2020-05-08" severity="major" type="created"/>
</wileyml:revisionGroup>
<item ext:type="14" ident="item-0001">
<itemmetadata>
<qmd_computerscored>Yes</qmd_computerscored>
<qmd_feedbackpermitted>Yes</qmd_feedbackpermitted>
<qmd_scoringpermitted>Yes</qmd_scoringpermitted>
<qmd_toolvendor>John Wiley and Sons Inc.</qmd_toolvendor>
<qmd_solutionspermitted>Yes</qmd_solutionspermitted>
</itemmetadata>
<presentation>
<wileyml:p>What are two drawbacks of implementing a link‐state routing protocol?</wileyml:p>
<response_lid ident="fc659181.CCNACert.SG.61">
<render_choice>
<response_label ident="fc659181.CCNACert.SG.61_01">
<wileyml:p>The requirement for a hierarchical IP addressing scheme for optimal functionality, and high demand on router resources to run the link‐state routing algorithm</wileyml:p>
</response_label>
</render_choice>
</response_lid>
</presentation>
<resprocessing>
<outcomes>
<decvar varname="REALSCORE"/>
</outcomes>
<respcondition>
<qticomment>Correct answer</qticomment>
<conditionvar>
<varequal respident="fc659181.CCNACert.SG.61">fc659181.CCNACert.SG.61_01</varequal>
</conditionvar>
<setvar action="Add" varname="REALSCORE">1</setvar>
</respcondition>
</resprocessing>
</item>
</questestinterop>