<?xml version="1.0" encoding="UTF-8"?><questestinterop xmlns="http://www.wiley.com/namespaces/wiley/qti" xmlns:ext="http://www.wiley.com/namespaces/wiley/qti/ext" xmlns:mml="http://www.w3.org/1998/Math/MathML" xmlns:wiley="http://www.wiley.com/namespaces/wiley/wiley" xmlns:wileyml="http://www.wiley.com/namespaces/wiley" ext:guid="4df266fb-2a97-456d-b9e5-3c1648b1c13f" xml:id="fc359326.WiSe2016SG742.39">
<wileyml:revisionGroup>
<wileyml:revision agent="Wiley" date="2021-01-12" severity="major" type="created"/>
</wileyml:revisionGroup>
<item ext:type="14" ident="item-0001">
<itemmetadata>
<qmd_computerscored>Yes</qmd_computerscored>
<qmd_feedbackpermitted>Yes</qmd_feedbackpermitted>
<qmd_scoringpermitted>Yes</qmd_scoringpermitted>
<qmd_toolvendor>John Wiley and Sons Inc.</qmd_toolvendor>
<qmd_solutionspermitted>Yes</qmd_solutionspermitted>
</itemmetadata>
<presentation>
<wileyml:p>This PowerShell command allows an administrator to delete the URI for the certificate revocation list (CRL) distribution point (CDP) from the CA?</wileyml:p>
<response_lid ident="fc359326.WiSe2016SG742.39">
<render_choice>
<response_label ident="fc359326.WiSe2016SG742.39_01">
<wileyml:p>Remove‐CACrlDistributionPoint</wileyml:p>
</response_label>
</render_choice>
</response_lid>
</presentation>
<resprocessing>
<outcomes>
<decvar varname="REALSCORE"/>
</outcomes>
<respcondition>
<qticomment>Correct answer</qticomment>
<conditionvar>
<varequal respident="fc359326.WiSe2016SG742.39">fc359326.WiSe2016SG742.39_01</varequal>
</conditionvar>
<setvar action="Add" varname="REALSCORE">1</setvar>
</respcondition>
</resprocessing>
</item>
</questestinterop>