<?xml version="1.0" encoding="UTF-8"?><questestinterop xmlns="http://www.wiley.com/namespaces/wiley/qti" xmlns:ext="http://www.wiley.com/namespaces/wiley/qti/ext" xmlns:mml="http://www.w3.org/1998/Math/MathML" xmlns:wiley="http://www.wiley.com/namespaces/wiley/wiley" xmlns:wileyml="http://www.wiley.com/namespaces/wiley" ext:guid="d9c16d5e-6551-4e7c-912a-f140680e1eae" xml:id="fc559535.MSAzArSG.101">
<wileyml:revisionGroup>
<wileyml:revision agent="Wiley" date="2020-11-19" severity="major" type="created"/>
</wileyml:revisionGroup>
<item ext:type="14" ident="item-0001">
<itemmetadata>
<qmd_computerscored>Yes</qmd_computerscored>
<qmd_feedbackpermitted>Yes</qmd_feedbackpermitted>
<qmd_scoringpermitted>Yes</qmd_scoringpermitted>
<qmd_toolvendor>John Wiley and Sons Inc.</qmd_toolvendor>
<qmd_solutionspermitted>Yes</qmd_solutionspermitted>
</itemmetadata>
<presentation>
<wileyml:p>To view activities that have been performed on a specific Azure product, you can query the Log Analytics database, but you can also view the ______ _____, which is present in the Azure portal for each Azure product.</wileyml:p>
<response_lid ident="fc559535.MSAzArSG.101">
<render_choice>
<response_label ident="fc559535.MSAzArSG.101_01">
<wileyml:p>Activity log</wileyml:p>
</response_label>
</render_choice>
</response_lid>
</presentation>
<resprocessing>
<outcomes>
<decvar varname="REALSCORE"/>
</outcomes>
<respcondition>
<qticomment>Correct answer</qticomment>
<conditionvar>
<varequal respident="fc559535.MSAzArSG.101">fc559535.MSAzArSG.101_01</varequal>
</conditionvar>
<setvar action="Add" varname="REALSCORE">1</setvar>
</respcondition>
</resprocessing>
</item>
</questestinterop>