<?xml version="1.0" encoding="UTF-8"?><questestinterop xmlns="http://www.wiley.com/namespaces/wiley/qti" xmlns:ext="http://www.wiley.com/namespaces/wiley/qti/ext" xmlns:mml="http://www.w3.org/1998/Math/MathML" xmlns:wiley="http://www.wiley.com/namespaces/wiley/wiley" xmlns:wileyml="http://www.wiley.com/namespaces/wiley" ext:guid="9c9dbf21-e545-40a5-af95-2ee266d0c515" xml:id="fc735380.SecPl.RG5E.191">
<wileyml:revisionGroup>
<wileyml:revision agent="Wiley" date="2020-12-15" severity="major" type="created"/>
</wileyml:revisionGroup>
<item ext:type="14" ident="item-0001">
<itemmetadata>
<qmd_computerscored>Yes</qmd_computerscored>
<qmd_feedbackpermitted>Yes</qmd_feedbackpermitted>
<qmd_scoringpermitted>Yes</qmd_scoringpermitted>
<qmd_toolvendor>John Wiley and Sons Inc.</qmd_toolvendor>
<qmd_solutionspermitted>Yes</qmd_solutionspermitted>
</itemmetadata>
<presentation>
<wileyml:p>What is 802.1x?</wileyml:p>
<response_lid ident="fc735380.SecPl.RG5E.191">
<render_choice>
<response_label ident="fc735380.SecPl.RG5E.191_01">
<wileyml:p>802.1x is a port‐based authentication mechanism. 802.1x is based on Extensible Authentication Protocol (EAP) and is commonly used in closed environment wireless networks. However, 802.1x is not exclusively used on wireless access points; it can also be used on firewalls, proxies, VPN gateways, and other locations where an authentication handoff service is desired. Think of 802.1x as an authentication proxy.</wileyml:p>
</response_label>
</render_choice>
</response_lid>
</presentation>
<resprocessing>
<outcomes>
<decvar varname="REALSCORE"/>
</outcomes>
<respcondition>
<qticomment>Correct answer</qticomment>
<conditionvar>
<varequal respident="fc735380.SecPl.RG5E.191">fc735380.SecPl.RG5E.191_01</varequal>
</conditionvar>
<setvar action="Add" varname="REALSCORE">1</setvar>
</respcondition>
</resprocessing>
</item>
</questestinterop>