<?xml version="1.0" encoding="UTF-8"?><questestinterop xmlns="http://www.wiley.com/namespaces/wiley/qti" xmlns:ext="http://www.wiley.com/namespaces/wiley/qti/ext" xmlns:mml="http://www.w3.org/1998/Math/MathML" xmlns:wiley="http://www.wiley.com/namespaces/wiley/wiley" xmlns:wileyml="http://www.wiley.com/namespaces/wiley" ext:guid="bac625fa-029b-4c3f-baad-a4c818a36801" xml:id="fc735380.SecPl.RG5E.078">
<wileyml:revisionGroup>
<wileyml:revision agent="Wiley" date="2020-12-15" severity="major" type="created"/>
</wileyml:revisionGroup>
<item ext:type="14" ident="item-0001">
<itemmetadata>
<qmd_computerscored>Yes</qmd_computerscored>
<qmd_feedbackpermitted>Yes</qmd_feedbackpermitted>
<qmd_scoringpermitted>Yes</qmd_scoringpermitted>
<qmd_toolvendor>John Wiley and Sons Inc.</qmd_toolvendor>
<qmd_solutionspermitted>Yes</qmd_solutionspermitted>
</itemmetadata>
<presentation>
<wileyml:p>What is NAT?</wileyml:p>
<response_lid ident="fc735380.SecPl.RG5E.078">
<render_choice>
<response_label ident="fc735380.SecPl.RG5E.078_01">
<wileyml:p>Network address translation (NAT) converts the IP addresses of internal systems found in the header of network packets into public IP addresses. It allows the use of private IP addresses (RFC 1918).</wileyml:p>
</response_label>
</render_choice>
</response_lid>
</presentation>
<resprocessing>
<outcomes>
<decvar varname="REALSCORE"/>
</outcomes>
<respcondition>
<qticomment>Correct answer</qticomment>
<conditionvar>
<varequal respident="fc735380.SecPl.RG5E.078">fc735380.SecPl.RG5E.078_01</varequal>
</conditionvar>
<setvar action="Add" varname="REALSCORE">1</setvar>
</respcondition>
</resprocessing>
</item>
</questestinterop>