<?xml version="1.0" encoding="UTF-8"?><questestinterop xmlns="http://www.wiley.com/namespaces/wiley/qti" xmlns:ext="http://www.wiley.com/namespaces/wiley/qti/ext" xmlns:mml="http://www.w3.org/1998/Math/MathML" xmlns:wiley="http://www.wiley.com/namespaces/wiley/wiley" xmlns:wileyml="http://www.wiley.com/namespaces/wiley" ext:guid="86a00fa6-2750-41a9-a838-d62b278106bc" xml:id="fc735380.SecPl.RG5E.030">
<wileyml:revisionGroup>
<wileyml:revision agent="Wiley" date="2020-12-15" severity="major" type="created"/>
</wileyml:revisionGroup>
<item ext:type="14" ident="item-0001">
<itemmetadata>
<qmd_computerscored>Yes</qmd_computerscored>
<qmd_feedbackpermitted>Yes</qmd_feedbackpermitted>
<qmd_scoringpermitted>Yes</qmd_scoringpermitted>
<qmd_toolvendor>John Wiley and Sons Inc.</qmd_toolvendor>
<qmd_solutionspermitted>Yes</qmd_solutionspermitted>
</itemmetadata>
<presentation>
<wileyml:p>What is a VPN?</wileyml:p>
<response_lid ident="fc735380.SecPl.RG5E.030">
<render_choice>
<response_label ident="fc735380.SecPl.RG5E.030_01">
<wileyml:p>A virtual private network (VPN) is a communication tunnel between two entities across an intermediary network.</wileyml:p>
</response_label>
</render_choice>
</response_lid>
</presentation>
<resprocessing>
<outcomes>
<decvar varname="REALSCORE"/>
</outcomes>
<respcondition>
<qticomment>Correct answer</qticomment>
<conditionvar>
<varequal respident="fc735380.SecPl.RG5E.030">fc735380.SecPl.RG5E.030_01</varequal>
</conditionvar>
<setvar action="Add" varname="REALSCORE">1</setvar>
</respcondition>
</resprocessing>
</item>
</questestinterop>