<?xml version="1.0" encoding="UTF-8"?><questestinterop xmlns="http://www.wiley.com/namespaces/wiley/qti" xmlns:ext="http://www.wiley.com/namespaces/wiley/qti/ext" xmlns:mml="http://www.w3.org/1998/Math/MathML" xmlns:wiley="http://www.wiley.com/namespaces/wiley/wiley" xmlns:wileyml="http://www.wiley.com/namespaces/wiley" ext:guid="65625148-7ff4-4d4a-bbc9-8a04e58980ed" xml:id="fc617624.JaSE11PrgIISG.f1.010">
<wileyml:revisionGroup>
<wileyml:revision agent="Wiley" date="2020-05-15" severity="major" type="created"/>
</wileyml:revisionGroup>
<item ext:type="14" ident="item-0001">
<itemmetadata>
<qmd_computerscored>Yes</qmd_computerscored>
<qmd_feedbackpermitted>Yes</qmd_feedbackpermitted>
<qmd_scoringpermitted>Yes</qmd_scoringpermitted>
<qmd_toolvendor>John Wiley and Sons Inc.</qmd_toolvendor>
<qmd_solutionspermitted>Yes</qmd_solutionspermitted>
</itemmetadata>
<presentation>
<wileyml:p>Given an enum <wileyml:span semantics="computerUserInput">Seasons</wileyml:span>, with values <wileyml:span semantics="computerUserInput">Seasons.FALL</wileyml:span>, <wileyml:span semantics="computerUserInput">Seasons.WINTER</wileyml:span>, <wileyml:span semantics="computerUserInput">Seasons.SPRING</wileyml:span>, and <wileyml:span semantics="computerUserInput">Seasons.SUMMER</wileyml:span> and a <wileyml:span semantics="computerUserInput">switch</wileyml:span> statement that uses this enum, what format should the <wileyml:span semantics="computerUserInput">case</wileyml:span> values be in?</wileyml:p>
<response_lid ident="fc617624.JaSE11PrgIISG.f1.010">
<render_choice>
<response_label ident="fc617624.JaSE11PrgIISG.f1.010_01">
<wileyml:p>They should be written without the enum name, such as <wileyml:span semantics="computerUserInput">case FALL</wileyml:span>, not <wileyml:span semantics="computerUserInput">case Seasons.FALL</wileyml:span>, which does not compile.</wileyml:p>
</response_label>
</render_choice>
</response_lid>
</presentation>
<resprocessing>
<outcomes>
<decvar varname="REALSCORE"/>
</outcomes>
<respcondition>
<qticomment>Correct answer</qticomment>
<conditionvar>
<varequal respident="fc617624.JaSE11PrgIISG.f1.010">fc617624.JaSE11PrgIISG.f1.010_01</varequal>
</conditionvar>
<setvar action="Add" varname="REALSCORE">1</setvar>
</respcondition>
</resprocessing>
</item>
</questestinterop>