<?xml version="1.0" encoding="UTF-8"?><questestinterop xmlns="http://www.wiley.com/namespaces/wiley/qti" xmlns:ext="http://www.wiley.com/namespaces/wiley/qti/ext" xmlns:mml="http://www.w3.org/1998/Math/MathML" xmlns:wiley="http://www.wiley.com/namespaces/wiley/wiley" xmlns:wileyml="http://www.wiley.com/namespaces/wiley" ext:guid="8feaec56-b375-4ef2-85ca-beea2fc303d4" xml:id="fc617624.JaSE11PrgIISG.f1.023">
<wileyml:revisionGroup>
<wileyml:revision agent="Wiley" date="2020-05-15" severity="major" type="created"/>
</wileyml:revisionGroup>
<item ext:type="14" ident="item-0001">
<itemmetadata>
<qmd_computerscored>Yes</qmd_computerscored>
<qmd_feedbackpermitted>Yes</qmd_feedbackpermitted>
<qmd_scoringpermitted>Yes</qmd_scoringpermitted>
<qmd_toolvendor>John Wiley and Sons Inc.</qmd_toolvendor>
<qmd_solutionspermitted>Yes</qmd_solutionspermitted>
</itemmetadata>
<presentation>
<wileyml:p>Annotation elements must be of what type?</wileyml:p>
<response_lid ident="fc617624.JaSE11PrgIISG.f1.023">
<render_choice>
<response_label ident="fc617624.JaSE11PrgIISG.f1.023_01">
<wileyml:p>A primitive type, a <wileyml:span semantics="computerUserInput">String</wileyml:span>, a <wileyml:span semantics="computerUserInput">Class</wileyml:span>, an <wileyml:span semantics="computerUserInput">enum</wileyml:span>, another annotation, or an array of any of these types</wileyml:p>
</response_label>
</render_choice>
</response_lid>
</presentation>
<resprocessing>
<outcomes>
<decvar varname="REALSCORE"/>
</outcomes>
<respcondition>
<qticomment>Correct answer</qticomment>
<conditionvar>
<varequal respident="fc617624.JaSE11PrgIISG.f1.023">fc617624.JaSE11PrgIISG.f1.023_01</varequal>
</conditionvar>
<setvar action="Add" varname="REALSCORE">1</setvar>
</respcondition>
</resprocessing>
</item>
</questestinterop>