<?xml version="1.0" encoding="UTF-8"?><questestinterop xmlns="http://www.wiley.com/namespaces/wiley/qti" xmlns:ext="http://www.wiley.com/namespaces/wiley/qti/ext" xmlns:mml="http://www.w3.org/1998/Math/MathML" xmlns:wiley="http://www.wiley.com/namespaces/wiley/wiley" xmlns:wileyml="http://www.wiley.com/namespaces/wiley" ext:guid="8cdf21a8-b00c-4aec-a68e-e08791d3c9be" xml:id="fc617624.JaSE11PrgIISG.f1.033">
<wileyml:revisionGroup>
<wileyml:revision agent="Wiley" date="2020-05-15" severity="major" type="created"/>
</wileyml:revisionGroup>
<item ext:type="14" ident="item-0001">
<itemmetadata>
<qmd_computerscored>Yes</qmd_computerscored>
<qmd_feedbackpermitted>Yes</qmd_feedbackpermitted>
<qmd_scoringpermitted>Yes</qmd_scoringpermitted>
<qmd_toolvendor>John Wiley and Sons Inc.</qmd_toolvendor>
<qmd_solutionspermitted>Yes</qmd_solutionspermitted>
</itemmetadata>
<presentation>
<wileyml:p>True or false? We can add an element to a <wileyml:span semantics="computerUserInput">List&lt;?&gt;</wileyml:span>.</wileyml:p>
<response_lid ident="fc617624.JaSE11PrgIISG.f1.033">
<render_choice>
<response_label ident="fc617624.JaSE11PrgIISG.f1.033_01">
<wileyml:p>False. <wileyml:span semantics="computerUserInput">List&lt;Object&gt;</wileyml:span> allows adding to the <wileyml:span semantics="computerUserInput">List</wileyml:span>. <wileyml:span semantics="computerUserInput">List&lt;?&gt;</wileyml:span> does not because it could be a list of any type.</wileyml:p>
</response_label>
</render_choice>
</response_lid>
</presentation>
<resprocessing>
<outcomes>
<decvar varname="REALSCORE"/>
</outcomes>
<respcondition>
<qticomment>Correct answer</qticomment>
<conditionvar>
<varequal respident="fc617624.JaSE11PrgIISG.f1.033">fc617624.JaSE11PrgIISG.f1.033_01</varequal>
</conditionvar>
<setvar action="Add" varname="REALSCORE">1</setvar>
</respcondition>
</resprocessing>
</item>
</questestinterop>