<?xml version="1.0" encoding="UTF-8"?><questestinterop xmlns="http://www.wiley.com/namespaces/wiley/qti" xmlns:ext="http://www.wiley.com/namespaces/wiley/qti/ext" xmlns:mml="http://www.w3.org/1998/Math/MathML" xmlns:wiley="http://www.wiley.com/namespaces/wiley/wiley" xmlns:wileyml="http://www.wiley.com/namespaces/wiley" ext:guid="5880a9dc-b415-4782-929e-260ec533104d" xml:id="fc617624.JaSE11PrgIISG.f1.024">
<wileyml:revisionGroup>
<wileyml:revision agent="Wiley" date="2020-05-15" severity="major" type="created"/>
</wileyml:revisionGroup>
<item ext:type="14" ident="item-0001">
<itemmetadata>
<qmd_computerscored>Yes</qmd_computerscored>
<qmd_feedbackpermitted>Yes</qmd_feedbackpermitted>
<qmd_scoringpermitted>Yes</qmd_scoringpermitted>
<qmd_toolvendor>John Wiley and Sons Inc.</qmd_toolvendor>
<qmd_solutionspermitted>Yes</qmd_solutionspermitted>
</itemmetadata>
<presentation>
<wileyml:p>Write code to declare an <wileyml:span semantics="computerUserInput">ArrayList</wileyml:span> of <wileyml:span semantics="computerUserInput">Integer</wileyml:span> objects using the diamond operator and store it in a <wileyml:span semantics="computerUserInput">List</wileyml:span>.</wileyml:p>
<response_lid ident="fc617624.JaSE11PrgIISG.f1.024">
<render_choice>
<response_label ident="fc617624.JaSE11PrgIISG.f1.024_01">
<wileyml:p><wileyml:span semantics="computerUserInput">List&lt;Integer&gt; list = new ArrayList&lt;&gt;();</wileyml:span></wileyml:p>
</response_label>
</render_choice>
</response_lid>
</presentation>
<resprocessing>
<outcomes>
<decvar varname="REALSCORE"/>
</outcomes>
<respcondition>
<qticomment>Correct answer</qticomment>
<conditionvar>
<varequal respident="fc617624.JaSE11PrgIISG.f1.024">fc617624.JaSE11PrgIISG.f1.024_01</varequal>
</conditionvar>
<setvar action="Add" varname="REALSCORE">1</setvar>
</respcondition>
</resprocessing>
</item>
</questestinterop>