<?xml version="1.0" encoding="UTF-8"?><questestinterop xmlns="http://www.wiley.com/namespaces/wiley/qti" xmlns:ext="http://www.wiley.com/namespaces/wiley/qti/ext" xmlns:mml="http://www.w3.org/1998/Math/MathML" xmlns:wiley="http://www.wiley.com/namespaces/wiley/wiley" xmlns:wileyml="http://www.wiley.com/namespaces/wiley" ext:guid="82f1cfa1-c88a-42f2-91fc-00a13e059976" xml:id="fc617624.JaSE11PrgIISG.f1.001">
<wileyml:revisionGroup>
<wileyml:revision agent="Wiley" date="2020-05-15" severity="major" type="created"/>
</wileyml:revisionGroup>
<item ext:type="14" ident="item-0001">
<itemmetadata>
<qmd_computerscored>Yes</qmd_computerscored>
<qmd_feedbackpermitted>Yes</qmd_feedbackpermitted>
<qmd_scoringpermitted>Yes</qmd_scoringpermitted>
<qmd_toolvendor>John Wiley and Sons Inc.</qmd_toolvendor>
<qmd_solutionspermitted>Yes</qmd_solutionspermitted>
</itemmetadata>
<presentation>
<wileyml:p>Given an outer class <wileyml:span semantics="computerUserInput">Opossum</wileyml:span> and its inner class <wileyml:span semantics="computerUserInput">Tail</wileyml:span>, how would you create an instance of <wileyml:span semantics="computerUserInput">Tail</wileyml:span> within a <wileyml:span semantics="computerUserInput">static</wileyml:span> method of <wileyml:span semantics="computerUserInput">Opossum</wileyml:span>?</wileyml:p>
<response_lid ident="fc617624.JaSE11PrgIISG.f1.001">
<render_choice>
<response_label ident="fc617624.JaSE11PrgIISG.f1.001_01">
<wileyml:p><wileyml:span semantics="computerUserInput">new Opossum().new Tail()</wileyml:span></wileyml:p>
</response_label>
</render_choice>
</response_lid>
</presentation>
<resprocessing>
<outcomes>
<decvar varname="REALSCORE"/>
</outcomes>
<respcondition>
<qticomment>Correct answer</qticomment>
<conditionvar>
<varequal respident="fc617624.JaSE11PrgIISG.f1.001">fc617624.JaSE11PrgIISG.f1.001_01</varequal>
</conditionvar>
<setvar action="Add" varname="REALSCORE">1</setvar>
</respcondition>
</resprocessing>
</item>
</questestinterop>