<?xml version="1.0" encoding="UTF-8"?><questestinterop xmlns="http://www.wiley.com/namespaces/wiley/qti" xmlns:ext="http://www.wiley.com/namespaces/wiley/qti/ext" xmlns:mml="http://www.w3.org/1998/Math/MathML" xmlns:wiley="http://www.wiley.com/namespaces/wiley/wiley" xmlns:wileyml="http://www.wiley.com/namespaces/wiley" ext:guid="72cecde5-fc76-4728-8a07-00798072c2f1" xml:id="fc617624.JaSE11PrgIISG.f1.034">
<wileyml:revisionGroup>
<wileyml:revision agent="Wiley" date="2020-05-15" severity="major" type="created"/>
</wileyml:revisionGroup>
<item ext:type="14" ident="item-0001">
<itemmetadata>
<qmd_computerscored>Yes</qmd_computerscored>
<qmd_feedbackpermitted>Yes</qmd_feedbackpermitted>
<qmd_scoringpermitted>Yes</qmd_scoringpermitted>
<qmd_toolvendor>John Wiley and Sons Inc.</qmd_toolvendor>
<qmd_solutionspermitted>Yes</qmd_solutionspermitted>
</itemmetadata>
<presentation>
<wileyml:p>What three methods taking a lambda as a parameter can you call directly on an <wileyml:span semantics="computerUserInput">ArrayList</wileyml:span> (without using a stream)?</wileyml:p>
<response_lid ident="fc617624.JaSE11PrgIISG.f1.034">
<render_choice>
<response_label ident="fc617624.JaSE11PrgIISG.f1.034_01">
<wileyml:p><wileyml:span semantics="computerUserInput">forEach</wileyml:span>, <wileyml:span semantics="computerUserInput">removeIf</wileyml:span>, and <wileyml:span semantics="computerUserInput">replaceAll</wileyml:span></wileyml:p>
</response_label>
</render_choice>
</response_lid>
</presentation>
<resprocessing>
<outcomes>
<decvar varname="REALSCORE"/>
</outcomes>
<respcondition>
<qticomment>Correct answer</qticomment>
<conditionvar>
<varequal respident="fc617624.JaSE11PrgIISG.f1.034">fc617624.JaSE11PrgIISG.f1.034_01</varequal>
</conditionvar>
<setvar action="Add" varname="REALSCORE">1</setvar>
</respcondition>
</resprocessing>
</item>
</questestinterop>