<?xml version="1.0" encoding="UTF-8"?><questestinterop xmlns="http://www.wiley.com/namespaces/wiley/qti" xmlns:ext="http://www.wiley.com/namespaces/wiley/qti/ext" xmlns:mml="http://www.w3.org/1998/Math/MathML" xmlns:wiley="http://www.wiley.com/namespaces/wiley/wiley" xmlns:wileyml="http://www.wiley.com/namespaces/wiley" ext:guid="e9a0ffa9-1d71-46de-ae7f-3cede8f9dd7e" xml:id="fc617624.JaSE11PrgIISG.f1.030">
<wileyml:revisionGroup>
<wileyml:revision agent="Wiley" date="2020-05-15" severity="major" type="created"/>
</wileyml:revisionGroup>
<item ext:type="14" ident="item-0001">
<itemmetadata>
<qmd_computerscored>Yes</qmd_computerscored>
<qmd_feedbackpermitted>Yes</qmd_feedbackpermitted>
<qmd_scoringpermitted>Yes</qmd_scoringpermitted>
<qmd_toolvendor>John Wiley and Sons Inc.</qmd_toolvendor>
<qmd_solutionspermitted>Yes</qmd_solutionspermitted>
</itemmetadata>
<presentation>
<wileyml:p>Does this code compile? <wileyml:span semantics="computerUserInput">List&lt;? extends Number&gt; listOfNumbers = new ArrayList&lt;Number&gt;();</wileyml:span></wileyml:p>
<response_lid ident="fc617624.JaSE11PrgIISG.f1.030">
<render_choice>
<response_label ident="fc617624.JaSE11PrgIISG.f1.030_01">
<wileyml:p>Yes. For upper and lower bounds, the <wileyml:span semantics="computerUserInput">extends</wileyml:span> and <wileyml:span semantics="computerUserInput">super</wileyml:span> keywords include the class itself.</wileyml:p>
</response_label>
</render_choice>
</response_lid>
</presentation>
<resprocessing>
<outcomes>
<decvar varname="REALSCORE"/>
</outcomes>
<respcondition>
<qticomment>Correct answer</qticomment>
<conditionvar>
<varequal respident="fc617624.JaSE11PrgIISG.f1.030">fc617624.JaSE11PrgIISG.f1.030_01</varequal>
</conditionvar>
<setvar action="Add" varname="REALSCORE">1</setvar>
</respcondition>
</resprocessing>
</item>
</questestinterop>