<?xml version="1.0" encoding="UTF-8"?><questestinterop xmlns="http://www.wiley.com/namespaces/wiley/qti" xmlns:ext="http://www.wiley.com/namespaces/wiley/qti/ext" xmlns:mml="http://www.w3.org/1998/Math/MathML" xmlns:wiley="http://www.wiley.com/namespaces/wiley/wiley" xmlns:wileyml="http://www.wiley.com/namespaces/wiley" ext:guid="874607c3-2445-4b5d-97fd-fabc474d3a77" xml:id="fc617624.JaSE11PrgIISG.f1.038">
<wileyml:revisionGroup>
<wileyml:revision agent="Wiley" date="2020-05-15" severity="major" type="created"/>
</wileyml:revisionGroup>
<item ext:type="14" ident="item-0001">
<itemmetadata>
<qmd_computerscored>Yes</qmd_computerscored>
<qmd_feedbackpermitted>Yes</qmd_feedbackpermitted>
<qmd_scoringpermitted>Yes</qmd_scoringpermitted>
<qmd_toolvendor>John Wiley and Sons Inc.</qmd_toolvendor>
<qmd_solutionspermitted>Yes</qmd_solutionspermitted>
</itemmetadata>
<presentation>
<wileyml:p>Name a terminal operation that returns an <wileyml:span semantics="computerUserInput">Optional</wileyml:span>.</wileyml:p>
<response_lid ident="fc617624.JaSE11PrgIISG.f1.038">
<render_choice>
<response_label ident="fc617624.JaSE11PrgIISG.f1.038_01">
<wileyml:p><wileyml:span semantics="computerUserInput">findAny()</wileyml:span>, <wileyml:span semantics="computerUserInput">findFirst()</wileyml:span>, <wileyml:span semantics="computerUserInput">min()</wileyml:span>, or <wileyml:span semantics="computerUserInput">max()</wileyml:span></wileyml:p>
</response_label>
</render_choice>
</response_lid>
</presentation>
<resprocessing>
<outcomes>
<decvar varname="REALSCORE"/>
</outcomes>
<respcondition>
<qticomment>Correct answer</qticomment>
<conditionvar>
<varequal respident="fc617624.JaSE11PrgIISG.f1.038">fc617624.JaSE11PrgIISG.f1.038_01</varequal>
</conditionvar>
<setvar action="Add" varname="REALSCORE">1</setvar>
</respcondition>
</resprocessing>
</item>
</questestinterop>